ISO-10303-21;
HEADER;
/* Generated by software containing ST-Developer
 * from STEP Tools, Inc. (www.steptools.com) 
 */

FILE_DESCRIPTION(
/* description */ (''),
/* implementation_level */ '2;1');

FILE_NAME(
/* name */ 'body.step',
/* time_stamp */ '2026-08-23T17:01:01+05:30',
/* author */ (''),
/* organization */ (''),
/* preprocessor_version */ 'ST-DEVELOPER v20.1',
/* originating_system */ 'Autodesk Translation Framework v15.8.0.0',
/* authorisation */ '');

FILE_SCHEMA (('AUTOMOTIVE_DESIGN { 1 0 10303 214 3 1 1 }'));
ENDSEC;

DATA;
#10=MECHANICAL_DESIGN_GEOMETRIC_PRESENTATION_REPRESENTATION('',(#13),#9981);
#11=SHAPE_REPRESENTATION_RELATIONSHIP('SRR','None',#9988,#12);
#12=ADVANCED_BREP_SHAPE_REPRESENTATION('',(#14),#9980);
#13=STYLED_ITEM('',(#9997),#14);
#14=MANIFOLD_SOLID_BREP('Body3',#6027);
#15=FACE_BOUND('',#690,.T.);
#16=FACE_BOUND('',#691,.T.);
#17=FACE_BOUND('',#692,.T.);
#18=FACE_BOUND('',#693,.T.);
#19=FACE_BOUND('',#706,.T.);
#20=FACE_BOUND('',#707,.T.);
#21=FACE_BOUND('',#708,.T.);
#22=FACE_BOUND('',#709,.T.);
#23=FACE_BOUND('',#723,.T.);
#24=FACE_BOUND('',#724,.T.);
#25=FACE_BOUND('',#725,.T.);
#26=FACE_BOUND('',#726,.T.);
#27=FACE_BOUND('',#742,.T.);
#28=FACE_BOUND('',#743,.T.);
#29=FACE_BOUND('',#744,.T.);
#30=FACE_BOUND('',#745,.T.);
#31=FACE_BOUND('',#755,.T.);
#32=FACE_BOUND('',#756,.T.);
#33=FACE_BOUND('',#757,.T.);
#34=FACE_BOUND('',#758,.T.);
#35=FACE_BOUND('',#801,.T.);
#36=FACE_BOUND('',#802,.T.);
#37=FACE_BOUND('',#803,.T.);
#38=FACE_BOUND('',#804,.T.);
#39=FACE_BOUND('',#805,.T.);
#40=FACE_BOUND('',#806,.T.);
#41=FACE_BOUND('',#807,.T.);
#42=FACE_BOUND('',#808,.T.);
#43=FACE_BOUND('',#856,.T.);
#44=FACE_BOUND('',#897,.T.);
#45=FACE_BOUND('',#898,.T.);
#46=FACE_BOUND('',#899,.T.);
#47=FACE_BOUND('',#900,.T.);
#48=FACE_BOUND('',#943,.T.);
#49=FACE_BOUND('',#944,.T.);
#50=FACE_BOUND('',#945,.T.);
#51=FACE_BOUND('',#946,.T.);
#52=PLANE('',#6044);
#53=PLANE('',#6048);
#54=PLANE('',#6052);
#55=PLANE('',#6056);
#56=PLANE('',#6057);
#57=PLANE('',#6061);
#58=PLANE('',#6065);
#59=PLANE('',#6069);
#60=PLANE('',#6073);
#61=PLANE('',#6077);
#62=PLANE('',#6081);
#63=PLANE('',#6085);
#64=PLANE('',#6089);
#65=PLANE('',#6093);
#66=PLANE('',#6097);
#67=PLANE('',#6101);
#68=PLANE('',#6105);
#69=PLANE('',#6109);
#70=PLANE('',#6113);
#71=PLANE('',#6117);
#72=PLANE('',#6124);
#73=PLANE('',#6128);
#74=PLANE('',#6132);
#75=PLANE('',#6136);
#76=PLANE('',#6137);
#77=PLANE('',#6146);
#78=PLANE('',#6150);
#79=PLANE('',#6151);
#80=PLANE('',#6160);
#81=PLANE('',#6166);
#82=PLANE('',#6170);
#83=PLANE('',#6171);
#84=PLANE('',#6180);
#85=PLANE('',#6184);
#86=PLANE('',#6188);
#87=PLANE('',#6192);
#88=PLANE('',#6196);
#89=PLANE('',#6200);
#90=PLANE('',#6204);
#91=PLANE('',#6208);
#92=PLANE('',#6212);
#93=PLANE('',#6216);
#94=PLANE('',#6220);
#95=PLANE('',#6224);
#96=PLANE('',#6225);
#97=PLANE('',#6226);
#98=PLANE('',#6227);
#99=PLANE('',#6228);
#100=PLANE('',#6229);
#101=PLANE('',#6230);
#102=PLANE('',#6235);
#103=PLANE('',#6236);
#104=PLANE('',#6237);
#105=PLANE('',#6238);
#106=PLANE('',#6239);
#107=PLANE('',#6240);
#108=PLANE('',#6241);
#109=PLANE('',#6242);
#110=PLANE('',#6243);
#111=PLANE('',#6244);
#112=PLANE('',#6245);
#113=PLANE('',#6246);
#114=PLANE('',#6251);
#115=PLANE('',#6254);
#116=PLANE('',#6255);
#117=PLANE('',#6256);
#118=PLANE('',#6257);
#119=PLANE('',#6258);
#120=PLANE('',#6259);
#121=PLANE('',#6260);
#122=PLANE('',#6261);
#123=PLANE('',#6262);
#124=PLANE('',#6263);
#125=PLANE('',#6264);
#126=PLANE('',#6265);
#127=PLANE('',#6270);
#128=PLANE('',#6271);
#129=PLANE('',#6272);
#130=PLANE('',#6273);
#131=PLANE('',#6274);
#132=PLANE('',#6275);
#133=PLANE('',#6276);
#134=PLANE('',#6277);
#135=PLANE('',#6278);
#136=PLANE('',#6279);
#137=PLANE('',#6280);
#138=PLANE('',#6281);
#139=PLANE('',#6282);
#140=PLANE('',#6283);
#141=PLANE('',#6284);
#142=PLANE('',#6289);
#143=PLANE('',#6291);
#144=PLANE('',#6292);
#145=PLANE('',#6293);
#146=PLANE('',#6294);
#147=PLANE('',#6295);
#148=PLANE('',#6296);
#149=PLANE('',#6297);
#150=PLANE('',#6298);
#151=PLANE('',#6303);
#152=PLANE('',#6304);
#153=PLANE('',#6310);
#154=PLANE('',#6311);
#155=PLANE('',#6312);
#156=PLANE('',#6313);
#157=PLANE('',#6314);
#158=PLANE('',#6315);
#159=PLANE('',#6316);
#160=PLANE('',#6317);
#161=PLANE('',#6324);
#162=PLANE('',#6325);
#163=PLANE('',#6326);
#164=PLANE('',#6327);
#165=PLANE('',#6329);
#166=PLANE('',#6334);
#167=PLANE('',#6335);
#168=PLANE('',#6336);
#169=PLANE('',#6337);
#170=PLANE('',#6338);
#171=PLANE('',#6339);
#172=PLANE('',#6340);
#173=PLANE('',#6341);
#174=PLANE('',#6342);
#175=PLANE('',#6343);
#176=PLANE('',#6344);
#177=PLANE('',#6345);
#178=PLANE('',#6346);
#179=PLANE('',#6347);
#180=PLANE('',#6348);
#181=PLANE('',#6349);
#182=PLANE('',#6350);
#183=PLANE('',#6351);
#184=PLANE('',#6352);
#185=PLANE('',#6353);
#186=PLANE('',#6354);
#187=PLANE('',#6355);
#188=PLANE('',#6356);
#189=PLANE('',#6358);
#190=PLANE('',#6359);
#191=PLANE('',#6362);
#192=PLANE('',#6363);
#193=PLANE('',#6368);
#194=PLANE('',#6380);
#195=PLANE('',#6381);
#196=PLANE('',#6382);
#197=PLANE('',#6385);
#198=PLANE('',#6386);
#199=PLANE('',#6387);
#200=PLANE('',#6392);
#201=PLANE('',#6393);
#202=PLANE('',#6394);
#203=PLANE('',#6395);
#204=PLANE('',#6396);
#205=PLANE('',#6398);
#206=PLANE('',#6401);
#207=PLANE('',#6403);
#208=PLANE('',#6405);
#209=PLANE('',#6406);
#210=PLANE('',#6407);
#211=PLANE('',#6410);
#212=PLANE('',#6413);
#213=PLANE('',#6415);
#214=PLANE('',#6416);
#215=PLANE('',#6421);
#216=PLANE('',#6422);
#217=PLANE('',#6423);
#218=PLANE('',#6424);
#219=PLANE('',#6425);
#220=PLANE('',#6428);
#221=PLANE('',#6429);
#222=PLANE('',#6432);
#223=PLANE('',#6437);
#224=PLANE('',#6438);
#225=PLANE('',#6439);
#226=PLANE('',#6440);
#227=PLANE('',#6441);
#228=PLANE('',#6442);
#229=PLANE('',#6443);
#230=PLANE('',#6447);
#231=PLANE('',#6451);
#232=PLANE('',#6455);
#233=PLANE('',#6456);
#234=PLANE('',#6457);
#235=PLANE('',#6458);
#236=PLANE('',#6459);
#237=PLANE('',#6460);
#238=PLANE('',#6461);
#239=PLANE('',#6462);
#240=PLANE('',#6467);
#241=PLANE('',#6470);
#242=PLANE('',#6473);
#243=PLANE('',#6474);
#244=PLANE('',#6475);
#245=PLANE('',#6476);
#246=PLANE('',#6477);
#247=PLANE('',#6478);
#248=PLANE('',#6479);
#249=PLANE('',#6483);
#250=PLANE('',#6487);
#251=PLANE('',#6491);
#252=PLANE('',#6492);
#253=PLANE('',#6493);
#254=PLANE('',#6494);
#255=PLANE('',#6495);
#256=PLANE('',#6496);
#257=PLANE('',#6499);
#258=PLANE('',#6502);
#259=PLANE('',#6505);
#260=PLANE('',#6506);
#261=PLANE('',#6509);
#262=PLANE('',#6512);
#263=PLANE('',#6513);
#264=PLANE('',#6514);
#265=PLANE('',#6517);
#266=PLANE('',#6518);
#267=PLANE('',#6521);
#268=PLANE('',#6524);
#269=PLANE('',#6527);
#270=PLANE('',#6530);
#271=PLANE('',#6531);
#272=PLANE('',#6532);
#273=PLANE('',#6533);
#274=PLANE('',#6534);
#275=PLANE('',#6535);
#276=PLANE('',#6537);
#277=PLANE('',#6539);
#278=PLANE('',#6541);
#279=PLANE('',#6542);
#280=PLANE('',#6543);
#281=PLANE('',#6547);
#282=FACE_OUTER_BOUND('',#596,.T.);
#283=FACE_OUTER_BOUND('',#597,.T.);
#284=FACE_OUTER_BOUND('',#598,.T.);
#285=FACE_OUTER_BOUND('',#599,.T.);
#286=FACE_OUTER_BOUND('',#600,.T.);
#287=FACE_OUTER_BOUND('',#601,.T.);
#288=FACE_OUTER_BOUND('',#602,.T.);
#289=FACE_OUTER_BOUND('',#603,.T.);
#290=FACE_OUTER_BOUND('',#604,.T.);
#291=FACE_OUTER_BOUND('',#605,.T.);
#292=FACE_OUTER_BOUND('',#606,.T.);
#293=FACE_OUTER_BOUND('',#607,.T.);
#294=FACE_OUTER_BOUND('',#608,.T.);
#295=FACE_OUTER_BOUND('',#609,.T.);
#296=FACE_OUTER_BOUND('',#610,.T.);
#297=FACE_OUTER_BOUND('',#611,.T.);
#298=FACE_OUTER_BOUND('',#612,.T.);
#299=FACE_OUTER_BOUND('',#613,.T.);
#300=FACE_OUTER_BOUND('',#614,.T.);
#301=FACE_OUTER_BOUND('',#615,.T.);
#302=FACE_OUTER_BOUND('',#616,.T.);
#303=FACE_OUTER_BOUND('',#617,.T.);
#304=FACE_OUTER_BOUND('',#618,.T.);
#305=FACE_OUTER_BOUND('',#619,.T.);
#306=FACE_OUTER_BOUND('',#620,.T.);
#307=FACE_OUTER_BOUND('',#621,.T.);
#308=FACE_OUTER_BOUND('',#622,.T.);
#309=FACE_OUTER_BOUND('',#623,.T.);
#310=FACE_OUTER_BOUND('',#624,.T.);
#311=FACE_OUTER_BOUND('',#625,.T.);
#312=FACE_OUTER_BOUND('',#626,.T.);
#313=FACE_OUTER_BOUND('',#627,.T.);
#314=FACE_OUTER_BOUND('',#628,.T.);
#315=FACE_OUTER_BOUND('',#629,.T.);
#316=FACE_OUTER_BOUND('',#630,.T.);
#317=FACE_OUTER_BOUND('',#631,.T.);
#318=FACE_OUTER_BOUND('',#632,.T.);
#319=FACE_OUTER_BOUND('',#633,.T.);
#320=FACE_OUTER_BOUND('',#634,.T.);
#321=FACE_OUTER_BOUND('',#635,.T.);
#322=FACE_OUTER_BOUND('',#636,.T.);
#323=FACE_OUTER_BOUND('',#637,.T.);
#324=FACE_OUTER_BOUND('',#638,.T.);
#325=FACE_OUTER_BOUND('',#639,.T.);
#326=FACE_OUTER_BOUND('',#640,.T.);
#327=FACE_OUTER_BOUND('',#641,.T.);
#328=FACE_OUTER_BOUND('',#642,.T.);
#329=FACE_OUTER_BOUND('',#643,.T.);
#330=FACE_OUTER_BOUND('',#644,.T.);
#331=FACE_OUTER_BOUND('',#645,.T.);
#332=FACE_OUTER_BOUND('',#646,.T.);
#333=FACE_OUTER_BOUND('',#647,.T.);
#334=FACE_OUTER_BOUND('',#648,.T.);
#335=FACE_OUTER_BOUND('',#649,.T.);
#336=FACE_OUTER_BOUND('',#650,.T.);
#337=FACE_OUTER_BOUND('',#651,.T.);
#338=FACE_OUTER_BOUND('',#652,.T.);
#339=FACE_OUTER_BOUND('',#653,.T.);
#340=FACE_OUTER_BOUND('',#654,.T.);
#341=FACE_OUTER_BOUND('',#655,.T.);
#342=FACE_OUTER_BOUND('',#656,.T.);
#343=FACE_OUTER_BOUND('',#657,.T.);
#344=FACE_OUTER_BOUND('',#658,.T.);
#345=FACE_OUTER_BOUND('',#659,.T.);
#346=FACE_OUTER_BOUND('',#660,.T.);
#347=FACE_OUTER_BOUND('',#661,.T.);
#348=FACE_OUTER_BOUND('',#662,.T.);
#349=FACE_OUTER_BOUND('',#663,.T.);
#350=FACE_OUTER_BOUND('',#664,.T.);
#351=FACE_OUTER_BOUND('',#665,.T.);
#352=FACE_OUTER_BOUND('',#666,.T.);
#353=FACE_OUTER_BOUND('',#667,.T.);
#354=FACE_OUTER_BOUND('',#668,.T.);
#355=FACE_OUTER_BOUND('',#669,.T.);
#356=FACE_OUTER_BOUND('',#670,.T.);
#357=FACE_OUTER_BOUND('',#671,.T.);
#358=FACE_OUTER_BOUND('',#672,.T.);
#359=FACE_OUTER_BOUND('',#673,.T.);
#360=FACE_OUTER_BOUND('',#674,.T.);
#361=FACE_OUTER_BOUND('',#675,.T.);
#362=FACE_OUTER_BOUND('',#676,.T.);
#363=FACE_OUTER_BOUND('',#677,.T.);
#364=FACE_OUTER_BOUND('',#678,.T.);
#365=FACE_OUTER_BOUND('',#679,.T.);
#366=FACE_OUTER_BOUND('',#680,.T.);
#367=FACE_OUTER_BOUND('',#681,.T.);
#368=FACE_OUTER_BOUND('',#682,.T.);
#369=FACE_OUTER_BOUND('',#683,.T.);
#370=FACE_OUTER_BOUND('',#684,.T.);
#371=FACE_OUTER_BOUND('',#685,.T.);
#372=FACE_OUTER_BOUND('',#686,.T.);
#373=FACE_OUTER_BOUND('',#687,.T.);
#374=FACE_OUTER_BOUND('',#688,.T.);
#375=FACE_OUTER_BOUND('',#689,.T.);
#376=FACE_OUTER_BOUND('',#694,.T.);
#377=FACE_OUTER_BOUND('',#695,.T.);
#378=FACE_OUTER_BOUND('',#696,.T.);
#379=FACE_OUTER_BOUND('',#697,.T.);
#380=FACE_OUTER_BOUND('',#698,.T.);
#381=FACE_OUTER_BOUND('',#699,.T.);
#382=FACE_OUTER_BOUND('',#700,.T.);
#383=FACE_OUTER_BOUND('',#701,.T.);
#384=FACE_OUTER_BOUND('',#702,.T.);
#385=FACE_OUTER_BOUND('',#703,.T.);
#386=FACE_OUTER_BOUND('',#704,.T.);
#387=FACE_OUTER_BOUND('',#705,.T.);
#388=FACE_OUTER_BOUND('',#710,.T.);
#389=FACE_OUTER_BOUND('',#711,.T.);
#390=FACE_OUTER_BOUND('',#712,.T.);
#391=FACE_OUTER_BOUND('',#713,.T.);
#392=FACE_OUTER_BOUND('',#714,.T.);
#393=FACE_OUTER_BOUND('',#715,.T.);
#394=FACE_OUTER_BOUND('',#716,.T.);
#395=FACE_OUTER_BOUND('',#717,.T.);
#396=FACE_OUTER_BOUND('',#718,.T.);
#397=FACE_OUTER_BOUND('',#719,.T.);
#398=FACE_OUTER_BOUND('',#720,.T.);
#399=FACE_OUTER_BOUND('',#721,.T.);
#400=FACE_OUTER_BOUND('',#722,.T.);
#401=FACE_OUTER_BOUND('',#727,.T.);
#402=FACE_OUTER_BOUND('',#728,.T.);
#403=FACE_OUTER_BOUND('',#729,.T.);
#404=FACE_OUTER_BOUND('',#730,.T.);
#405=FACE_OUTER_BOUND('',#731,.T.);
#406=FACE_OUTER_BOUND('',#732,.T.);
#407=FACE_OUTER_BOUND('',#733,.T.);
#408=FACE_OUTER_BOUND('',#734,.T.);
#409=FACE_OUTER_BOUND('',#735,.T.);
#410=FACE_OUTER_BOUND('',#736,.T.);
#411=FACE_OUTER_BOUND('',#737,.T.);
#412=FACE_OUTER_BOUND('',#738,.T.);
#413=FACE_OUTER_BOUND('',#739,.T.);
#414=FACE_OUTER_BOUND('',#740,.T.);
#415=FACE_OUTER_BOUND('',#741,.T.);
#416=FACE_OUTER_BOUND('',#746,.T.);
#417=FACE_OUTER_BOUND('',#747,.T.);
#418=FACE_OUTER_BOUND('',#748,.T.);
#419=FACE_OUTER_BOUND('',#749,.T.);
#420=FACE_OUTER_BOUND('',#750,.T.);
#421=FACE_OUTER_BOUND('',#751,.T.);
#422=FACE_OUTER_BOUND('',#752,.T.);
#423=FACE_OUTER_BOUND('',#753,.T.);
#424=FACE_OUTER_BOUND('',#754,.T.);
#425=FACE_OUTER_BOUND('',#759,.T.);
#426=FACE_OUTER_BOUND('',#760,.T.);
#427=FACE_OUTER_BOUND('',#761,.T.);
#428=FACE_OUTER_BOUND('',#762,.T.);
#429=FACE_OUTER_BOUND('',#763,.T.);
#430=FACE_OUTER_BOUND('',#764,.T.);
#431=FACE_OUTER_BOUND('',#765,.T.);
#432=FACE_OUTER_BOUND('',#766,.T.);
#433=FACE_OUTER_BOUND('',#767,.T.);
#434=FACE_OUTER_BOUND('',#768,.T.);
#435=FACE_OUTER_BOUND('',#769,.T.);
#436=FACE_OUTER_BOUND('',#770,.T.);
#437=FACE_OUTER_BOUND('',#771,.T.);
#438=FACE_OUTER_BOUND('',#772,.T.);
#439=FACE_OUTER_BOUND('',#773,.T.);
#440=FACE_OUTER_BOUND('',#774,.T.);
#441=FACE_OUTER_BOUND('',#775,.T.);
#442=FACE_OUTER_BOUND('',#776,.T.);
#443=FACE_OUTER_BOUND('',#777,.T.);
#444=FACE_OUTER_BOUND('',#778,.T.);
#445=FACE_OUTER_BOUND('',#779,.T.);
#446=FACE_OUTER_BOUND('',#780,.T.);
#447=FACE_OUTER_BOUND('',#781,.T.);
#448=FACE_OUTER_BOUND('',#782,.T.);
#449=FACE_OUTER_BOUND('',#783,.T.);
#450=FACE_OUTER_BOUND('',#784,.T.);
#451=FACE_OUTER_BOUND('',#785,.T.);
#452=FACE_OUTER_BOUND('',#786,.T.);
#453=FACE_OUTER_BOUND('',#787,.T.);
#454=FACE_OUTER_BOUND('',#788,.T.);
#455=FACE_OUTER_BOUND('',#789,.T.);
#456=FACE_OUTER_BOUND('',#790,.T.);
#457=FACE_OUTER_BOUND('',#791,.T.);
#458=FACE_OUTER_BOUND('',#792,.T.);
#459=FACE_OUTER_BOUND('',#793,.T.);
#460=FACE_OUTER_BOUND('',#794,.T.);
#461=FACE_OUTER_BOUND('',#795,.T.);
#462=FACE_OUTER_BOUND('',#796,.T.);
#463=FACE_OUTER_BOUND('',#797,.T.);
#464=FACE_OUTER_BOUND('',#798,.T.);
#465=FACE_OUTER_BOUND('',#799,.T.);
#466=FACE_OUTER_BOUND('',#800,.T.);
#467=FACE_OUTER_BOUND('',#809,.T.);
#468=FACE_OUTER_BOUND('',#810,.T.);
#469=FACE_OUTER_BOUND('',#811,.T.);
#470=FACE_OUTER_BOUND('',#812,.T.);
#471=FACE_OUTER_BOUND('',#813,.T.);
#472=FACE_OUTER_BOUND('',#814,.T.);
#473=FACE_OUTER_BOUND('',#815,.T.);
#474=FACE_OUTER_BOUND('',#816,.T.);
#475=FACE_OUTER_BOUND('',#817,.T.);
#476=FACE_OUTER_BOUND('',#818,.T.);
#477=FACE_OUTER_BOUND('',#819,.T.);
#478=FACE_OUTER_BOUND('',#820,.T.);
#479=FACE_OUTER_BOUND('',#821,.T.);
#480=FACE_OUTER_BOUND('',#822,.T.);
#481=FACE_OUTER_BOUND('',#823,.T.);
#482=FACE_OUTER_BOUND('',#824,.T.);
#483=FACE_OUTER_BOUND('',#825,.T.);
#484=FACE_OUTER_BOUND('',#826,.T.);
#485=FACE_OUTER_BOUND('',#827,.T.);
#486=FACE_OUTER_BOUND('',#828,.T.);
#487=FACE_OUTER_BOUND('',#829,.T.);
#488=FACE_OUTER_BOUND('',#830,.T.);
#489=FACE_OUTER_BOUND('',#831,.T.);
#490=FACE_OUTER_BOUND('',#832,.T.);
#491=FACE_OUTER_BOUND('',#833,.T.);
#492=FACE_OUTER_BOUND('',#834,.T.);
#493=FACE_OUTER_BOUND('',#835,.T.);
#494=FACE_OUTER_BOUND('',#836,.T.);
#495=FACE_OUTER_BOUND('',#837,.T.);
#496=FACE_OUTER_BOUND('',#838,.T.);
#497=FACE_OUTER_BOUND('',#839,.T.);
#498=FACE_OUTER_BOUND('',#840,.T.);
#499=FACE_OUTER_BOUND('',#841,.T.);
#500=FACE_OUTER_BOUND('',#842,.T.);
#501=FACE_OUTER_BOUND('',#843,.T.);
#502=FACE_OUTER_BOUND('',#844,.T.);
#503=FACE_OUTER_BOUND('',#845,.T.);
#504=FACE_OUTER_BOUND('',#846,.T.);
#505=FACE_OUTER_BOUND('',#847,.T.);
#506=FACE_OUTER_BOUND('',#848,.T.);
#507=FACE_OUTER_BOUND('',#849,.T.);
#508=FACE_OUTER_BOUND('',#850,.T.);
#509=FACE_OUTER_BOUND('',#851,.T.);
#510=FACE_OUTER_BOUND('',#852,.T.);
#511=FACE_OUTER_BOUND('',#853,.T.);
#512=FACE_OUTER_BOUND('',#854,.T.);
#513=FACE_OUTER_BOUND('',#855,.T.);
#514=FACE_OUTER_BOUND('',#857,.T.);
#515=FACE_OUTER_BOUND('',#858,.T.);
#516=FACE_OUTER_BOUND('',#859,.T.);
#517=FACE_OUTER_BOUND('',#860,.T.);
#518=FACE_OUTER_BOUND('',#861,.T.);
#519=FACE_OUTER_BOUND('',#862,.T.);
#520=FACE_OUTER_BOUND('',#863,.T.);
#521=FACE_OUTER_BOUND('',#864,.T.);
#522=FACE_OUTER_BOUND('',#865,.T.);
#523=FACE_OUTER_BOUND('',#866,.T.);
#524=FACE_OUTER_BOUND('',#867,.T.);
#525=FACE_OUTER_BOUND('',#868,.T.);
#526=FACE_OUTER_BOUND('',#869,.T.);
#527=FACE_OUTER_BOUND('',#870,.T.);
#528=FACE_OUTER_BOUND('',#871,.T.);
#529=FACE_OUTER_BOUND('',#872,.T.);
#530=FACE_OUTER_BOUND('',#873,.T.);
#531=FACE_OUTER_BOUND('',#874,.T.);
#532=FACE_OUTER_BOUND('',#875,.T.);
#533=FACE_OUTER_BOUND('',#876,.T.);
#534=FACE_OUTER_BOUND('',#877,.T.);
#535=FACE_OUTER_BOUND('',#878,.T.);
#536=FACE_OUTER_BOUND('',#879,.T.);
#537=FACE_OUTER_BOUND('',#880,.T.);
#538=FACE_OUTER_BOUND('',#881,.T.);
#539=FACE_OUTER_BOUND('',#882,.T.);
#540=FACE_OUTER_BOUND('',#883,.T.);
#541=FACE_OUTER_BOUND('',#884,.T.);
#542=FACE_OUTER_BOUND('',#885,.T.);
#543=FACE_OUTER_BOUND('',#886,.T.);
#544=FACE_OUTER_BOUND('',#887,.T.);
#545=FACE_OUTER_BOUND('',#888,.T.);
#546=FACE_OUTER_BOUND('',#889,.T.);
#547=FACE_OUTER_BOUND('',#890,.T.);
#548=FACE_OUTER_BOUND('',#891,.T.);
#549=FACE_OUTER_BOUND('',#892,.T.);
#550=FACE_OUTER_BOUND('',#893,.T.);
#551=FACE_OUTER_BOUND('',#894,.T.);
#552=FACE_OUTER_BOUND('',#895,.T.);
#553=FACE_OUTER_BOUND('',#896,.T.);
#554=FACE_OUTER_BOUND('',#901,.T.);
#555=FACE_OUTER_BOUND('',#902,.T.);
#556=FACE_OUTER_BOUND('',#903,.T.);
#557=FACE_OUTER_BOUND('',#904,.T.);
#558=FACE_OUTER_BOUND('',#905,.T.);
#559=FACE_OUTER_BOUND('',#906,.T.);
#560=FACE_OUTER_BOUND('',#907,.T.);
#561=FACE_OUTER_BOUND('',#908,.T.);
#562=FACE_OUTER_BOUND('',#909,.T.);
#563=FACE_OUTER_BOUND('',#910,.T.);
#564=FACE_OUTER_BOUND('',#911,.T.);
#565=FACE_OUTER_BOUND('',#912,.T.);
#566=FACE_OUTER_BOUND('',#913,.T.);
#567=FACE_OUTER_BOUND('',#914,.T.);
#568=FACE_OUTER_BOUND('',#915,.T.);
#569=FACE_OUTER_BOUND('',#916,.T.);
#570=FACE_OUTER_BOUND('',#917,.T.);
#571=FACE_OUTER_BOUND('',#918,.T.);
#572=FACE_OUTER_BOUND('',#919,.T.);
#573=FACE_OUTER_BOUND('',#920,.T.);
#574=FACE_OUTER_BOUND('',#921,.T.);
#575=FACE_OUTER_BOUND('',#922,.T.);
#576=FACE_OUTER_BOUND('',#923,.T.);
#577=FACE_OUTER_BOUND('',#924,.T.);
#578=FACE_OUTER_BOUND('',#925,.T.);
#579=FACE_OUTER_BOUND('',#926,.T.);
#580=FACE_OUTER_BOUND('',#927,.T.);
#581=FACE_OUTER_BOUND('',#928,.T.);
#582=FACE_OUTER_BOUND('',#929,.T.);
#583=FACE_OUTER_BOUND('',#930,.T.);
#584=FACE_OUTER_BOUND('',#931,.T.);
#585=FACE_OUTER_BOUND('',#932,.T.);
#586=FACE_OUTER_BOUND('',#933,.T.);
#587=FACE_OUTER_BOUND('',#934,.T.);
#588=FACE_OUTER_BOUND('',#935,.T.);
#589=FACE_OUTER_BOUND('',#936,.T.);
#590=FACE_OUTER_BOUND('',#937,.T.);
#591=FACE_OUTER_BOUND('',#938,.T.);
#592=FACE_OUTER_BOUND('',#939,.T.);
#593=FACE_OUTER_BOUND('',#940,.T.);
#594=FACE_OUTER_BOUND('',#941,.T.);
#595=FACE_OUTER_BOUND('',#942,.T.);
#596=EDGE_LOOP('',(#3907,#3908,#3909,#3910));
#597=EDGE_LOOP('',(#3911));
#598=EDGE_LOOP('',(#3912,#3913,#3914,#3915));
#599=EDGE_LOOP('',(#3916));
#600=EDGE_LOOP('',(#3917,#3918,#3919,#3920));
#601=EDGE_LOOP('',(#3921));
#602=EDGE_LOOP('',(#3922,#3923,#3924,#3925));
#603=EDGE_LOOP('',(#3926));
#604=EDGE_LOOP('',(#3927,#3928,#3929,#3930));
#605=EDGE_LOOP('',(#3931,#3932,#3933,#3934));
#606=EDGE_LOOP('',(#3935,#3936,#3937,#3938));
#607=EDGE_LOOP('',(#3939,#3940,#3941,#3942));
#608=EDGE_LOOP('',(#3943,#3944,#3945,#3946));
#609=EDGE_LOOP('',(#3947,#3948,#3949,#3950));
#610=EDGE_LOOP('',(#3951,#3952,#3953,#3954));
#611=EDGE_LOOP('',(#3955,#3956,#3957,#3958));
#612=EDGE_LOOP('',(#3959,#3960,#3961,#3962));
#613=EDGE_LOOP('',(#3963,#3964,#3965,#3966));
#614=EDGE_LOOP('',(#3967,#3968,#3969,#3970));
#615=EDGE_LOOP('',(#3971,#3972,#3973,#3974));
#616=EDGE_LOOP('',(#3975,#3976,#3977,#3978));
#617=EDGE_LOOP('',(#3979,#3980,#3981,#3982));
#618=EDGE_LOOP('',(#3983,#3984,#3985,#3986));
#619=EDGE_LOOP('',(#3987,#3988,#3989,#3990));
#620=EDGE_LOOP('',(#3991,#3992,#3993,#3994));
#621=EDGE_LOOP('',(#3995,#3996,#3997,#3998));
#622=EDGE_LOOP('',(#3999,#4000,#4001,#4002));
#623=EDGE_LOOP('',(#4003,#4004,#4005,#4006));
#624=EDGE_LOOP('',(#4007,#4008,#4009,#4010));
#625=EDGE_LOOP('',(#4011,#4012,#4013,#4014));
#626=EDGE_LOOP('',(#4015,#4016,#4017,#4018));
#627=EDGE_LOOP('',(#4019,#4020,#4021,#4022));
#628=EDGE_LOOP('',(#4023,#4024,#4025,#4026));
#629=EDGE_LOOP('',(#4027,#4028,#4029,#4030));
#630=EDGE_LOOP('',(#4031,#4032,#4033,#4034));
#631=EDGE_LOOP('',(#4035,#4036,#4037,#4038));
#632=EDGE_LOOP('',(#4039,#4040,#4041,#4042));
#633=EDGE_LOOP('',(#4043,#4044,#4045,#4046));
#634=EDGE_LOOP('',(#4047,#4048,#4049,#4050));
#635=EDGE_LOOP('',(#4051,#4052,#4053,#4054));
#636=EDGE_LOOP('',(#4055,#4056,#4057,#4058));
#637=EDGE_LOOP('',(#4059));
#638=EDGE_LOOP('',(#4060,#4061,#4062,#4063));
#639=EDGE_LOOP('',(#4064));
#640=EDGE_LOOP('',(#4065,#4066,#4067,#4068));
#641=EDGE_LOOP('',(#4069));
#642=EDGE_LOOP('',(#4070,#4071,#4072,#4073));
#643=EDGE_LOOP('',(#4074));
#644=EDGE_LOOP('',(#4075,#4076,#4077));
#645=EDGE_LOOP('',(#4078,#4079,#4080,#4081,#4082,#4083));
#646=EDGE_LOOP('',(#4084,#4085,#4086,#4087));
#647=EDGE_LOOP('',(#4088));
#648=EDGE_LOOP('',(#4089,#4090,#4091,#4092));
#649=EDGE_LOOP('',(#4093));
#650=EDGE_LOOP('',(#4094,#4095,#4096));
#651=EDGE_LOOP('',(#4097,#4098,#4099,#4100,#4101,#4102));
#652=EDGE_LOOP('',(#4103,#4104,#4105,#4106));
#653=EDGE_LOOP('',(#4107));
#654=EDGE_LOOP('',(#4108,#4109,#4110,#4111,#4112,#4113));
#655=EDGE_LOOP('',(#4114,#4115));
#656=EDGE_LOOP('',(#4116,#4117,#4118,#4119));
#657=EDGE_LOOP('',(#4120));
#658=EDGE_LOOP('',(#4121,#4122,#4123));
#659=EDGE_LOOP('',(#4124,#4125,#4126,#4127,#4128,#4129));
#660=EDGE_LOOP('',(#4130,#4131,#4132,#4133));
#661=EDGE_LOOP('',(#4134));
#662=EDGE_LOOP('',(#4135,#4136,#4137,#4138));
#663=EDGE_LOOP('',(#4139));
#664=EDGE_LOOP('',(#4140,#4141,#4142,#4143));
#665=EDGE_LOOP('',(#4144));
#666=EDGE_LOOP('',(#4145,#4146,#4147,#4148));
#667=EDGE_LOOP('',(#4149));
#668=EDGE_LOOP('',(#4150,#4151,#4152,#4153));
#669=EDGE_LOOP('',(#4154));
#670=EDGE_LOOP('',(#4155,#4156,#4157,#4158));
#671=EDGE_LOOP('',(#4159));
#672=EDGE_LOOP('',(#4160,#4161,#4162,#4163));
#673=EDGE_LOOP('',(#4164));
#674=EDGE_LOOP('',(#4165,#4166,#4167,#4168));
#675=EDGE_LOOP('',(#4169));
#676=EDGE_LOOP('',(#4170,#4171,#4172,#4173));
#677=EDGE_LOOP('',(#4174));
#678=EDGE_LOOP('',(#4175,#4176,#4177,#4178));
#679=EDGE_LOOP('',(#4179));
#680=EDGE_LOOP('',(#4180,#4181,#4182,#4183));
#681=EDGE_LOOP('',(#4184));
#682=EDGE_LOOP('',(#4185,#4186,#4187,#4188));
#683=EDGE_LOOP('',(#4189));
#684=EDGE_LOOP('',(#4190,#4191,#4192,#4193,#4194,#4195,#4196,#4197));
#685=EDGE_LOOP('',(#4198,#4199,#4200,#4201,#4202,#4203,#4204));
#686=EDGE_LOOP('',(#4205,#4206,#4207,#4208));
#687=EDGE_LOOP('',(#4209,#4210,#4211,#4212,#4213,#4214));
#688=EDGE_LOOP('',(#4215,#4216,#4217,#4218));
#689=EDGE_LOOP('',(#4219,#4220,#4221,#4222,#4223,#4224,#4225,#4226,#4227,
#4228,#4229,#4230,#4231,#4232,#4233,#4234,#4235));
#690=EDGE_LOOP('',(#4236));
#691=EDGE_LOOP('',(#4237));
#692=EDGE_LOOP('',(#4238));
#693=EDGE_LOOP('',(#4239));
#694=EDGE_LOOP('',(#4240,#4241,#4242,#4243));
#695=EDGE_LOOP('',(#4244,#4245,#4246,#4247));
#696=EDGE_LOOP('',(#4248,#4249,#4250,#4251));
#697=EDGE_LOOP('',(#4252,#4253,#4254,#4255,#4256,#4257,#4258,#4259,#4260,
#4261,#4262,#4263));
#698=EDGE_LOOP('',(#4264,#4265,#4266,#4267,#4268,#4269));
#699=EDGE_LOOP('',(#4270,#4271,#4272,#4273,#4274,#4275));
#700=EDGE_LOOP('',(#4276,#4277,#4278));
#701=EDGE_LOOP('',(#4279,#4280,#4281,#4282,#4283));
#702=EDGE_LOOP('',(#4284,#4285,#4286,#4287));
#703=EDGE_LOOP('',(#4288,#4289,#4290,#4291,#4292,#4293,#4294,#4295));
#704=EDGE_LOOP('',(#4296,#4297,#4298,#4299));
#705=EDGE_LOOP('',(#4300,#4301,#4302,#4303,#4304,#4305,#4306,#4307,#4308,
#4309,#4310,#4311,#4312,#4313,#4314,#4315,#4316));
#706=EDGE_LOOP('',(#4317));
#707=EDGE_LOOP('',(#4318));
#708=EDGE_LOOP('',(#4319));
#709=EDGE_LOOP('',(#4320));
#710=EDGE_LOOP('',(#4321,#4322,#4323,#4324,#4325,#4326,#4327,#4328,#4329,
#4330,#4331,#4332,#4333,#4334,#4335,#4336,#4337,#4338,#4339));
#711=EDGE_LOOP('',(#4340,#4341,#4342,#4343,#4344,#4345));
#712=EDGE_LOOP('',(#4346,#4347,#4348));
#713=EDGE_LOOP('',(#4349,#4350,#4351,#4352));
#714=EDGE_LOOP('',(#4353,#4354,#4355,#4356));
#715=EDGE_LOOP('',(#4357,#4358,#4359,#4360));
#716=EDGE_LOOP('',(#4361,#4362,#4363,#4364));
#717=EDGE_LOOP('',(#4365,#4366,#4367,#4368));
#718=EDGE_LOOP('',(#4369,#4370,#4371,#4372));
#719=EDGE_LOOP('',(#4373,#4374,#4375,#4376,#4377,#4378,#4379,#4380,#4381,
#4382,#4383,#4384));
#720=EDGE_LOOP('',(#4385,#4386,#4387,#4388));
#721=EDGE_LOOP('',(#4389,#4390,#4391,#4392,#4393,#4394));
#722=EDGE_LOOP('',(#4395,#4396,#4397,#4398,#4399,#4400,#4401,#4402,#4403,
#4404,#4405,#4406,#4407,#4408,#4409,#4410,#4411));
#723=EDGE_LOOP('',(#4412));
#724=EDGE_LOOP('',(#4413));
#725=EDGE_LOOP('',(#4414));
#726=EDGE_LOOP('',(#4415));
#727=EDGE_LOOP('',(#4416,#4417,#4418,#4419,#4420,#4421));
#728=EDGE_LOOP('',(#4422,#4423,#4424,#4425));
#729=EDGE_LOOP('',(#4426,#4427,#4428,#4429));
#730=EDGE_LOOP('',(#4430,#4431,#4432,#4433));
#731=EDGE_LOOP('',(#4434,#4435,#4436,#4437));
#732=EDGE_LOOP('',(#4438,#4439,#4440,#4441,#4442,#4443,#4444,#4445,#4446));
#733=EDGE_LOOP('',(#4447,#4448,#4449,#4450));
#734=EDGE_LOOP('',(#4451,#4452,#4453,#4454));
#735=EDGE_LOOP('',(#4455,#4456,#4457,#4458));
#736=EDGE_LOOP('',(#4459,#4460,#4461,#4462,#4463));
#737=EDGE_LOOP('',(#4464,#4465,#4466,#4467));
#738=EDGE_LOOP('',(#4468,#4469,#4470,#4471));
#739=EDGE_LOOP('',(#4472,#4473,#4474,#4475,#4476,#4477,#4478,#4479));
#740=EDGE_LOOP('',(#4480,#4481,#4482,#4483));
#741=EDGE_LOOP('',(#4484,#4485,#4486,#4487,#4488,#4489,#4490,#4491,#4492,
#4493,#4494,#4495,#4496,#4497,#4498,#4499,#4500));
#742=EDGE_LOOP('',(#4501));
#743=EDGE_LOOP('',(#4502));
#744=EDGE_LOOP('',(#4503));
#745=EDGE_LOOP('',(#4504));
#746=EDGE_LOOP('',(#4505,#4506,#4507,#4508,#4509,#4510,#4511,#4512,#4513,
#4514,#4515,#4516,#4517,#4518,#4519,#4520,#4521,#4522));
#747=EDGE_LOOP('',(#4523,#4524,#4525,#4526));
#748=EDGE_LOOP('',(#4527,#4528,#4529,#4530));
#749=EDGE_LOOP('',(#4531,#4532,#4533,#4534));
#750=EDGE_LOOP('',(#4535,#4536,#4537,#4538));
#751=EDGE_LOOP('',(#4539,#4540,#4541,#4542));
#752=EDGE_LOOP('',(#4543,#4544,#4545,#4546));
#753=EDGE_LOOP('',(#4547,#4548,#4549,#4550,#4551,#4552));
#754=EDGE_LOOP('',(#4553,#4554,#4555,#4556,#4557,#4558,#4559,#4560,#4561,
#4562,#4563,#4564,#4565,#4566,#4567,#4568,#4569));
#755=EDGE_LOOP('',(#4570));
#756=EDGE_LOOP('',(#4571));
#757=EDGE_LOOP('',(#4572));
#758=EDGE_LOOP('',(#4573));
#759=EDGE_LOOP('',(#4574,#4575,#4576,#4577));
#760=EDGE_LOOP('',(#4578,#4579,#4580,#4581,#4582,#4583,#4584,#4585,#4586,
#4587,#4588,#4589,#4590,#4591,#4592,#4593,#4594,#4595,#4596,#4597,#4598,
#4599));
#761=EDGE_LOOP('',(#4600,#4601,#4602));
#762=EDGE_LOOP('',(#4603,#4604,#4605,#4606,#4607));
#763=EDGE_LOOP('',(#4608,#4609,#4610,#4611,#4612,#4613));
#764=EDGE_LOOP('',(#4614,#4615,#4616));
#765=EDGE_LOOP('',(#4617,#4618,#4619,#4620,#4621,#4622));
#766=EDGE_LOOP('',(#4623,#4624,#4625,#4626));
#767=EDGE_LOOP('',(#4627,#4628,#4629,#4630,#4631,#4632,#4633));
#768=EDGE_LOOP('',(#4634,#4635,#4636,#4637,#4638,#4639,#4640,#4641,#4642,
#4643,#4644,#4645,#4646,#4647,#4648,#4649,#4650,#4651,#4652,#4653,#4654,
#4655,#4656,#4657,#4658,#4659,#4660));
#769=EDGE_LOOP('',(#4661,#4662,#4663,#4664));
#770=EDGE_LOOP('',(#4665,#4666,#4667,#4668));
#771=EDGE_LOOP('',(#4669,#4670,#4671,#4672));
#772=EDGE_LOOP('',(#4673,#4674,#4675));
#773=EDGE_LOOP('',(#4676,#4677,#4678,#4679,#4680,#4681,#4682,#4683,#4684,
#4685,#4686));
#774=EDGE_LOOP('',(#4687,#4688,#4689,#4690));
#775=EDGE_LOOP('',(#4691,#4692,#4693,#4694));
#776=EDGE_LOOP('',(#4695,#4696,#4697,#4698));
#777=EDGE_LOOP('',(#4699,#4700,#4701,#4702));
#778=EDGE_LOOP('',(#4703,#4704,#4705,#4706));
#779=EDGE_LOOP('',(#4707,#4708,#4709,#4710));
#780=EDGE_LOOP('',(#4711,#4712,#4713,#4714));
#781=EDGE_LOOP('',(#4715,#4716,#4717,#4718));
#782=EDGE_LOOP('',(#4719,#4720,#4721,#4722,#4723,#4724,#4725));
#783=EDGE_LOOP('',(#4726,#4727,#4728,#4729));
#784=EDGE_LOOP('',(#4730,#4731,#4732,#4733,#4734,#4735));
#785=EDGE_LOOP('',(#4736,#4737,#4738,#4739));
#786=EDGE_LOOP('',(#4740,#4741,#4742,#4743));
#787=EDGE_LOOP('',(#4744,#4745,#4746,#4747,#4748));
#788=EDGE_LOOP('',(#4749,#4750,#4751,#4752));
#789=EDGE_LOOP('',(#4753,#4754,#4755,#4756));
#790=EDGE_LOOP('',(#4757,#4758,#4759,#4760));
#791=EDGE_LOOP('',(#4761,#4762,#4763,#4764));
#792=EDGE_LOOP('',(#4765,#4766,#4767,#4768,#4769));
#793=EDGE_LOOP('',(#4770,#4771,#4772,#4773,#4774,#4775,#4776,#4777));
#794=EDGE_LOOP('',(#4778,#4779,#4780,#4781,#4782,#4783));
#795=EDGE_LOOP('',(#4784,#4785,#4786,#4787,#4788,#4789,#4790,#4791));
#796=EDGE_LOOP('',(#4792,#4793,#4794,#4795,#4796,#4797));
#797=EDGE_LOOP('',(#4798,#4799,#4800,#4801));
#798=EDGE_LOOP('',(#4802,#4803,#4804,#4805,#4806,#4807,#4808,#4809));
#799=EDGE_LOOP('',(#4810,#4811,#4812,#4813,#4814,#4815));
#800=EDGE_LOOP('',(#4816,#4817,#4818,#4819,#4820,#4821,#4822));
#801=EDGE_LOOP('',(#4823,#4824,#4825,#4826,#4827,#4828,#4829,#4830));
#802=EDGE_LOOP('',(#4831,#4832,#4833,#4834,#4835,#4836,#4837,#4838));
#803=EDGE_LOOP('',(#4839,#4840,#4841,#4842,#4843,#4844,#4845,#4846));
#804=EDGE_LOOP('',(#4847,#4848,#4849,#4850,#4851,#4852,#4853,#4854));
#805=EDGE_LOOP('',(#4855));
#806=EDGE_LOOP('',(#4856));
#807=EDGE_LOOP('',(#4857));
#808=EDGE_LOOP('',(#4858));
#809=EDGE_LOOP('',(#4859,#4860,#4861,#4862,#4863,#4864,#4865,#4866,#4867));
#810=EDGE_LOOP('',(#4868,#4869,#4870,#4871,#4872,#4873,#4874,#4875,#4876,
#4877,#4878,#4879,#4880,#4881,#4882,#4883,#4884,#4885,#4886,#4887,#4888,
#4889,#4890,#4891,#4892,#4893,#4894,#4895));
#811=EDGE_LOOP('',(#4896,#4897,#4898,#4899));
#812=EDGE_LOOP('',(#4900,#4901,#4902,#4903,#4904,#4905));
#813=EDGE_LOOP('',(#4906,#4907,#4908,#4909));
#814=EDGE_LOOP('',(#4910,#4911,#4912,#4913));
#815=EDGE_LOOP('',(#4914,#4915,#4916,#4917));
#816=EDGE_LOOP('',(#4918,#4919,#4920,#4921,#4922,#4923));
#817=EDGE_LOOP('',(#4924,#4925,#4926,#4927));
#818=EDGE_LOOP('',(#4928,#4929,#4930,#4931));
#819=EDGE_LOOP('',(#4932,#4933,#4934,#4935,#4936,#4937));
#820=EDGE_LOOP('',(#4938,#4939,#4940,#4941,#4942,#4943));
#821=EDGE_LOOP('',(#4944,#4945,#4946,#4947));
#822=EDGE_LOOP('',(#4948,#4949,#4950,#4951));
#823=EDGE_LOOP('',(#4952,#4953,#4954,#4955));
#824=EDGE_LOOP('',(#4956,#4957,#4958,#4959));
#825=EDGE_LOOP('',(#4960,#4961,#4962,#4963));
#826=EDGE_LOOP('',(#4964,#4965,#4966,#4967));
#827=EDGE_LOOP('',(#4968,#4969,#4970,#4971));
#828=EDGE_LOOP('',(#4972,#4973,#4974,#4975,#4976,#4977));
#829=EDGE_LOOP('',(#4978,#4979,#4980,#4981,#4982,#4983));
#830=EDGE_LOOP('',(#4984,#4985,#4986,#4987,#4988,#4989));
#831=EDGE_LOOP('',(#4990,#4991,#4992,#4993,#4994,#4995,#4996,#4997));
#832=EDGE_LOOP('',(#4998,#4999,#5000,#5001));
#833=EDGE_LOOP('',(#5002,#5003,#5004,#5005,#5006,#5007,#5008,#5009,#5010,
#5011));
#834=EDGE_LOOP('',(#5012,#5013,#5014,#5015));
#835=EDGE_LOOP('',(#5016,#5017,#5018,#5019));
#836=EDGE_LOOP('',(#5020,#5021,#5022,#5023));
#837=EDGE_LOOP('',(#5024,#5025,#5026,#5027,#5028,#5029));
#838=EDGE_LOOP('',(#5030,#5031,#5032,#5033,#5034,#5035));
#839=EDGE_LOOP('',(#5036,#5037,#5038,#5039));
#840=EDGE_LOOP('',(#5040,#5041,#5042,#5043));
#841=EDGE_LOOP('',(#5044,#5045,#5046,#5047,#5048,#5049));
#842=EDGE_LOOP('',(#5050,#5051,#5052,#5053));
#843=EDGE_LOOP('',(#5054,#5055,#5056,#5057,#5058,#5059,#5060,#5061));
#844=EDGE_LOOP('',(#5062,#5063,#5064,#5065));
#845=EDGE_LOOP('',(#5066,#5067,#5068,#5069));
#846=EDGE_LOOP('',(#5070,#5071,#5072,#5073));
#847=EDGE_LOOP('',(#5074,#5075,#5076));
#848=EDGE_LOOP('',(#5077,#5078,#5079,#5080));
#849=EDGE_LOOP('',(#5081,#5082,#5083,#5084));
#850=EDGE_LOOP('',(#5085,#5086,#5087,#5088,#5089,#5090,#5091,#5092));
#851=EDGE_LOOP('',(#5093,#5094,#5095,#5096,#5097,#5098,#5099,#5100));
#852=EDGE_LOOP('',(#5101,#5102,#5103,#5104,#5105,#5106));
#853=EDGE_LOOP('',(#5107,#5108,#5109,#5110));
#854=EDGE_LOOP('',(#5111,#5112,#5113,#5114));
#855=EDGE_LOOP('',(#5115,#5116,#5117,#5118));
#856=EDGE_LOOP('',(#5119,#5120,#5121,#5122));
#857=EDGE_LOOP('',(#5123,#5124,#5125,#5126,#5127,#5128,#5129,#5130));
#858=EDGE_LOOP('',(#5131,#5132,#5133,#5134));
#859=EDGE_LOOP('',(#5135,#5136,#5137,#5138));
#860=EDGE_LOOP('',(#5139,#5140,#5141,#5142));
#861=EDGE_LOOP('',(#5143,#5144,#5145,#5146));
#862=EDGE_LOOP('',(#5147,#5148,#5149,#5150));
#863=EDGE_LOOP('',(#5151,#5152,#5153,#5154));
#864=EDGE_LOOP('',(#5155,#5156,#5157,#5158,#5159,#5160,#5161,#5162));
#865=EDGE_LOOP('',(#5163,#5164,#5165,#5166));
#866=EDGE_LOOP('',(#5167,#5168,#5169,#5170));
#867=EDGE_LOOP('',(#5171,#5172,#5173,#5174));
#868=EDGE_LOOP('',(#5175,#5176,#5177,#5178));
#869=EDGE_LOOP('',(#5179,#5180,#5181,#5182));
#870=EDGE_LOOP('',(#5183,#5184,#5185,#5186,#5187,#5188,#5189,#5190,#5191,
#5192,#5193,#5194,#5195,#5196,#5197,#5198));
#871=EDGE_LOOP('',(#5199,#5200,#5201,#5202));
#872=EDGE_LOOP('',(#5203,#5204,#5205,#5206));
#873=EDGE_LOOP('',(#5207,#5208,#5209));
#874=EDGE_LOOP('',(#5210,#5211,#5212,#5213));
#875=EDGE_LOOP('',(#5214,#5215,#5216));
#876=EDGE_LOOP('',(#5217,#5218,#5219,#5220,#5221,#5222,#5223,#5224));
#877=EDGE_LOOP('',(#5225,#5226,#5227,#5228,#5229,#5230,#5231,#5232));
#878=EDGE_LOOP('',(#5233,#5234,#5235,#5236));
#879=EDGE_LOOP('',(#5237,#5238,#5239,#5240));
#880=EDGE_LOOP('',(#5241,#5242,#5243,#5244));
#881=EDGE_LOOP('',(#5245,#5246,#5247,#5248));
#882=EDGE_LOOP('',(#5249,#5250,#5251,#5252,#5253,#5254,#5255,#5256));
#883=EDGE_LOOP('',(#5257,#5258,#5259,#5260));
#884=EDGE_LOOP('',(#5261,#5262,#5263,#5264));
#885=EDGE_LOOP('',(#5265,#5266,#5267,#5268));
#886=EDGE_LOOP('',(#5269,#5270,#5271,#5272));
#887=EDGE_LOOP('',(#5273,#5274,#5275,#5276));
#888=EDGE_LOOP('',(#5277,#5278,#5279,#5280));
#889=EDGE_LOOP('',(#5281,#5282,#5283,#5284));
#890=EDGE_LOOP('',(#5285,#5286,#5287,#5288,#5289,#5290,#5291,#5292));
#891=EDGE_LOOP('',(#5293,#5294,#5295,#5296));
#892=EDGE_LOOP('',(#5297,#5298,#5299,#5300));
#893=EDGE_LOOP('',(#5301,#5302,#5303,#5304));
#894=EDGE_LOOP('',(#5305,#5306,#5307,#5308));
#895=EDGE_LOOP('',(#5309,#5310,#5311,#5312));
#896=EDGE_LOOP('',(#5313,#5314,#5315,#5316,#5317,#5318,#5319,#5320,#5321,
#5322,#5323,#5324,#5325,#5326,#5327,#5328,#5329));
#897=EDGE_LOOP('',(#5330));
#898=EDGE_LOOP('',(#5331));
#899=EDGE_LOOP('',(#5332));
#900=EDGE_LOOP('',(#5333));
#901=EDGE_LOOP('',(#5334,#5335,#5336,#5337,#5338,#5339,#5340,#5341,#5342,
#5343,#5344,#5345,#5346,#5347,#5348,#5349));
#902=EDGE_LOOP('',(#5350,#5351,#5352,#5353,#5354,#5355,#5356,#5357));
#903=EDGE_LOOP('',(#5358,#5359,#5360,#5361));
#904=EDGE_LOOP('',(#5362,#5363,#5364,#5365));
#905=EDGE_LOOP('',(#5366,#5367,#5368,#5369));
#906=EDGE_LOOP('',(#5370,#5371,#5372,#5373));
#907=EDGE_LOOP('',(#5374,#5375,#5376,#5377));
#908=EDGE_LOOP('',(#5378,#5379,#5380,#5381));
#909=EDGE_LOOP('',(#5382,#5383,#5384,#5385));
#910=EDGE_LOOP('',(#5386,#5387,#5388,#5389));
#911=EDGE_LOOP('',(#5390,#5391,#5392,#5393));
#912=EDGE_LOOP('',(#5394,#5395,#5396,#5397));
#913=EDGE_LOOP('',(#5398,#5399,#5400,#5401));
#914=EDGE_LOOP('',(#5402,#5403,#5404,#5405));
#915=EDGE_LOOP('',(#5406,#5407,#5408,#5409));
#916=EDGE_LOOP('',(#5410,#5411,#5412,#5413));
#917=EDGE_LOOP('',(#5414,#5415,#5416,#5417));
#918=EDGE_LOOP('',(#5418,#5419,#5420,#5421));
#919=EDGE_LOOP('',(#5422,#5423,#5424,#5425));
#920=EDGE_LOOP('',(#5426,#5427,#5428,#5429));
#921=EDGE_LOOP('',(#5430,#5431,#5432,#5433));
#922=EDGE_LOOP('',(#5434,#5435,#5436,#5437));
#923=EDGE_LOOP('',(#5438,#5439,#5440,#5441));
#924=EDGE_LOOP('',(#5442,#5443,#5444,#5445));
#925=EDGE_LOOP('',(#5446,#5447,#5448,#5449));
#926=EDGE_LOOP('',(#5450,#5451,#5452,#5453));
#927=EDGE_LOOP('',(#5454,#5455,#5456,#5457));
#928=EDGE_LOOP('',(#5458,#5459,#5460,#5461));
#929=EDGE_LOOP('',(#5462,#5463,#5464,#5465));
#930=EDGE_LOOP('',(#5466,#5467,#5468,#5469));
#931=EDGE_LOOP('',(#5470,#5471,#5472,#5473));
#932=EDGE_LOOP('',(#5474,#5475,#5476,#5477));
#933=EDGE_LOOP('',(#5478,#5479,#5480,#5481));
#934=EDGE_LOOP('',(#5482,#5483,#5484,#5485));
#935=EDGE_LOOP('',(#5486,#5487,#5488,#5489,#5490,#5491));
#936=EDGE_LOOP('',(#5492,#5493,#5494,#5495));
#937=EDGE_LOOP('',(#5496,#5497,#5498,#5499));
#938=EDGE_LOOP('',(#5500,#5501,#5502,#5503,#5504,#5505,#5506,#5507));
#939=EDGE_LOOP('',(#5508,#5509,#5510,#5511,#5512,#5513));
#940=EDGE_LOOP('',(#5514,#5515,#5516,#5517));
#941=EDGE_LOOP('',(#5518,#5519,#5520,#5521,#5522,#5523,#5524,#5525));
#942=EDGE_LOOP('',(#5526,#5527,#5528,#5529,#5530,#5531,#5532,#5533,#5534,
#5535,#5536,#5537,#5538,#5539,#5540,#5541,#5542,#5543,#5544,#5545,#5546,
#5547,#5548,#5549,#5550,#5551,#5552,#5553,#5554,#5555,#5556,#5557,#5558,
#5559,#5560,#5561,#5562,#5563,#5564,#5565,#5566,#5567,#5568,#5569,#5570,
#5571,#5572,#5573,#5574,#5575,#5576,#5577,#5578,#5579,#5580,#5581,#5582,
#5583,#5584,#5585,#5586,#5587,#5588,#5589,#5590,#5591,#5592,#5593,#5594,
#5595,#5596));
#943=EDGE_LOOP('',(#5597,#5598,#5599,#5600,#5601,#5602,#5603,#5604));
#944=EDGE_LOOP('',(#5605,#5606,#5607,#5608,#5609,#5610,#5611,#5612));
#945=EDGE_LOOP('',(#5613,#5614,#5615,#5616,#5617,#5618,#5619,#5620));
#946=EDGE_LOOP('',(#5621,#5622,#5623,#5624,#5625,#5626,#5627,#5628));
#947=LINE('',#8237,#1615);
#948=LINE('',#8244,#1616);
#949=LINE('',#8251,#1617);
#950=LINE('',#8258,#1618);
#951=LINE('',#8264,#1619);
#952=LINE('',#8266,#1620);
#953=LINE('',#8268,#1621);
#954=LINE('',#8269,#1622);
#955=LINE('',#8275,#1623);
#956=LINE('',#8278,#1624);
#957=LINE('',#8280,#1625);
#958=LINE('',#8281,#1626);
#959=LINE('',#8287,#1627);
#960=LINE('',#8290,#1628);
#961=LINE('',#8292,#1629);
#962=LINE('',#8293,#1630);
#963=LINE('',#8299,#1631);
#964=LINE('',#8302,#1632);
#965=LINE('',#8304,#1633);
#966=LINE('',#8305,#1634);
#967=LINE('',#8312,#1635);
#968=LINE('',#8314,#1636);
#969=LINE('',#8316,#1637);
#970=LINE('',#8317,#1638);
#971=LINE('',#8323,#1639);
#972=LINE('',#8326,#1640);
#973=LINE('',#8328,#1641);
#974=LINE('',#8329,#1642);
#975=LINE('',#8335,#1643);
#976=LINE('',#8338,#1644);
#977=LINE('',#8340,#1645);
#978=LINE('',#8341,#1646);
#979=LINE('',#8347,#1647);
#980=LINE('',#8350,#1648);
#981=LINE('',#8352,#1649);
#982=LINE('',#8353,#1650);
#983=LINE('',#8360,#1651);
#984=LINE('',#8362,#1652);
#985=LINE('',#8364,#1653);
#986=LINE('',#8365,#1654);
#987=LINE('',#8371,#1655);
#988=LINE('',#8374,#1656);
#989=LINE('',#8376,#1657);
#990=LINE('',#8377,#1658);
#991=LINE('',#8383,#1659);
#992=LINE('',#8386,#1660);
#993=LINE('',#8388,#1661);
#994=LINE('',#8389,#1662);
#995=LINE('',#8395,#1663);
#996=LINE('',#8398,#1664);
#997=LINE('',#8400,#1665);
#998=LINE('',#8401,#1666);
#999=LINE('',#8408,#1667);
#1000=LINE('',#8410,#1668);
#1001=LINE('',#8412,#1669);
#1002=LINE('',#8413,#1670);
#1003=LINE('',#8419,#1671);
#1004=LINE('',#8422,#1672);
#1005=LINE('',#8424,#1673);
#1006=LINE('',#8425,#1674);
#1007=LINE('',#8431,#1675);
#1008=LINE('',#8434,#1676);
#1009=LINE('',#8436,#1677);
#1010=LINE('',#8437,#1678);
#1011=LINE('',#8443,#1679);
#1012=LINE('',#8446,#1680);
#1013=LINE('',#8448,#1681);
#1014=LINE('',#8449,#1682);
#1015=LINE('',#8457,#1683);
#1016=LINE('',#8464,#1684);
#1017=LINE('',#8471,#1685);
#1018=LINE('',#8478,#1686);
#1019=LINE('',#8484,#1687);
#1020=LINE('',#8491,#1688);
#1021=LINE('',#8497,#1689);
#1022=LINE('',#8504,#1690);
#1023=LINE('',#8510,#1691);
#1024=LINE('',#8517,#1692);
#1025=LINE('',#8523,#1693);
#1026=LINE('',#8530,#1694);
#1027=LINE('',#8537,#1695);
#1028=LINE('',#8542,#1696);
#1029=LINE('',#8548,#1697);
#1030=LINE('',#8555,#1698);
#1031=LINE('',#8561,#1699);
#1032=LINE('',#8568,#1700);
#1033=LINE('',#8575,#1701);
#1034=LINE('',#8582,#1702);
#1035=LINE('',#8589,#1703);
#1036=LINE('',#8596,#1704);
#1037=LINE('',#8603,#1705);
#1038=LINE('',#8610,#1706);
#1039=LINE('',#8617,#1707);
#1040=LINE('',#8624,#1708);
#1041=LINE('',#8631,#1709);
#1042=LINE('',#8638,#1710);
#1043=LINE('',#8643,#1711);
#1044=LINE('',#8645,#1712);
#1045=LINE('',#8647,#1713);
#1046=LINE('',#8649,#1714);
#1047=LINE('',#8651,#1715);
#1048=LINE('',#8652,#1716);
#1049=LINE('',#8655,#1717);
#1050=LINE('',#8657,#1718);
#1051=LINE('',#8659,#1719);
#1052=LINE('',#8661,#1720);
#1053=LINE('',#8663,#1721);
#1054=LINE('',#8664,#1722);
#1055=LINE('',#8667,#1723);
#1056=LINE('',#8669,#1724);
#1057=LINE('',#8670,#1725);
#1058=LINE('',#8674,#1726);
#1059=LINE('',#8675,#1727);
#1060=LINE('',#8677,#1728);
#1061=LINE('',#8678,#1729);
#1062=LINE('',#8681,#1730);
#1063=LINE('',#8683,#1731);
#1064=LINE('',#8684,#1732);
#1065=LINE('',#8687,#1733);
#1066=LINE('',#8689,#1734);
#1067=LINE('',#8691,#1735);
#1068=LINE('',#8693,#1736);
#1069=LINE('',#8695,#1737);
#1070=LINE('',#8699,#1738);
#1071=LINE('',#8703,#1739);
#1072=LINE('',#8707,#1740);
#1073=LINE('',#8711,#1741);
#1074=LINE('',#8713,#1742);
#1075=LINE('',#8714,#1743);
#1076=LINE('',#8717,#1744);
#1077=LINE('',#8718,#1745);
#1078=LINE('',#8721,#1746);
#1079=LINE('',#8723,#1747);
#1080=LINE('',#8724,#1748);
#1081=LINE('',#8727,#1749);
#1082=LINE('',#8728,#1750);
#1083=LINE('',#8731,#1751);
#1084=LINE('',#8733,#1752);
#1085=LINE('',#8734,#1753);
#1086=LINE('',#8736,#1754);
#1087=LINE('',#8738,#1755);
#1088=LINE('',#8739,#1756);
#1089=LINE('',#8741,#1757);
#1090=LINE('',#8743,#1758);
#1091=LINE('',#8747,#1759);
#1092=LINE('',#8749,#1760);
#1093=LINE('',#8750,#1761);
#1094=LINE('',#8753,#1762);
#1095=LINE('',#8755,#1763);
#1096=LINE('',#8757,#1764);
#1097=LINE('',#8758,#1765);
#1098=LINE('',#8761,#1766);
#1099=LINE('',#8763,#1767);
#1100=LINE('',#8764,#1768);
#1101=LINE('',#8768,#1769);
#1102=LINE('',#8769,#1770);
#1103=LINE('',#8770,#1771);
#1104=LINE('',#8772,#1772);
#1105=LINE('',#8773,#1773);
#1106=LINE('',#8776,#1774);
#1107=LINE('',#8778,#1775);
#1108=LINE('',#8779,#1776);
#1109=LINE('',#8782,#1777);
#1110=LINE('',#8784,#1778);
#1111=LINE('',#8786,#1779);
#1112=LINE('',#8788,#1780);
#1113=LINE('',#8790,#1781);
#1114=LINE('',#8794,#1782);
#1115=LINE('',#8798,#1783);
#1116=LINE('',#8802,#1784);
#1117=LINE('',#8806,#1785);
#1118=LINE('',#8808,#1786);
#1119=LINE('',#8809,#1787);
#1120=LINE('',#8812,#1788);
#1121=LINE('',#8814,#1789);
#1122=LINE('',#8816,#1790);
#1123=LINE('',#8820,#1791);
#1124=LINE('',#8822,#1792);
#1125=LINE('',#8824,#1793);
#1126=LINE('',#8826,#1794);
#1127=LINE('',#8830,#1795);
#1128=LINE('',#8832,#1796);
#1129=LINE('',#8834,#1797);
#1130=LINE('',#8836,#1798);
#1131=LINE('',#8838,#1799);
#1132=LINE('',#8840,#1800);
#1133=LINE('',#8841,#1801);
#1134=LINE('',#8843,#1802);
#1135=LINE('',#8844,#1803);
#1136=LINE('',#8847,#1804);
#1137=LINE('',#8848,#1805);
#1138=LINE('',#8850,#1806);
#1139=LINE('',#8852,#1807);
#1140=LINE('',#8854,#1808);
#1141=LINE('',#8858,#1809);
#1142=LINE('',#8860,#1810);
#1143=LINE('',#8862,#1811);
#1144=LINE('',#8863,#1812);
#1145=LINE('',#8867,#1813);
#1146=LINE('',#8869,#1814);
#1147=LINE('',#8871,#1815);
#1148=LINE('',#8872,#1816);
#1149=LINE('',#8876,#1817);
#1150=LINE('',#8877,#1818);
#1151=LINE('',#8878,#1819);
#1152=LINE('',#8881,#1820);
#1153=LINE('',#8883,#1821);
#1154=LINE('',#8884,#1822);
#1155=LINE('',#8886,#1823);
#1156=LINE('',#8888,#1824);
#1157=LINE('',#8890,#1825);
#1158=LINE('',#8892,#1826);
#1159=LINE('',#8894,#1827);
#1160=LINE('',#8895,#1828);
#1161=LINE('',#8898,#1829);
#1162=LINE('',#8899,#1830);
#1163=LINE('',#8901,#1831);
#1164=LINE('',#8903,#1832);
#1165=LINE('',#8904,#1833);
#1166=LINE('',#8907,#1834);
#1167=LINE('',#8909,#1835);
#1168=LINE('',#8913,#1836);
#1169=LINE('',#8917,#1837);
#1170=LINE('',#8921,#1838);
#1171=LINE('',#8925,#1839);
#1172=LINE('',#8926,#1840);
#1173=LINE('',#8927,#1841);
#1174=LINE('',#8929,#1842);
#1175=LINE('',#8931,#1843);
#1176=LINE('',#8935,#1844);
#1177=LINE('',#8937,#1845);
#1178=LINE('',#8939,#1846);
#1179=LINE('',#8940,#1847);
#1180=LINE('',#8944,#1848);
#1181=LINE('',#8946,#1849);
#1182=LINE('',#8948,#1850);
#1183=LINE('',#8949,#1851);
#1184=LINE('',#8953,#1852);
#1185=LINE('',#8954,#1853);
#1186=LINE('',#8955,#1854);
#1187=LINE('',#8958,#1855);
#1188=LINE('',#8960,#1856);
#1189=LINE('',#8961,#1857);
#1190=LINE('',#8963,#1858);
#1191=LINE('',#8965,#1859);
#1192=LINE('',#8966,#1860);
#1193=LINE('',#8969,#1861);
#1194=LINE('',#8970,#1862);
#1195=LINE('',#8973,#1863);
#1196=LINE('',#8974,#1864);
#1197=LINE('',#8976,#1865);
#1198=LINE('',#8980,#1866);
#1199=LINE('',#8982,#1867);
#1200=LINE('',#8984,#1868);
#1201=LINE('',#8986,#1869);
#1202=LINE('',#8987,#1870);
#1203=LINE('',#8990,#1871);
#1204=LINE('',#8992,#1872);
#1205=LINE('',#8993,#1873);
#1206=LINE('',#8996,#1874);
#1207=LINE('',#8998,#1875);
#1208=LINE('',#8999,#1876);
#1209=LINE('',#9003,#1877);
#1210=LINE('',#9004,#1878);
#1211=LINE('',#9006,#1879);
#1212=LINE('',#9008,#1880);
#1213=LINE('',#9009,#1881);
#1214=LINE('',#9012,#1882);
#1215=LINE('',#9014,#1883);
#1216=LINE('',#9015,#1884);
#1217=LINE('',#9018,#1885);
#1218=LINE('',#9020,#1886);
#1219=LINE('',#9022,#1887);
#1220=LINE('',#9024,#1888);
#1221=LINE('',#9026,#1889);
#1222=LINE('',#9030,#1890);
#1223=LINE('',#9034,#1891);
#1224=LINE('',#9038,#1892);
#1225=LINE('',#9042,#1893);
#1226=LINE('',#9044,#1894);
#1227=LINE('',#9045,#1895);
#1228=LINE('',#9048,#1896);
#1229=LINE('',#9050,#1897);
#1230=LINE('',#9052,#1898);
#1231=LINE('',#9056,#1899);
#1232=LINE('',#9058,#1900);
#1233=LINE('',#9060,#1901);
#1234=LINE('',#9062,#1902);
#1235=LINE('',#9064,#1903);
#1236=LINE('',#9066,#1904);
#1237=LINE('',#9067,#1905);
#1238=LINE('',#9069,#1906);
#1239=LINE('',#9070,#1907);
#1240=LINE('',#9072,#1908);
#1241=LINE('',#9074,#1909);
#1242=LINE('',#9076,#1910);
#1243=LINE('',#9078,#1911);
#1244=LINE('',#9082,#1912);
#1245=LINE('',#9084,#1913);
#1246=LINE('',#9086,#1914);
#1247=LINE('',#9087,#1915);
#1248=LINE('',#9091,#1916);
#1249=LINE('',#9093,#1917);
#1250=LINE('',#9095,#1918);
#1251=LINE('',#9096,#1919);
#1252=LINE('',#9099,#1920);
#1253=LINE('',#9101,#1921);
#1254=LINE('',#9103,#1922);
#1255=LINE('',#9105,#1923);
#1256=LINE('',#9106,#1924);
#1257=LINE('',#9109,#1925);
#1258=LINE('',#9111,#1926);
#1259=LINE('',#9113,#1927);
#1260=LINE('',#9117,#1928);
#1261=LINE('',#9121,#1929);
#1262=LINE('',#9125,#1930);
#1263=LINE('',#9129,#1931);
#1264=LINE('',#9130,#1932);
#1265=LINE('',#9132,#1933);
#1266=LINE('',#9133,#1934);
#1267=LINE('',#9136,#1935);
#1268=LINE('',#9137,#1936);
#1269=LINE('',#9140,#1937);
#1270=LINE('',#9142,#1938);
#1271=LINE('',#9144,#1939);
#1272=LINE('',#9148,#1940);
#1273=LINE('',#9152,#1941);
#1274=LINE('',#9156,#1942);
#1275=LINE('',#9158,#1943);
#1276=LINE('',#9162,#1944);
#1277=LINE('',#9166,#1945);
#1278=LINE('',#9167,#1946);
#1279=LINE('',#9169,#1947);
#1280=LINE('',#9171,#1948);
#1281=LINE('',#9172,#1949);
#1282=LINE('',#9176,#1950);
#1283=LINE('',#9178,#1951);
#1284=LINE('',#9179,#1952);
#1285=LINE('',#9181,#1953);
#1286=LINE('',#9183,#1954);
#1287=LINE('',#9184,#1955);
#1288=LINE('',#9186,#1956);
#1289=LINE('',#9187,#1957);
#1290=LINE('',#9190,#1958);
#1291=LINE('',#9191,#1959);
#1292=LINE('',#9193,#1960);
#1293=LINE('',#9196,#1961);
#1294=LINE('',#9198,#1962);
#1295=LINE('',#9199,#1963);
#1296=LINE('',#9201,#1964);
#1297=LINE('',#9206,#1965);
#1298=LINE('',#9208,#1966);
#1299=LINE('',#9210,#1967);
#1300=LINE('',#9212,#1968);
#1301=LINE('',#9216,#1969);
#1302=LINE('',#9220,#1970);
#1303=LINE('',#9222,#1971);
#1304=LINE('',#9224,#1972);
#1305=LINE('',#9226,#1973);
#1306=LINE('',#9228,#1974);
#1307=LINE('',#9230,#1975);
#1308=LINE('',#9232,#1976);
#1309=LINE('',#9234,#1977);
#1310=LINE('',#9238,#1978);
#1311=LINE('',#9240,#1979);
#1312=LINE('',#9242,#1980);
#1313=LINE('',#9246,#1981);
#1314=LINE('',#9248,#1982);
#1315=LINE('',#9250,#1983);
#1316=LINE('',#9253,#1984);
#1317=LINE('',#9257,#1985);
#1318=LINE('',#9259,#1986);
#1319=LINE('',#9261,#1987);
#1320=LINE('',#9262,#1988);
#1321=LINE('',#9265,#1989);
#1322=LINE('',#9267,#1990);
#1323=LINE('',#9268,#1991);
#1324=LINE('',#9272,#1992);
#1325=LINE('',#9273,#1993);
#1326=LINE('',#9274,#1994);
#1327=LINE('',#9280,#1995);
#1328=LINE('',#9282,#1996);
#1329=LINE('',#9284,#1997);
#1330=LINE('',#9288,#1998);
#1331=LINE('',#9292,#1999);
#1332=LINE('',#9294,#2000);
#1333=LINE('',#9298,#2001);
#1334=LINE('',#9302,#2002);
#1335=LINE('',#9304,#2003);
#1336=LINE('',#9305,#2004);
#1337=LINE('',#9308,#2005);
#1338=LINE('',#9309,#2006);
#1339=LINE('',#9312,#2007);
#1340=LINE('',#9314,#2008);
#1341=LINE('',#9315,#2009);
#1342=LINE('',#9318,#2010);
#1343=LINE('',#9319,#2011);
#1344=LINE('',#9322,#2012);
#1345=LINE('',#9323,#2013);
#1346=LINE('',#9326,#2014);
#1347=LINE('',#9327,#2015);
#1348=LINE('',#9330,#2016);
#1349=LINE('',#9331,#2017);
#1350=LINE('',#9334,#2018);
#1351=LINE('',#9335,#2019);
#1352=LINE('',#9337,#2020);
#1353=LINE('',#9340,#2021);
#1354=LINE('',#9342,#2022);
#1355=LINE('',#9343,#2023);
#1356=LINE('',#9345,#2024);
#1357=LINE('',#9347,#2025);
#1358=LINE('',#9348,#2026);
#1359=LINE('',#9353,#2027);
#1360=LINE('',#9355,#2028);
#1361=LINE('',#9356,#2029);
#1362=LINE('',#9359,#2030);
#1363=LINE('',#9365,#2031);
#1364=LINE('',#9367,#2032);
#1365=LINE('',#9369,#2033);
#1366=LINE('',#9371,#2034);
#1367=LINE('',#9373,#2035);
#1368=LINE('',#9375,#2036);
#1369=LINE('',#9377,#2037);
#1370=LINE('',#9378,#2038);
#1371=LINE('',#9381,#2039);
#1372=LINE('',#9382,#2040);
#1373=LINE('',#9383,#2041);
#1374=LINE('',#9385,#2042);
#1375=LINE('',#9387,#2043);
#1376=LINE('',#9388,#2044);
#1377=LINE('',#9390,#2045);
#1378=LINE('',#9391,#2046);
#1379=LINE('',#9393,#2047);
#1380=LINE('',#9396,#2048);
#1381=LINE('',#9398,#2049);
#1382=LINE('',#9400,#2050);
#1383=LINE('',#9401,#2051);
#1384=LINE('',#9404,#2052);
#1385=LINE('',#9408,#2053);
#1386=LINE('',#9411,#2054);
#1387=LINE('',#9416,#2055);
#1388=LINE('',#9420,#2056);
#1389=LINE('',#9424,#2057);
#1390=LINE('',#9426,#2058);
#1391=LINE('',#9432,#2059);
#1392=LINE('',#9436,#2060);
#1393=LINE('',#9438,#2061);
#1394=LINE('',#9442,#2062);
#1395=LINE('',#9446,#2063);
#1396=LINE('',#9450,#2064);
#1397=LINE('',#9454,#2065);
#1398=LINE('',#9458,#2066);
#1399=LINE('',#9460,#2067);
#1400=LINE('',#9464,#2068);
#1401=LINE('',#9468,#2069);
#1402=LINE('',#9470,#2070);
#1403=LINE('',#9474,#2071);
#1404=LINE('',#9477,#2072);
#1405=LINE('',#9480,#2073);
#1406=LINE('',#9482,#2074);
#1407=LINE('',#9483,#2075);
#1408=LINE('',#9484,#2076);
#1409=LINE('',#9486,#2077);
#1410=LINE('',#9487,#2078);
#1411=LINE('',#9490,#2079);
#1412=LINE('',#9493,#2080);
#1413=LINE('',#9495,#2081);
#1414=LINE('',#9496,#2082);
#1415=LINE('',#9499,#2083);
#1416=LINE('',#9503,#2084);
#1417=LINE('',#9507,#2085);
#1418=LINE('',#9510,#2086);
#1419=LINE('',#9511,#2087);
#1420=LINE('',#9514,#2088);
#1421=LINE('',#9515,#2089);
#1422=LINE('',#9517,#2090);
#1423=LINE('',#9519,#2091);
#1424=LINE('',#9521,#2092);
#1425=LINE('',#9523,#2093);
#1426=LINE('',#9525,#2094);
#1427=LINE('',#9528,#2095);
#1428=LINE('',#9531,#2096);
#1429=LINE('',#9534,#2097);
#1430=LINE('',#9535,#2098);
#1431=LINE('',#9536,#2099);
#1432=LINE('',#9538,#2100);
#1433=LINE('',#9540,#2101);
#1434=LINE('',#9542,#2102);
#1435=LINE('',#9545,#2103);
#1436=LINE('',#9547,#2104);
#1437=LINE('',#9548,#2105);
#1438=LINE('',#9551,#2106);
#1439=LINE('',#9552,#2107);
#1440=LINE('',#9555,#2108);
#1441=LINE('',#9556,#2109);
#1442=LINE('',#9560,#2110);
#1443=LINE('',#9563,#2111);
#1444=LINE('',#9565,#2112);
#1445=LINE('',#9566,#2113);
#1446=LINE('',#9569,#2114);
#1447=LINE('',#9570,#2115);
#1448=LINE('',#9572,#2116);
#1449=LINE('',#9575,#2117);
#1450=LINE('',#9579,#2118);
#1451=LINE('',#9581,#2119);
#1452=LINE('',#9582,#2120);
#1453=LINE('',#9585,#2121);
#1454=LINE('',#9586,#2122);
#1455=LINE('',#9590,#2123);
#1456=LINE('',#9595,#2124);
#1457=LINE('',#9598,#2125);
#1458=LINE('',#9601,#2126);
#1459=LINE('',#9603,#2127);
#1460=LINE('',#9604,#2128);
#1461=LINE('',#9607,#2129);
#1462=LINE('',#9608,#2130);
#1463=LINE('',#9610,#2131);
#1464=LINE('',#9612,#2132);
#1465=LINE('',#9615,#2133);
#1466=LINE('',#9618,#2134);
#1467=LINE('',#9620,#2135);
#1468=LINE('',#9622,#2136);
#1469=LINE('',#9623,#2137);
#1470=LINE('',#9627,#2138);
#1471=LINE('',#9628,#2139);
#1472=LINE('',#9629,#2140);
#1473=LINE('',#9631,#2141);
#1474=LINE('',#9633,#2142);
#1475=LINE('',#9634,#2143);
#1476=LINE('',#9637,#2144);
#1477=LINE('',#9639,#2145);
#1478=LINE('',#9643,#2146);
#1479=LINE('',#9648,#2147);
#1480=LINE('',#9651,#2148);
#1481=LINE('',#9654,#2149);
#1482=LINE('',#9656,#2150);
#1483=LINE('',#9657,#2151);
#1484=LINE('',#9658,#2152);
#1485=LINE('',#9661,#2153);
#1486=LINE('',#9662,#2154);
#1487=LINE('',#9665,#2155);
#1488=LINE('',#9666,#2156);
#1489=LINE('',#9669,#2157);
#1490=LINE('',#9670,#2158);
#1491=LINE('',#9673,#2159);
#1492=LINE('',#9674,#2160);
#1493=LINE('',#9676,#2161);
#1494=LINE('',#9679,#2162);
#1495=LINE('',#9680,#2163);
#1496=LINE('',#9686,#2164);
#1497=LINE('',#9688,#2165);
#1498=LINE('',#9691,#2166);
#1499=LINE('',#9693,#2167);
#1500=LINE('',#9694,#2168);
#1501=LINE('',#9699,#2169);
#1502=LINE('',#9703,#2170);
#1503=LINE('',#9705,#2171);
#1504=LINE('',#9706,#2172);
#1505=LINE('',#9711,#2173);
#1506=LINE('',#9715,#2174);
#1507=LINE('',#9716,#2175);
#1508=LINE('',#9719,#2176);
#1509=LINE('',#9721,#2177);
#1510=LINE('',#9722,#2178);
#1511=LINE('',#9724,#2179);
#1512=LINE('',#9726,#2180);
#1513=LINE('',#9731,#2181);
#1514=LINE('',#9732,#2182);
#1515=LINE('',#9734,#2183);
#1516=LINE('',#9736,#2184);
#1517=LINE('',#9738,#2185);
#1518=LINE('',#9739,#2186);
#1519=LINE('',#9744,#2187);
#1520=LINE('',#9746,#2188);
#1521=LINE('',#9750,#2189);
#1522=LINE('',#9753,#2190);
#1523=LINE('',#9756,#2191);
#1524=LINE('',#9757,#2192);
#1525=LINE('',#9760,#2193);
#1526=LINE('',#9764,#2194);
#1527=LINE('',#9765,#2195);
#1528=LINE('',#9768,#2196);
#1529=LINE('',#9773,#2197);
#1530=LINE('',#9775,#2198);
#1531=LINE('',#9777,#2199);
#1532=LINE('',#9779,#2200);
#1533=LINE('',#9780,#2201);
#1534=LINE('',#9781,#2202);
#1535=LINE('',#9784,#2203);
#1536=LINE('',#9786,#2204);
#1537=LINE('',#9787,#2205);
#1538=LINE('',#9790,#2206);
#1539=LINE('',#9792,#2207);
#1540=LINE('',#9793,#2208);
#1541=LINE('',#9796,#2209);
#1542=LINE('',#9798,#2210);
#1543=LINE('',#9799,#2211);
#1544=LINE('',#9802,#2212);
#1545=LINE('',#9804,#2213);
#1546=LINE('',#9805,#2214);
#1547=LINE('',#9807,#2215);
#1548=LINE('',#9808,#2216);
#1549=LINE('',#9811,#2217);
#1550=LINE('',#9813,#2218);
#1551=LINE('',#9814,#2219);
#1552=LINE('',#9820,#2220);
#1553=LINE('',#9824,#2221);
#1554=LINE('',#9826,#2222);
#1555=LINE('',#9827,#2223);
#1556=LINE('',#9828,#2224);
#1557=LINE('',#9829,#2225);
#1558=LINE('',#9834,#2226);
#1559=LINE('',#9838,#2227);
#1560=LINE('',#9840,#2228);
#1561=LINE('',#9841,#2229);
#1562=LINE('',#9846,#2230);
#1563=LINE('',#9849,#2231);
#1564=LINE('',#9850,#2232);
#1565=LINE('',#9852,#2233);
#1566=LINE('',#9853,#2234);
#1567=LINE('',#9857,#2235);
#1568=LINE('',#9860,#2236);
#1569=LINE('',#9861,#2237);
#1570=LINE('',#9864,#2238);
#1571=LINE('',#9868,#2239);
#1572=LINE('',#9869,#2240);
#1573=LINE('',#9873,#2241);
#1574=LINE('',#9876,#2242);
#1575=LINE('',#9877,#2243);
#1576=LINE('',#9883,#2244);
#1577=LINE('',#9884,#2245);
#1578=LINE('',#9888,#2246);
#1579=LINE('',#9891,#2247);
#1580=LINE('',#9892,#2248);
#1581=LINE('',#9896,#2249);
#1582=LINE('',#9898,#2250);
#1583=LINE('',#9902,#2251);
#1584=LINE('',#9903,#2252);
#1585=LINE('',#9907,#2253);
#1586=LINE('',#9909,#2254);
#1587=LINE('',#9911,#2255);
#1588=LINE('',#9914,#2256);
#1589=LINE('',#9918,#2257);
#1590=LINE('',#9919,#2258);
#1591=LINE('',#9923,#2259);
#1592=LINE('',#9925,#2260);
#1593=LINE('',#9928,#2261);
#1594=LINE('',#9930,#2262);
#1595=LINE('',#9934,#2263);
#1596=LINE('',#9935,#2264);
#1597=LINE('',#9939,#2265);
#1598=LINE('',#9941,#2266);
#1599=LINE('',#9943,#2267);
#1600=LINE('',#9945,#2268);
#1601=LINE('',#9947,#2269);
#1602=LINE('',#9949,#2270);
#1603=LINE('',#9951,#2271);
#1604=LINE('',#9953,#2272);
#1605=LINE('',#9955,#2273);
#1606=LINE('',#9957,#2274);
#1607=LINE('',#9959,#2275);
#1608=LINE('',#9961,#2276);
#1609=LINE('',#9964,#2277);
#1610=LINE('',#9965,#2278);
#1611=LINE('',#9968,#2279);
#1612=LINE('',#9969,#2280);
#1613=LINE('',#9972,#2281);
#1614=LINE('',#9973,#2282);
#1615=VECTOR('',#6554,1.75000000000001);
#1616=VECTOR('',#6563,1.75000000000001);
#1617=VECTOR('',#6572,1.75000000000001);
#1618=VECTOR('',#6581,1.75000000000001);
#1619=VECTOR('',#6588,10.);
#1620=VECTOR('',#6589,10.);
#1621=VECTOR('',#6590,10.);
#1622=VECTOR('',#6591,10.);
#1623=VECTOR('',#6598,10.);
#1624=VECTOR('',#6601,10.);
#1625=VECTOR('',#6602,10.);
#1626=VECTOR('',#6603,10.);
#1627=VECTOR('',#6610,10.);
#1628=VECTOR('',#6613,10.);
#1629=VECTOR('',#6614,10.);
#1630=VECTOR('',#6615,10.);
#1631=VECTOR('',#6622,10.);
#1632=VECTOR('',#6625,10.);
#1633=VECTOR('',#6626,10.);
#1634=VECTOR('',#6627,10.);
#1635=VECTOR('',#6636,10.);
#1636=VECTOR('',#6637,10.);
#1637=VECTOR('',#6638,10.);
#1638=VECTOR('',#6639,10.);
#1639=VECTOR('',#6646,10.);
#1640=VECTOR('',#6649,10.);
#1641=VECTOR('',#6650,10.);
#1642=VECTOR('',#6651,10.);
#1643=VECTOR('',#6658,10.);
#1644=VECTOR('',#6661,10.);
#1645=VECTOR('',#6662,10.);
#1646=VECTOR('',#6663,10.);
#1647=VECTOR('',#6670,10.);
#1648=VECTOR('',#6673,10.);
#1649=VECTOR('',#6674,10.);
#1650=VECTOR('',#6675,10.);
#1651=VECTOR('',#6684,10.);
#1652=VECTOR('',#6685,10.);
#1653=VECTOR('',#6686,10.);
#1654=VECTOR('',#6687,10.);
#1655=VECTOR('',#6694,10.);
#1656=VECTOR('',#6697,10.);
#1657=VECTOR('',#6698,10.);
#1658=VECTOR('',#6699,10.);
#1659=VECTOR('',#6706,10.);
#1660=VECTOR('',#6709,10.);
#1661=VECTOR('',#6710,10.);
#1662=VECTOR('',#6711,10.);
#1663=VECTOR('',#6718,10.);
#1664=VECTOR('',#6721,10.);
#1665=VECTOR('',#6722,10.);
#1666=VECTOR('',#6723,10.);
#1667=VECTOR('',#6732,10.);
#1668=VECTOR('',#6733,10.);
#1669=VECTOR('',#6734,10.);
#1670=VECTOR('',#6735,10.);
#1671=VECTOR('',#6742,10.);
#1672=VECTOR('',#6745,10.);
#1673=VECTOR('',#6746,10.);
#1674=VECTOR('',#6747,10.);
#1675=VECTOR('',#6754,10.);
#1676=VECTOR('',#6757,10.);
#1677=VECTOR('',#6758,10.);
#1678=VECTOR('',#6759,10.);
#1679=VECTOR('',#6766,10.);
#1680=VECTOR('',#6769,10.);
#1681=VECTOR('',#6770,10.);
#1682=VECTOR('',#6771,10.);
#1683=VECTOR('',#6782,1.75000000000001);
#1684=VECTOR('',#6791,1.75000000000001);
#1685=VECTOR('',#6800,1.75000000000001);
#1686=VECTOR('',#6809,1.75000000000001);
#1687=VECTOR('',#6816,10.);
#1688=VECTOR('',#6825,1.75000000000001);
#1689=VECTOR('',#6832,1.74999999999997);
#1690=VECTOR('',#6841,1.75000000000001);
#1691=VECTOR('',#6848,10.);
#1692=VECTOR('',#6857,1.74999999999999);
#1693=VECTOR('',#6864,1.75);
#1694=VECTOR('',#6873,1.75);
#1695=VECTOR('',#6882,10.);
#1696=VECTOR('',#6887,1.75);
#1697=VECTOR('',#6894,10.);
#1698=VECTOR('',#6903,1.75);
#1699=VECTOR('',#6910,1.75);
#1700=VECTOR('',#6919,1.75);
#1701=VECTOR('',#6928,1.75);
#1702=VECTOR('',#6937,1.75000000000001);
#1703=VECTOR('',#6946,1.74999999999999);
#1704=VECTOR('',#6955,1.75);
#1705=VECTOR('',#6964,1.74999999999997);
#1706=VECTOR('',#6973,1.75000000000001);
#1707=VECTOR('',#6982,1.74999999999997);
#1708=VECTOR('',#6991,1.75000000000001);
#1709=VECTOR('',#7000,1.75000000000001);
#1710=VECTOR('',#7009,1.75000000000001);
#1711=VECTOR('',#7016,10.);
#1712=VECTOR('',#7017,10.);
#1713=VECTOR('',#7018,10.);
#1714=VECTOR('',#7019,10.);
#1715=VECTOR('',#7020,10.);
#1716=VECTOR('',#7021,10.);
#1717=VECTOR('',#7024,10.);
#1718=VECTOR('',#7025,10.);
#1719=VECTOR('',#7026,10.);
#1720=VECTOR('',#7027,10.);
#1721=VECTOR('',#7028,10.);
#1722=VECTOR('',#7029,10.);
#1723=VECTOR('',#7032,10.);
#1724=VECTOR('',#7033,10.);
#1725=VECTOR('',#7034,10.);
#1726=VECTOR('',#7037,10.);
#1727=VECTOR('',#7038,10.);
#1728=VECTOR('',#7039,10.);
#1729=VECTOR('',#7040,10.);
#1730=VECTOR('',#7043,10.);
#1731=VECTOR('',#7044,10.);
#1732=VECTOR('',#7045,10.);
#1733=VECTOR('',#7048,10.);
#1734=VECTOR('',#7049,10.);
#1735=VECTOR('',#7050,10.);
#1736=VECTOR('',#7051,10.);
#1737=VECTOR('',#7052,10.);
#1738=VECTOR('',#7055,10.);
#1739=VECTOR('',#7058,10.);
#1740=VECTOR('',#7061,10.);
#1741=VECTOR('',#7064,10.);
#1742=VECTOR('',#7065,10.);
#1743=VECTOR('',#7066,10.);
#1744=VECTOR('',#7069,10.);
#1745=VECTOR('',#7070,10.);
#1746=VECTOR('',#7073,10.);
#1747=VECTOR('',#7074,10.);
#1748=VECTOR('',#7075,10.);
#1749=VECTOR('',#7078,10.);
#1750=VECTOR('',#7079,10.);
#1751=VECTOR('',#7082,10.);
#1752=VECTOR('',#7083,10.);
#1753=VECTOR('',#7084,10.);
#1754=VECTOR('',#7085,10.);
#1755=VECTOR('',#7086,10.);
#1756=VECTOR('',#7087,10.);
#1757=VECTOR('',#7090,10.);
#1758=VECTOR('',#7093,10.);
#1759=VECTOR('',#7096,10.);
#1760=VECTOR('',#7097,10.);
#1761=VECTOR('',#7098,10.);
#1762=VECTOR('',#7101,10.);
#1763=VECTOR('',#7102,10.);
#1764=VECTOR('',#7103,10.);
#1765=VECTOR('',#7104,10.);
#1766=VECTOR('',#7107,10.);
#1767=VECTOR('',#7108,10.);
#1768=VECTOR('',#7109,10.);
#1769=VECTOR('',#7112,10.);
#1770=VECTOR('',#7113,10.);
#1771=VECTOR('',#7114,10.);
#1772=VECTOR('',#7115,10.);
#1773=VECTOR('',#7116,10.);
#1774=VECTOR('',#7119,10.);
#1775=VECTOR('',#7120,10.);
#1776=VECTOR('',#7121,10.);
#1777=VECTOR('',#7124,10.);
#1778=VECTOR('',#7125,10.);
#1779=VECTOR('',#7126,10.);
#1780=VECTOR('',#7127,10.);
#1781=VECTOR('',#7128,10.);
#1782=VECTOR('',#7131,10.);
#1783=VECTOR('',#7134,10.);
#1784=VECTOR('',#7137,10.);
#1785=VECTOR('',#7140,10.);
#1786=VECTOR('',#7141,10.);
#1787=VECTOR('',#7142,10.);
#1788=VECTOR('',#7145,10.);
#1789=VECTOR('',#7146,10.);
#1790=VECTOR('',#7147,10.);
#1791=VECTOR('',#7150,10.);
#1792=VECTOR('',#7151,10.);
#1793=VECTOR('',#7152,10.);
#1794=VECTOR('',#7153,10.);
#1795=VECTOR('',#7156,10.);
#1796=VECTOR('',#7157,10.);
#1797=VECTOR('',#7158,10.);
#1798=VECTOR('',#7159,10.);
#1799=VECTOR('',#7160,10.);
#1800=VECTOR('',#7161,10.);
#1801=VECTOR('',#7162,10.);
#1802=VECTOR('',#7165,10.);
#1803=VECTOR('',#7166,10.);
#1804=VECTOR('',#7169,10.);
#1805=VECTOR('',#7170,10.);
#1806=VECTOR('',#7173,10.);
#1807=VECTOR('',#7176,10.);
#1808=VECTOR('',#7179,10.);
#1809=VECTOR('',#7182,10.);
#1810=VECTOR('',#7183,10.);
#1811=VECTOR('',#7184,10.);
#1812=VECTOR('',#7185,10.);
#1813=VECTOR('',#7188,10.);
#1814=VECTOR('',#7189,10.);
#1815=VECTOR('',#7190,10.);
#1816=VECTOR('',#7191,10.);
#1817=VECTOR('',#7194,10.);
#1818=VECTOR('',#7195,10.);
#1819=VECTOR('',#7196,10.);
#1820=VECTOR('',#7199,10.);
#1821=VECTOR('',#7200,10.);
#1822=VECTOR('',#7201,10.);
#1823=VECTOR('',#7202,10.);
#1824=VECTOR('',#7203,10.);
#1825=VECTOR('',#7204,10.);
#1826=VECTOR('',#7205,10.);
#1827=VECTOR('',#7206,10.);
#1828=VECTOR('',#7207,10.);
#1829=VECTOR('',#7210,10.);
#1830=VECTOR('',#7211,10.);
#1831=VECTOR('',#7214,10.);
#1832=VECTOR('',#7215,10.);
#1833=VECTOR('',#7216,10.);
#1834=VECTOR('',#7219,10.);
#1835=VECTOR('',#7220,10.);
#1836=VECTOR('',#7223,10.);
#1837=VECTOR('',#7226,10.);
#1838=VECTOR('',#7229,10.);
#1839=VECTOR('',#7232,10.);
#1840=VECTOR('',#7233,10.);
#1841=VECTOR('',#7234,10.);
#1842=VECTOR('',#7237,10.);
#1843=VECTOR('',#7240,10.);
#1844=VECTOR('',#7243,10.);
#1845=VECTOR('',#7244,10.);
#1846=VECTOR('',#7245,10.);
#1847=VECTOR('',#7246,10.);
#1848=VECTOR('',#7249,10.);
#1849=VECTOR('',#7250,10.);
#1850=VECTOR('',#7251,10.);
#1851=VECTOR('',#7252,10.);
#1852=VECTOR('',#7255,10.);
#1853=VECTOR('',#7256,10.);
#1854=VECTOR('',#7257,10.);
#1855=VECTOR('',#7260,10.);
#1856=VECTOR('',#7261,10.);
#1857=VECTOR('',#7262,10.);
#1858=VECTOR('',#7263,10.);
#1859=VECTOR('',#7264,10.);
#1860=VECTOR('',#7265,10.);
#1861=VECTOR('',#7268,10.);
#1862=VECTOR('',#7269,10.);
#1863=VECTOR('',#7272,10.);
#1864=VECTOR('',#7273,10.);
#1865=VECTOR('',#7276,10.);
#1866=VECTOR('',#7279,10.);
#1867=VECTOR('',#7280,10.);
#1868=VECTOR('',#7281,10.);
#1869=VECTOR('',#7282,10.);
#1870=VECTOR('',#7283,10.);
#1871=VECTOR('',#7286,10.);
#1872=VECTOR('',#7287,10.);
#1873=VECTOR('',#7288,10.);
#1874=VECTOR('',#7291,10.);
#1875=VECTOR('',#7292,10.);
#1876=VECTOR('',#7293,10.);
#1877=VECTOR('',#7296,10.);
#1878=VECTOR('',#7297,10.);
#1879=VECTOR('',#7298,10.);
#1880=VECTOR('',#7299,10.);
#1881=VECTOR('',#7300,10.);
#1882=VECTOR('',#7303,10.);
#1883=VECTOR('',#7304,10.);
#1884=VECTOR('',#7305,10.);
#1885=VECTOR('',#7308,10.);
#1886=VECTOR('',#7309,10.);
#1887=VECTOR('',#7310,10.);
#1888=VECTOR('',#7311,10.);
#1889=VECTOR('',#7312,10.);
#1890=VECTOR('',#7315,10.);
#1891=VECTOR('',#7318,10.);
#1892=VECTOR('',#7321,10.);
#1893=VECTOR('',#7324,10.);
#1894=VECTOR('',#7325,10.);
#1895=VECTOR('',#7326,10.);
#1896=VECTOR('',#7329,10.);
#1897=VECTOR('',#7330,10.);
#1898=VECTOR('',#7331,10.);
#1899=VECTOR('',#7334,10.);
#1900=VECTOR('',#7335,10.);
#1901=VECTOR('',#7336,10.);
#1902=VECTOR('',#7337,10.);
#1903=VECTOR('',#7338,10.);
#1904=VECTOR('',#7339,10.);
#1905=VECTOR('',#7340,10.);
#1906=VECTOR('',#7341,10.);
#1907=VECTOR('',#7342,10.);
#1908=VECTOR('',#7345,10.);
#1909=VECTOR('',#7348,10.);
#1910=VECTOR('',#7351,10.);
#1911=VECTOR('',#7354,10.);
#1912=VECTOR('',#7357,10.);
#1913=VECTOR('',#7358,10.);
#1914=VECTOR('',#7359,10.);
#1915=VECTOR('',#7360,10.);
#1916=VECTOR('',#7363,10.);
#1917=VECTOR('',#7364,10.);
#1918=VECTOR('',#7365,10.);
#1919=VECTOR('',#7366,10.);
#1920=VECTOR('',#7369,10.);
#1921=VECTOR('',#7370,10.);
#1922=VECTOR('',#7371,10.);
#1923=VECTOR('',#7372,10.);
#1924=VECTOR('',#7373,10.);
#1925=VECTOR('',#7376,10.);
#1926=VECTOR('',#7377,10.);
#1927=VECTOR('',#7378,10.);
#1928=VECTOR('',#7381,10.);
#1929=VECTOR('',#7384,10.);
#1930=VECTOR('',#7387,10.);
#1931=VECTOR('',#7390,10.);
#1932=VECTOR('',#7391,10.);
#1933=VECTOR('',#7392,10.);
#1934=VECTOR('',#7393,10.);
#1935=VECTOR('',#7396,10.);
#1936=VECTOR('',#7397,10.);
#1937=VECTOR('',#7400,10.);
#1938=VECTOR('',#7401,10.);
#1939=VECTOR('',#7402,10.);
#1940=VECTOR('',#7405,10.);
#1941=VECTOR('',#7408,10.);
#1942=VECTOR('',#7411,10.);
#1943=VECTOR('',#7412,10.);
#1944=VECTOR('',#7415,10.);
#1945=VECTOR('',#7418,10.);
#1946=VECTOR('',#7419,10.);
#1947=VECTOR('',#7420,10.);
#1948=VECTOR('',#7421,10.);
#1949=VECTOR('',#7422,10.);
#1950=VECTOR('',#7425,10.);
#1951=VECTOR('',#7426,10.);
#1952=VECTOR('',#7427,10.);
#1953=VECTOR('',#7430,10.);
#1954=VECTOR('',#7431,10.);
#1955=VECTOR('',#7432,10.);
#1956=VECTOR('',#7435,10.);
#1957=VECTOR('',#7436,10.);
#1958=VECTOR('',#7439,10.);
#1959=VECTOR('',#7440,10.);
#1960=VECTOR('',#7443,10.);
#1961=VECTOR('',#7446,10.);
#1962=VECTOR('',#7447,10.);
#1963=VECTOR('',#7448,10.);
#1964=VECTOR('',#7451,10.);
#1965=VECTOR('',#7456,10.);
#1966=VECTOR('',#7457,10.);
#1967=VECTOR('',#7458,10.);
#1968=VECTOR('',#7459,10.);
#1969=VECTOR('',#7462,10.);
#1970=VECTOR('',#7465,10.);
#1971=VECTOR('',#7466,10.);
#1972=VECTOR('',#7467,10.);
#1973=VECTOR('',#7468,10.);
#1974=VECTOR('',#7469,10.);
#1975=VECTOR('',#7470,10.);
#1976=VECTOR('',#7471,10.);
#1977=VECTOR('',#7472,10.);
#1978=VECTOR('',#7475,10.);
#1979=VECTOR('',#7476,10.);
#1980=VECTOR('',#7477,10.);
#1981=VECTOR('',#7480,10.);
#1982=VECTOR('',#7481,10.);
#1983=VECTOR('',#7482,10.);
#1984=VECTOR('',#7485,10.);
#1985=VECTOR('',#7488,10.);
#1986=VECTOR('',#7489,10.);
#1987=VECTOR('',#7490,10.);
#1988=VECTOR('',#7491,10.);
#1989=VECTOR('',#7494,10.);
#1990=VECTOR('',#7495,10.);
#1991=VECTOR('',#7496,10.);
#1992=VECTOR('',#7499,10.);
#1993=VECTOR('',#7500,10.);
#1994=VECTOR('',#7501,10.);
#1995=VECTOR('',#7508,10.);
#1996=VECTOR('',#7509,10.);
#1997=VECTOR('',#7510,10.);
#1998=VECTOR('',#7513,10.);
#1999=VECTOR('',#7516,10.);
#2000=VECTOR('',#7517,10.);
#2001=VECTOR('',#7520,10.);
#2002=VECTOR('',#7525,10.);
#2003=VECTOR('',#7526,10.);
#2004=VECTOR('',#7527,10.);
#2005=VECTOR('',#7530,10.);
#2006=VECTOR('',#7531,10.);
#2007=VECTOR('',#7534,10.);
#2008=VECTOR('',#7535,10.);
#2009=VECTOR('',#7536,10.);
#2010=VECTOR('',#7539,10.);
#2011=VECTOR('',#7540,10.);
#2012=VECTOR('',#7543,10.);
#2013=VECTOR('',#7544,10.);
#2014=VECTOR('',#7547,10.);
#2015=VECTOR('',#7548,10.);
#2016=VECTOR('',#7551,10.);
#2017=VECTOR('',#7552,10.);
#2018=VECTOR('',#7555,10.);
#2019=VECTOR('',#7556,10.);
#2020=VECTOR('',#7559,10.);
#2021=VECTOR('',#7562,10.);
#2022=VECTOR('',#7563,10.);
#2023=VECTOR('',#7564,10.);
#2024=VECTOR('',#7567,10.);
#2025=VECTOR('',#7570,10.);
#2026=VECTOR('',#7571,10.);
#2027=VECTOR('',#7578,10.);
#2028=VECTOR('',#7579,10.);
#2029=VECTOR('',#7580,10.);
#2030=VECTOR('',#7585,10.);
#2031=VECTOR('',#7592,10.);
#2032=VECTOR('',#7593,10.);
#2033=VECTOR('',#7594,10.);
#2034=VECTOR('',#7595,10.);
#2035=VECTOR('',#7596,10.);
#2036=VECTOR('',#7597,10.);
#2037=VECTOR('',#7598,10.);
#2038=VECTOR('',#7599,10.);
#2039=VECTOR('',#7602,10.);
#2040=VECTOR('',#7603,10.);
#2041=VECTOR('',#7604,10.);
#2042=VECTOR('',#7607,10.);
#2043=VECTOR('',#7608,10.);
#2044=VECTOR('',#7609,10.);
#2045=VECTOR('',#7612,10.);
#2046=VECTOR('',#7613,10.);
#2047=VECTOR('',#7616,10.);
#2048=VECTOR('',#7619,10.);
#2049=VECTOR('',#7620,10.);
#2050=VECTOR('',#7621,10.);
#2051=VECTOR('',#7622,10.);
#2052=VECTOR('',#7625,10.);
#2053=VECTOR('',#7628,10.);
#2054=VECTOR('',#7633,10.);
#2055=VECTOR('',#7638,10.);
#2056=VECTOR('',#7641,10.);
#2057=VECTOR('',#7644,10.);
#2058=VECTOR('',#7645,10.);
#2059=VECTOR('',#7652,10.);
#2060=VECTOR('',#7655,10.);
#2061=VECTOR('',#7656,10.);
#2062=VECTOR('',#7659,10.);
#2063=VECTOR('',#7662,10.);
#2064=VECTOR('',#7665,10.);
#2065=VECTOR('',#7668,10.);
#2066=VECTOR('',#7671,10.);
#2067=VECTOR('',#7672,10.);
#2068=VECTOR('',#7675,10.);
#2069=VECTOR('',#7678,10.);
#2070=VECTOR('',#7679,10.);
#2071=VECTOR('',#7682,10.);
#2072=VECTOR('',#7687,10.);
#2073=VECTOR('',#7690,10.);
#2074=VECTOR('',#7691,10.);
#2075=VECTOR('',#7692,10.);
#2076=VECTOR('',#7693,10.);
#2077=VECTOR('',#7696,10.);
#2078=VECTOR('',#7697,10.);
#2079=VECTOR('',#7702,10.);
#2080=VECTOR('',#7705,10.);
#2081=VECTOR('',#7706,10.);
#2082=VECTOR('',#7707,10.);
#2083=VECTOR('',#7712,10.);
#2084=VECTOR('',#7717,10.);
#2085=VECTOR('',#7722,10.);
#2086=VECTOR('',#7725,10.);
#2087=VECTOR('',#7726,10.);
#2088=VECTOR('',#7729,10.);
#2089=VECTOR('',#7730,10.);
#2090=VECTOR('',#7733,10.);
#2091=VECTOR('',#7736,10.);
#2092=VECTOR('',#7739,10.);
#2093=VECTOR('',#7742,10.);
#2094=VECTOR('',#7745,10.);
#2095=VECTOR('',#7748,10.);
#2096=VECTOR('',#7751,10.);
#2097=VECTOR('',#7754,10.);
#2098=VECTOR('',#7755,10.);
#2099=VECTOR('',#7756,10.);
#2100=VECTOR('',#7759,10.);
#2101=VECTOR('',#7762,10.);
#2102=VECTOR('',#7765,10.);
#2103=VECTOR('',#7768,10.);
#2104=VECTOR('',#7769,10.);
#2105=VECTOR('',#7770,10.);
#2106=VECTOR('',#7773,10.);
#2107=VECTOR('',#7774,10.);
#2108=VECTOR('',#7777,10.);
#2109=VECTOR('',#7778,10.);
#2110=VECTOR('',#7783,10.);
#2111=VECTOR('',#7786,10.);
#2112=VECTOR('',#7787,10.);
#2113=VECTOR('',#7788,10.);
#2114=VECTOR('',#7791,10.);
#2115=VECTOR('',#7792,10.);
#2116=VECTOR('',#7793,10.);
#2117=VECTOR('',#7798,10.);
#2118=VECTOR('',#7803,10.);
#2119=VECTOR('',#7804,10.);
#2120=VECTOR('',#7805,10.);
#2121=VECTOR('',#7808,10.);
#2122=VECTOR('',#7809,10.);
#2123=VECTOR('',#7812,10.);
#2124=VECTOR('',#7817,10.);
#2125=VECTOR('',#7822,10.);
#2126=VECTOR('',#7825,10.);
#2127=VECTOR('',#7826,10.);
#2128=VECTOR('',#7827,10.);
#2129=VECTOR('',#7830,10.);
#2130=VECTOR('',#7831,10.);
#2131=VECTOR('',#7834,10.);
#2132=VECTOR('',#7837,10.);
#2133=VECTOR('',#7840,10.);
#2134=VECTOR('',#7845,10.);
#2135=VECTOR('',#7846,10.);
#2136=VECTOR('',#7847,10.);
#2137=VECTOR('',#7848,10.);
#2138=VECTOR('',#7851,10.);
#2139=VECTOR('',#7852,10.);
#2140=VECTOR('',#7853,10.);
#2141=VECTOR('',#7854,10.);
#2142=VECTOR('',#7855,10.);
#2143=VECTOR('',#7856,10.);
#2144=VECTOR('',#7861,10.);
#2145=VECTOR('',#7864,10.);
#2146=VECTOR('',#7869,10.);
#2147=VECTOR('',#7872,10.);
#2148=VECTOR('',#7875,10.);
#2149=VECTOR('',#7878,10.);
#2150=VECTOR('',#7879,10.);
#2151=VECTOR('',#7880,10.);
#2152=VECTOR('',#7881,10.);
#2153=VECTOR('',#7884,10.);
#2154=VECTOR('',#7885,10.);
#2155=VECTOR('',#7888,10.);
#2156=VECTOR('',#7889,10.);
#2157=VECTOR('',#7892,10.);
#2158=VECTOR('',#7893,10.);
#2159=VECTOR('',#7896,10.);
#2160=VECTOR('',#7897,10.);
#2161=VECTOR('',#7900,10.);
#2162=VECTOR('',#7903,10.);
#2163=VECTOR('',#7904,10.);
#2164=VECTOR('',#7909,10.);
#2165=VECTOR('',#7912,10.);
#2166=VECTOR('',#7915,10.);
#2167=VECTOR('',#7916,10.);
#2168=VECTOR('',#7917,10.);
#2169=VECTOR('',#7922,10.);
#2170=VECTOR('',#7927,10.);
#2171=VECTOR('',#7928,10.);
#2172=VECTOR('',#7929,10.);
#2173=VECTOR('',#7938,10.);
#2174=VECTOR('',#7943,10.);
#2175=VECTOR('',#7944,10.);
#2176=VECTOR('',#7947,10.);
#2177=VECTOR('',#7948,10.);
#2178=VECTOR('',#7949,10.);
#2179=VECTOR('',#7952,10.);
#2180=VECTOR('',#7955,10.);
#2181=VECTOR('',#7960,10.);
#2182=VECTOR('',#7961,10.);
#2183=VECTOR('',#7962,10.);
#2184=VECTOR('',#7963,10.);
#2185=VECTOR('',#7964,10.);
#2186=VECTOR('',#7965,10.);
#2187=VECTOR('',#7970,10.);
#2188=VECTOR('',#7971,10.);
#2189=VECTOR('',#7974,10.);
#2190=VECTOR('',#7977,10.);
#2191=VECTOR('',#7980,10.);
#2192=VECTOR('',#7981,10.);
#2193=VECTOR('',#7984,10.);
#2194=VECTOR('',#7989,10.);
#2195=VECTOR('',#7990,10.);
#2196=VECTOR('',#7993,10.);
#2197=VECTOR('',#7998,10.);
#2198=VECTOR('',#7999,10.);
#2199=VECTOR('',#8000,10.);
#2200=VECTOR('',#8001,10.);
#2201=VECTOR('',#8002,10.);
#2202=VECTOR('',#8003,10.);
#2203=VECTOR('',#8006,10.);
#2204=VECTOR('',#8007,10.);
#2205=VECTOR('',#8008,10.);
#2206=VECTOR('',#8011,10.);
#2207=VECTOR('',#8012,10.);
#2208=VECTOR('',#8013,10.);
#2209=VECTOR('',#8016,10.);
#2210=VECTOR('',#8017,10.);
#2211=VECTOR('',#8018,10.);
#2212=VECTOR('',#8021,10.);
#2213=VECTOR('',#8022,10.);
#2214=VECTOR('',#8023,10.);
#2215=VECTOR('',#8026,10.);
#2216=VECTOR('',#8027,10.);
#2217=VECTOR('',#8030,10.);
#2218=VECTOR('',#8031,10.);
#2219=VECTOR('',#8032,10.);
#2220=VECTOR('',#8039,10.);
#2221=VECTOR('',#8042,10.);
#2222=VECTOR('',#8043,10.);
#2223=VECTOR('',#8044,10.);
#2224=VECTOR('',#8045,10.);
#2225=VECTOR('',#8046,10.);
#2226=VECTOR('',#8051,10.);
#2227=VECTOR('',#8056,10.);
#2228=VECTOR('',#8057,10.);
#2229=VECTOR('',#8058,10.);
#2230=VECTOR('',#8063,10.);
#2231=VECTOR('',#8068,10.);
#2232=VECTOR('',#8069,10.);
#2233=VECTOR('',#8072,10.);
#2234=VECTOR('',#8073,10.);
#2235=VECTOR('',#8080,10.);
#2236=VECTOR('',#8083,10.);
#2237=VECTOR('',#8084,10.);
#2238=VECTOR('',#8087,10.);
#2239=VECTOR('',#8092,10.);
#2240=VECTOR('',#8093,10.);
#2241=VECTOR('',#8098,10.);
#2242=VECTOR('',#8101,10.);
#2243=VECTOR('',#8102,10.);
#2244=VECTOR('',#8111,10.);
#2245=VECTOR('',#8112,10.);
#2246=VECTOR('',#8117,10.);
#2247=VECTOR('',#8120,10.);
#2248=VECTOR('',#8121,10.);
#2249=VECTOR('',#8126,10.);
#2250=VECTOR('',#8129,10.);
#2251=VECTOR('',#8134,10.);
#2252=VECTOR('',#8135,10.);
#2253=VECTOR('',#8140,10.);
#2254=VECTOR('',#8143,10.);
#2255=VECTOR('',#8146,10.);
#2256=VECTOR('',#8149,10.);
#2257=VECTOR('',#8154,10.);
#2258=VECTOR('',#8155,10.);
#2259=VECTOR('',#8160,10.);
#2260=VECTOR('',#8163,10.);
#2261=VECTOR('',#8166,10.);
#2262=VECTOR('',#8167,10.);
#2263=VECTOR('',#8172,10.);
#2264=VECTOR('',#8173,10.);
#2265=VECTOR('',#8178,10.);
#2266=VECTOR('',#8181,10.);
#2267=VECTOR('',#8184,10.);
#2268=VECTOR('',#8187,10.);
#2269=VECTOR('',#8190,10.);
#2270=VECTOR('',#8193,10.);
#2271=VECTOR('',#8196,10.);
#2272=VECTOR('',#8199,10.);
#2273=VECTOR('',#8202,10.);
#2274=VECTOR('',#8205,10.);
#2275=VECTOR('',#8208,10.);
#2276=VECTOR('',#8211,10.);
#2277=VECTOR('',#8214,10.);
#2278=VECTOR('',#8215,10.);
#2279=VECTOR('',#8218,10.);
#2280=VECTOR('',#8219,10.);
#2281=VECTOR('',#8222,10.);
#2282=VECTOR('',#8223,10.);
#2283=CIRCLE('',#6042,1.75000000000001);
#2284=CIRCLE('',#6043,1.75000000000001);
#2285=CIRCLE('',#6046,1.75000000000001);
#2286=CIRCLE('',#6047,1.75000000000001);
#2287=CIRCLE('',#6050,1.75000000000001);
#2288=CIRCLE('',#6051,1.75000000000001);
#2289=CIRCLE('',#6054,1.75000000000001);
#2290=CIRCLE('',#6055,1.75000000000001);
#2291=CIRCLE('',#6059,1.59999999999997);
#2292=CIRCLE('',#6060,1.59999999999997);
#2293=CIRCLE('',#6063,1.59999999999998);
#2294=CIRCLE('',#6064,1.59999999999998);
#2295=CIRCLE('',#6067,1.59999999999998);
#2296=CIRCLE('',#6068,1.59999999999998);
#2297=CIRCLE('',#6071,1.59999999999997);
#2298=CIRCLE('',#6072,1.59999999999997);
#2299=CIRCLE('',#6075,1.59999999999998);
#2300=CIRCLE('',#6076,1.59999999999998);
#2301=CIRCLE('',#6079,1.59999999999998);
#2302=CIRCLE('',#6080,1.59999999999998);
#2303=CIRCLE('',#6083,1.59999999999998);
#2304=CIRCLE('',#6084,1.59999999999998);
#2305=CIRCLE('',#6087,1.59999999999998);
#2306=CIRCLE('',#6088,1.59999999999998);
#2307=CIRCLE('',#6091,1.59999999999998);
#2308=CIRCLE('',#6092,1.59999999999998);
#2309=CIRCLE('',#6095,1.59999999999998);
#2310=CIRCLE('',#6096,1.59999999999998);
#2311=CIRCLE('',#6099,1.59999999999998);
#2312=CIRCLE('',#6100,1.59999999999998);
#2313=CIRCLE('',#6103,1.59999999999998);
#2314=CIRCLE('',#6104,1.59999999999998);
#2315=CIRCLE('',#6107,1.59999999999998);
#2316=CIRCLE('',#6108,1.59999999999998);
#2317=CIRCLE('',#6111,1.59999999999998);
#2318=CIRCLE('',#6112,1.59999999999998);
#2319=CIRCLE('',#6115,1.59999999999997);
#2320=CIRCLE('',#6116,1.59999999999997);
#2321=CIRCLE('',#6119,1.59999999999997);
#2322=CIRCLE('',#6120,1.59999999999997);
#2323=CIRCLE('',#6122,1.75000000000001);
#2324=CIRCLE('',#6123,1.75000000000001);
#2325=CIRCLE('',#6126,1.75000000000001);
#2326=CIRCLE('',#6127,1.75000000000001);
#2327=CIRCLE('',#6130,1.75000000000001);
#2328=CIRCLE('',#6131,1.75000000000001);
#2329=CIRCLE('',#6134,1.75000000000001);
#2330=CIRCLE('',#6135,1.75000000000001);
#2331=CIRCLE('',#6138,1.75000000000001);
#2332=CIRCLE('',#6139,1.75000000000001);
#2333=CIRCLE('',#6141,1.75000000000001);
#2334=CIRCLE('',#6142,1.75000000000001);
#2335=CIRCLE('',#6144,1.74999999999997);
#2336=CIRCLE('',#6145,1.74999999999997);
#2337=CIRCLE('',#6148,1.75000000000001);
#2338=CIRCLE('',#6149,1.75000000000001);
#2339=CIRCLE('',#6152,1.74999999999999);
#2340=CIRCLE('',#6153,1.74999999999999);
#2341=CIRCLE('',#6155,1.74999999999999);
#2342=CIRCLE('',#6156,1.74999999999999);
#2343=CIRCLE('',#6158,1.75);
#2344=CIRCLE('',#6159,1.75);
#2345=CIRCLE('',#6162,1.75);
#2346=CIRCLE('',#6163,1.75);
#2347=CIRCLE('',#6164,1.75);
#2348=CIRCLE('',#6165,1.75);
#2349=CIRCLE('',#6168,1.75);
#2350=CIRCLE('',#6169,1.75);
#2351=CIRCLE('',#6172,1.75);
#2352=CIRCLE('',#6173,1.75);
#2353=CIRCLE('',#6175,1.75);
#2354=CIRCLE('',#6176,1.75);
#2355=CIRCLE('',#6178,1.75);
#2356=CIRCLE('',#6179,1.75);
#2357=CIRCLE('',#6182,1.75);
#2358=CIRCLE('',#6183,1.75);
#2359=CIRCLE('',#6186,1.75);
#2360=CIRCLE('',#6187,1.75);
#2361=CIRCLE('',#6190,1.75000000000001);
#2362=CIRCLE('',#6191,1.75000000000001);
#2363=CIRCLE('',#6194,1.74999999999999);
#2364=CIRCLE('',#6195,1.74999999999999);
#2365=CIRCLE('',#6198,1.75);
#2366=CIRCLE('',#6199,1.75);
#2367=CIRCLE('',#6202,1.74999999999997);
#2368=CIRCLE('',#6203,1.74999999999997);
#2369=CIRCLE('',#6206,1.75000000000001);
#2370=CIRCLE('',#6207,1.75000000000001);
#2371=CIRCLE('',#6210,1.74999999999997);
#2372=CIRCLE('',#6211,1.74999999999997);
#2373=CIRCLE('',#6214,1.75000000000001);
#2374=CIRCLE('',#6215,1.75000000000001);
#2375=CIRCLE('',#6218,1.75000000000001);
#2376=CIRCLE('',#6219,1.75000000000001);
#2377=CIRCLE('',#6222,1.75000000000001);
#2378=CIRCLE('',#6223,1.75000000000001);
#2379=CIRCLE('',#6231,2.5);
#2380=CIRCLE('',#6232,2.49999999999999);
#2381=CIRCLE('',#6233,2.5);
#2382=CIRCLE('',#6234,2.5);
#2383=CIRCLE('',#6247,2.5);
#2384=CIRCLE('',#6248,2.49999999999999);
#2385=CIRCLE('',#6249,2.5);
#2386=CIRCLE('',#6250,2.5);
#2387=CIRCLE('',#6252,2.5);
#2388=CIRCLE('',#6253,2.5);
#2389=CIRCLE('',#6266,2.5);
#2390=CIRCLE('',#6267,2.49999999999999);
#2391=CIRCLE('',#6268,2.5);
#2392=CIRCLE('',#6269,2.5);
#2393=CIRCLE('',#6285,2.5);
#2394=CIRCLE('',#6286,2.49999999999999);
#2395=CIRCLE('',#6287,2.5);
#2396=CIRCLE('',#6288,2.5);
#2397=CIRCLE('',#6290,2.5);
#2398=CIRCLE('',#6299,2.5);
#2399=CIRCLE('',#6300,2.49999999999999);
#2400=CIRCLE('',#6301,2.5);
#2401=CIRCLE('',#6302,2.5);
#2402=CIRCLE('',#6305,42.7931069215592);
#2403=CIRCLE('',#6306,42.7931069215592);
#2404=CIRCLE('',#6307,2.5);
#2405=CIRCLE('',#6308,2.49999999999999);
#2406=CIRCLE('',#6309,2.5);
#2407=CIRCLE('',#6318,2.49999999999999);
#2408=CIRCLE('',#6319,2.49999999999999);
#2409=CIRCLE('',#6320,2.5);
#2410=CIRCLE('',#6321,2.49999999999999);
#2411=CIRCLE('',#6322,2.5);
#2412=CIRCLE('',#6323,2.5);
#2413=CIRCLE('',#6328,2.5);
#2414=CIRCLE('',#6330,2.49999999999999);
#2415=CIRCLE('',#6331,2.5);
#2416=CIRCLE('',#6332,42.7931069215592);
#2417=CIRCLE('',#6333,42.7931069215593);
#2418=CIRCLE('',#6360,42.793106921559);
#2419=CIRCLE('',#6361,42.793106921559);
#2420=CIRCLE('',#6364,2.49999999999999);
#2421=CIRCLE('',#6365,42.7931069215592);
#2422=CIRCLE('',#6366,42.7931069215592);
#2423=CIRCLE('',#6367,2.5);
#2424=CIRCLE('',#6369,2.49999999999999);
#2425=CIRCLE('',#6370,2.5);
#2426=CIRCLE('',#6371,42.793106921559);
#2427=CIRCLE('',#6372,42.793106921559);
#2428=CIRCLE('',#6373,2.5);
#2429=CIRCLE('',#6374,2.49999999999999);
#2430=CIRCLE('',#6375,2.5);
#2431=CIRCLE('',#6376,42.7931069215592);
#2432=CIRCLE('',#6377,42.7931069215592);
#2433=CIRCLE('',#6378,2.5);
#2434=CIRCLE('',#6379,2.5);
#2435=CIRCLE('',#6389,2.5);
#2436=CIRCLE('',#6391,2.5);
#2437=CIRCLE('',#6400,2.5);
#2438=CIRCLE('',#6409,42.793106921559);
#2439=CIRCLE('',#6412,2.5);
#2440=CIRCLE('',#6418,2.5);
#2441=CIRCLE('',#6419,2.5);
#2442=CIRCLE('',#6420,2.5);
#2443=CIRCLE('',#6427,42.793106921559);
#2444=CIRCLE('',#6434,2.5);
#2445=CIRCLE('',#6435,2.5);
#2446=CIRCLE('',#6436,2.5);
#2447=CIRCLE('',#6445,2.5);
#2448=CIRCLE('',#6446,2.5);
#2449=CIRCLE('',#6449,2.5);
#2450=CIRCLE('',#6450,2.5);
#2451=CIRCLE('',#6453,2.49999999999999);
#2452=CIRCLE('',#6454,2.49999999999999);
#2453=CIRCLE('',#6464,2.5);
#2454=CIRCLE('',#6465,2.5);
#2455=CIRCLE('',#6466,2.5);
#2456=CIRCLE('',#6469,2.49999999999999);
#2457=CIRCLE('',#6472,2.5);
#2458=CIRCLE('',#6481,2.5);
#2459=CIRCLE('',#6482,2.5);
#2460=CIRCLE('',#6485,2.5);
#2461=CIRCLE('',#6486,2.5);
#2462=CIRCLE('',#6489,2.49999999999999);
#2463=CIRCLE('',#6490,2.49999999999999);
#2464=CIRCLE('',#6498,42.793106921559);
#2465=CIRCLE('',#6501,42.7931069215592);
#2466=CIRCLE('',#6504,42.7931069215592);
#2467=CIRCLE('',#6508,42.7931069215592);
#2468=CIRCLE('',#6511,42.7931069215592);
#2469=CIRCLE('',#6516,42.793106921559);
#2470=CIRCLE('',#6520,42.7931069215592);
#2471=CIRCLE('',#6523,42.7931069215592);
#2472=CIRCLE('',#6526,42.7931069215593);
#2473=CIRCLE('',#6529,42.7931069215592);
#2474=CIRCLE('',#6545,2.5);
#2475=CIRCLE('',#6546,2.5);
#2476=VERTEX_POINT('',#8234);
#2477=VERTEX_POINT('',#8236);
#2478=VERTEX_POINT('',#8241);
#2479=VERTEX_POINT('',#8243);
#2480=VERTEX_POINT('',#8248);
#2481=VERTEX_POINT('',#8250);
#2482=VERTEX_POINT('',#8255);
#2483=VERTEX_POINT('',#8257);
#2484=VERTEX_POINT('',#8262);
#2485=VERTEX_POINT('',#8263);
#2486=VERTEX_POINT('',#8265);
#2487=VERTEX_POINT('',#8267);
#2488=VERTEX_POINT('',#8271);
#2489=VERTEX_POINT('',#8273);
#2490=VERTEX_POINT('',#8277);
#2491=VERTEX_POINT('',#8279);
#2492=VERTEX_POINT('',#8283);
#2493=VERTEX_POINT('',#8285);
#2494=VERTEX_POINT('',#8289);
#2495=VERTEX_POINT('',#8291);
#2496=VERTEX_POINT('',#8295);
#2497=VERTEX_POINT('',#8297);
#2498=VERTEX_POINT('',#8301);
#2499=VERTEX_POINT('',#8303);
#2500=VERTEX_POINT('',#8310);
#2501=VERTEX_POINT('',#8311);
#2502=VERTEX_POINT('',#8313);
#2503=VERTEX_POINT('',#8315);
#2504=VERTEX_POINT('',#8319);
#2505=VERTEX_POINT('',#8321);
#2506=VERTEX_POINT('',#8325);
#2507=VERTEX_POINT('',#8327);
#2508=VERTEX_POINT('',#8331);
#2509=VERTEX_POINT('',#8333);
#2510=VERTEX_POINT('',#8337);
#2511=VERTEX_POINT('',#8339);
#2512=VERTEX_POINT('',#8343);
#2513=VERTEX_POINT('',#8345);
#2514=VERTEX_POINT('',#8349);
#2515=VERTEX_POINT('',#8351);
#2516=VERTEX_POINT('',#8358);
#2517=VERTEX_POINT('',#8359);
#2518=VERTEX_POINT('',#8361);
#2519=VERTEX_POINT('',#8363);
#2520=VERTEX_POINT('',#8367);
#2521=VERTEX_POINT('',#8369);
#2522=VERTEX_POINT('',#8373);
#2523=VERTEX_POINT('',#8375);
#2524=VERTEX_POINT('',#8379);
#2525=VERTEX_POINT('',#8381);
#2526=VERTEX_POINT('',#8385);
#2527=VERTEX_POINT('',#8387);
#2528=VERTEX_POINT('',#8391);
#2529=VERTEX_POINT('',#8393);
#2530=VERTEX_POINT('',#8397);
#2531=VERTEX_POINT('',#8399);
#2532=VERTEX_POINT('',#8406);
#2533=VERTEX_POINT('',#8407);
#2534=VERTEX_POINT('',#8409);
#2535=VERTEX_POINT('',#8411);
#2536=VERTEX_POINT('',#8415);
#2537=VERTEX_POINT('',#8417);
#2538=VERTEX_POINT('',#8421);
#2539=VERTEX_POINT('',#8423);
#2540=VERTEX_POINT('',#8427);
#2541=VERTEX_POINT('',#8429);
#2542=VERTEX_POINT('',#8433);
#2543=VERTEX_POINT('',#8435);
#2544=VERTEX_POINT('',#8439);
#2545=VERTEX_POINT('',#8441);
#2546=VERTEX_POINT('',#8445);
#2547=VERTEX_POINT('',#8447);
#2548=VERTEX_POINT('',#8454);
#2549=VERTEX_POINT('',#8456);
#2550=VERTEX_POINT('',#8461);
#2551=VERTEX_POINT('',#8463);
#2552=VERTEX_POINT('',#8468);
#2553=VERTEX_POINT('',#8470);
#2554=VERTEX_POINT('',#8475);
#2555=VERTEX_POINT('',#8477);
#2556=VERTEX_POINT('',#8482);
#2557=VERTEX_POINT('',#8483);
#2558=VERTEX_POINT('',#8485);
#2559=VERTEX_POINT('',#8489);
#2560=VERTEX_POINT('',#8494);
#2561=VERTEX_POINT('',#8496);
#2562=VERTEX_POINT('',#8501);
#2563=VERTEX_POINT('',#8503);
#2564=VERTEX_POINT('',#8508);
#2565=VERTEX_POINT('',#8509);
#2566=VERTEX_POINT('',#8511);
#2567=VERTEX_POINT('',#8515);
#2568=VERTEX_POINT('',#8520);
#2569=VERTEX_POINT('',#8522);
#2570=VERTEX_POINT('',#8527);
#2571=VERTEX_POINT('',#8529);
#2572=VERTEX_POINT('',#8531);
#2573=VERTEX_POINT('',#8533);
#2574=VERTEX_POINT('',#8539);
#2575=VERTEX_POINT('',#8541);
#2576=VERTEX_POINT('',#8546);
#2577=VERTEX_POINT('',#8547);
#2578=VERTEX_POINT('',#8549);
#2579=VERTEX_POINT('',#8553);
#2580=VERTEX_POINT('',#8558);
#2581=VERTEX_POINT('',#8560);
#2582=VERTEX_POINT('',#8565);
#2583=VERTEX_POINT('',#8567);
#2584=VERTEX_POINT('',#8572);
#2585=VERTEX_POINT('',#8574);
#2586=VERTEX_POINT('',#8579);
#2587=VERTEX_POINT('',#8581);
#2588=VERTEX_POINT('',#8586);
#2589=VERTEX_POINT('',#8588);
#2590=VERTEX_POINT('',#8593);
#2591=VERTEX_POINT('',#8595);
#2592=VERTEX_POINT('',#8600);
#2593=VERTEX_POINT('',#8602);
#2594=VERTEX_POINT('',#8607);
#2595=VERTEX_POINT('',#8609);
#2596=VERTEX_POINT('',#8614);
#2597=VERTEX_POINT('',#8616);
#2598=VERTEX_POINT('',#8621);
#2599=VERTEX_POINT('',#8623);
#2600=VERTEX_POINT('',#8628);
#2601=VERTEX_POINT('',#8630);
#2602=VERTEX_POINT('',#8635);
#2603=VERTEX_POINT('',#8637);
#2604=VERTEX_POINT('',#8642);
#2605=VERTEX_POINT('',#8644);
#2606=VERTEX_POINT('',#8646);
#2607=VERTEX_POINT('',#8648);
#2608=VERTEX_POINT('',#8650);
#2609=VERTEX_POINT('',#8654);
#2610=VERTEX_POINT('',#8656);
#2611=VERTEX_POINT('',#8658);
#2612=VERTEX_POINT('',#8660);
#2613=VERTEX_POINT('',#8662);
#2614=VERTEX_POINT('',#8666);
#2615=VERTEX_POINT('',#8668);
#2616=VERTEX_POINT('',#8672);
#2617=VERTEX_POINT('',#8673);
#2618=VERTEX_POINT('',#8676);
#2619=VERTEX_POINT('',#8680);
#2620=VERTEX_POINT('',#8682);
#2621=VERTEX_POINT('',#8686);
#2622=VERTEX_POINT('',#8688);
#2623=VERTEX_POINT('',#8690);
#2624=VERTEX_POINT('',#8692);
#2625=VERTEX_POINT('',#8694);
#2626=VERTEX_POINT('',#8696);
#2627=VERTEX_POINT('',#8698);
#2628=VERTEX_POINT('',#8700);
#2629=VERTEX_POINT('',#8702);
#2630=VERTEX_POINT('',#8704);
#2631=VERTEX_POINT('',#8706);
#2632=VERTEX_POINT('',#8708);
#2633=VERTEX_POINT('',#8710);
#2634=VERTEX_POINT('',#8712);
#2635=VERTEX_POINT('',#8716);
#2636=VERTEX_POINT('',#8720);
#2637=VERTEX_POINT('',#8722);
#2638=VERTEX_POINT('',#8726);
#2639=VERTEX_POINT('',#8730);
#2640=VERTEX_POINT('',#8732);
#2641=VERTEX_POINT('',#8735);
#2642=VERTEX_POINT('',#8737);
#2643=VERTEX_POINT('',#8745);
#2644=VERTEX_POINT('',#8746);
#2645=VERTEX_POINT('',#8748);
#2646=VERTEX_POINT('',#8752);
#2647=VERTEX_POINT('',#8754);
#2648=VERTEX_POINT('',#8756);
#2649=VERTEX_POINT('',#8760);
#2650=VERTEX_POINT('',#8762);
#2651=VERTEX_POINT('',#8766);
#2652=VERTEX_POINT('',#8767);
#2653=VERTEX_POINT('',#8771);
#2654=VERTEX_POINT('',#8775);
#2655=VERTEX_POINT('',#8777);
#2656=VERTEX_POINT('',#8781);
#2657=VERTEX_POINT('',#8783);
#2658=VERTEX_POINT('',#8785);
#2659=VERTEX_POINT('',#8787);
#2660=VERTEX_POINT('',#8789);
#2661=VERTEX_POINT('',#8791);
#2662=VERTEX_POINT('',#8793);
#2663=VERTEX_POINT('',#8795);
#2664=VERTEX_POINT('',#8797);
#2665=VERTEX_POINT('',#8799);
#2666=VERTEX_POINT('',#8801);
#2667=VERTEX_POINT('',#8803);
#2668=VERTEX_POINT('',#8805);
#2669=VERTEX_POINT('',#8807);
#2670=VERTEX_POINT('',#8811);
#2671=VERTEX_POINT('',#8813);
#2672=VERTEX_POINT('',#8815);
#2673=VERTEX_POINT('',#8817);
#2674=VERTEX_POINT('',#8819);
#2675=VERTEX_POINT('',#8821);
#2676=VERTEX_POINT('',#8823);
#2677=VERTEX_POINT('',#8825);
#2678=VERTEX_POINT('',#8827);
#2679=VERTEX_POINT('',#8829);
#2680=VERTEX_POINT('',#8831);
#2681=VERTEX_POINT('',#8833);
#2682=VERTEX_POINT('',#8835);
#2683=VERTEX_POINT('',#8837);
#2684=VERTEX_POINT('',#8839);
#2685=VERTEX_POINT('',#8846);
#2686=VERTEX_POINT('',#8856);
#2687=VERTEX_POINT('',#8857);
#2688=VERTEX_POINT('',#8859);
#2689=VERTEX_POINT('',#8861);
#2690=VERTEX_POINT('',#8865);
#2691=VERTEX_POINT('',#8866);
#2692=VERTEX_POINT('',#8868);
#2693=VERTEX_POINT('',#8870);
#2694=VERTEX_POINT('',#8874);
#2695=VERTEX_POINT('',#8875);
#2696=VERTEX_POINT('',#8880);
#2697=VERTEX_POINT('',#8882);
#2698=VERTEX_POINT('',#8885);
#2699=VERTEX_POINT('',#8887);
#2700=VERTEX_POINT('',#8889);
#2701=VERTEX_POINT('',#8891);
#2702=VERTEX_POINT('',#8893);
#2703=VERTEX_POINT('',#8897);
#2704=VERTEX_POINT('',#8902);
#2705=VERTEX_POINT('',#8906);
#2706=VERTEX_POINT('',#8908);
#2707=VERTEX_POINT('',#8910);
#2708=VERTEX_POINT('',#8912);
#2709=VERTEX_POINT('',#8914);
#2710=VERTEX_POINT('',#8916);
#2711=VERTEX_POINT('',#8918);
#2712=VERTEX_POINT('',#8920);
#2713=VERTEX_POINT('',#8922);
#2714=VERTEX_POINT('',#8924);
#2715=VERTEX_POINT('',#8933);
#2716=VERTEX_POINT('',#8934);
#2717=VERTEX_POINT('',#8936);
#2718=VERTEX_POINT('',#8938);
#2719=VERTEX_POINT('',#8942);
#2720=VERTEX_POINT('',#8943);
#2721=VERTEX_POINT('',#8945);
#2722=VERTEX_POINT('',#8947);
#2723=VERTEX_POINT('',#8951);
#2724=VERTEX_POINT('',#8952);
#2725=VERTEX_POINT('',#8957);
#2726=VERTEX_POINT('',#8959);
#2727=VERTEX_POINT('',#8962);
#2728=VERTEX_POINT('',#8964);
#2729=VERTEX_POINT('',#8968);
#2730=VERTEX_POINT('',#8972);
#2731=VERTEX_POINT('',#8978);
#2732=VERTEX_POINT('',#8979);
#2733=VERTEX_POINT('',#8981);
#2734=VERTEX_POINT('',#8983);
#2735=VERTEX_POINT('',#8985);
#2736=VERTEX_POINT('',#8989);
#2737=VERTEX_POINT('',#8991);
#2738=VERTEX_POINT('',#8995);
#2739=VERTEX_POINT('',#8997);
#2740=VERTEX_POINT('',#9001);
#2741=VERTEX_POINT('',#9002);
#2742=VERTEX_POINT('',#9005);
#2743=VERTEX_POINT('',#9007);
#2744=VERTEX_POINT('',#9011);
#2745=VERTEX_POINT('',#9013);
#2746=VERTEX_POINT('',#9017);
#2747=VERTEX_POINT('',#9019);
#2748=VERTEX_POINT('',#9021);
#2749=VERTEX_POINT('',#9023);
#2750=VERTEX_POINT('',#9025);
#2751=VERTEX_POINT('',#9027);
#2752=VERTEX_POINT('',#9029);
#2753=VERTEX_POINT('',#9031);
#2754=VERTEX_POINT('',#9033);
#2755=VERTEX_POINT('',#9035);
#2756=VERTEX_POINT('',#9037);
#2757=VERTEX_POINT('',#9039);
#2758=VERTEX_POINT('',#9041);
#2759=VERTEX_POINT('',#9043);
#2760=VERTEX_POINT('',#9047);
#2761=VERTEX_POINT('',#9049);
#2762=VERTEX_POINT('',#9051);
#2763=VERTEX_POINT('',#9053);
#2764=VERTEX_POINT('',#9055);
#2765=VERTEX_POINT('',#9057);
#2766=VERTEX_POINT('',#9059);
#2767=VERTEX_POINT('',#9061);
#2768=VERTEX_POINT('',#9063);
#2769=VERTEX_POINT('',#9065);
#2770=VERTEX_POINT('',#9068);
#2771=VERTEX_POINT('',#9080);
#2772=VERTEX_POINT('',#9081);
#2773=VERTEX_POINT('',#9083);
#2774=VERTEX_POINT('',#9085);
#2775=VERTEX_POINT('',#9089);
#2776=VERTEX_POINT('',#9090);
#2777=VERTEX_POINT('',#9092);
#2778=VERTEX_POINT('',#9094);
#2779=VERTEX_POINT('',#9098);
#2780=VERTEX_POINT('',#9100);
#2781=VERTEX_POINT('',#9102);
#2782=VERTEX_POINT('',#9104);
#2783=VERTEX_POINT('',#9108);
#2784=VERTEX_POINT('',#9110);
#2785=VERTEX_POINT('',#9112);
#2786=VERTEX_POINT('',#9114);
#2787=VERTEX_POINT('',#9116);
#2788=VERTEX_POINT('',#9118);
#2789=VERTEX_POINT('',#9120);
#2790=VERTEX_POINT('',#9122);
#2791=VERTEX_POINT('',#9124);
#2792=VERTEX_POINT('',#9126);
#2793=VERTEX_POINT('',#9128);
#2794=VERTEX_POINT('',#9131);
#2795=VERTEX_POINT('',#9135);
#2796=VERTEX_POINT('',#9139);
#2797=VERTEX_POINT('',#9141);
#2798=VERTEX_POINT('',#9143);
#2799=VERTEX_POINT('',#9145);
#2800=VERTEX_POINT('',#9147);
#2801=VERTEX_POINT('',#9149);
#2802=VERTEX_POINT('',#9151);
#2803=VERTEX_POINT('',#9153);
#2804=VERTEX_POINT('',#9155);
#2805=VERTEX_POINT('',#9157);
#2806=VERTEX_POINT('',#9159);
#2807=VERTEX_POINT('',#9161);
#2808=VERTEX_POINT('',#9163);
#2809=VERTEX_POINT('',#9165);
#2810=VERTEX_POINT('',#9168);
#2811=VERTEX_POINT('',#9170);
#2812=VERTEX_POINT('',#9174);
#2813=VERTEX_POINT('',#9175);
#2814=VERTEX_POINT('',#9177);
#2815=VERTEX_POINT('',#9182);
#2816=VERTEX_POINT('',#9189);
#2817=VERTEX_POINT('',#9195);
#2818=VERTEX_POINT('',#9197);
#2819=VERTEX_POINT('',#9203);
#2820=VERTEX_POINT('',#9205);
#2821=VERTEX_POINT('',#9207);
#2822=VERTEX_POINT('',#9209);
#2823=VERTEX_POINT('',#9211);
#2824=VERTEX_POINT('',#9213);
#2825=VERTEX_POINT('',#9215);
#2826=VERTEX_POINT('',#9217);
#2827=VERTEX_POINT('',#9219);
#2828=VERTEX_POINT('',#9221);
#2829=VERTEX_POINT('',#9223);
#2830=VERTEX_POINT('',#9225);
#2831=VERTEX_POINT('',#9227);
#2832=VERTEX_POINT('',#9229);
#2833=VERTEX_POINT('',#9231);
#2834=VERTEX_POINT('',#9233);
#2835=VERTEX_POINT('',#9235);
#2836=VERTEX_POINT('',#9237);
#2837=VERTEX_POINT('',#9239);
#2838=VERTEX_POINT('',#9241);
#2839=VERTEX_POINT('',#9243);
#2840=VERTEX_POINT('',#9245);
#2841=VERTEX_POINT('',#9247);
#2842=VERTEX_POINT('',#9249);
#2843=VERTEX_POINT('',#9251);
#2844=VERTEX_POINT('',#9255);
#2845=VERTEX_POINT('',#9256);
#2846=VERTEX_POINT('',#9258);
#2847=VERTEX_POINT('',#9260);
#2848=VERTEX_POINT('',#9264);
#2849=VERTEX_POINT('',#9266);
#2850=VERTEX_POINT('',#9270);
#2851=VERTEX_POINT('',#9271);
#2852=VERTEX_POINT('',#9278);
#2853=VERTEX_POINT('',#9279);
#2854=VERTEX_POINT('',#9281);
#2855=VERTEX_POINT('',#9283);
#2856=VERTEX_POINT('',#9285);
#2857=VERTEX_POINT('',#9287);
#2858=VERTEX_POINT('',#9289);
#2859=VERTEX_POINT('',#9291);
#2860=VERTEX_POINT('',#9293);
#2861=VERTEX_POINT('',#9295);
#2862=VERTEX_POINT('',#9297);
#2863=VERTEX_POINT('',#9301);
#2864=VERTEX_POINT('',#9303);
#2865=VERTEX_POINT('',#9307);
#2866=VERTEX_POINT('',#9311);
#2867=VERTEX_POINT('',#9313);
#2868=VERTEX_POINT('',#9317);
#2869=VERTEX_POINT('',#9321);
#2870=VERTEX_POINT('',#9325);
#2871=VERTEX_POINT('',#9329);
#2872=VERTEX_POINT('',#9333);
#2873=VERTEX_POINT('',#9339);
#2874=VERTEX_POINT('',#9341);
#2875=VERTEX_POINT('',#9352);
#2876=VERTEX_POINT('',#9354);
#2877=VERTEX_POINT('',#9363);
#2878=VERTEX_POINT('',#9364);
#2879=VERTEX_POINT('',#9366);
#2880=VERTEX_POINT('',#9368);
#2881=VERTEX_POINT('',#9370);
#2882=VERTEX_POINT('',#9372);
#2883=VERTEX_POINT('',#9374);
#2884=VERTEX_POINT('',#9376);
#2885=VERTEX_POINT('',#9380);
#2886=VERTEX_POINT('',#9386);
#2887=VERTEX_POINT('',#9395);
#2888=VERTEX_POINT('',#9397);
#2889=VERTEX_POINT('',#9399);
#2890=VERTEX_POINT('',#9403);
#2891=VERTEX_POINT('',#9405);
#2892=VERTEX_POINT('',#9407);
#2893=VERTEX_POINT('',#9413);
#2894=VERTEX_POINT('',#9415);
#2895=VERTEX_POINT('',#9417);
#2896=VERTEX_POINT('',#9419);
#2897=VERTEX_POINT('',#9421);
#2898=VERTEX_POINT('',#9423);
#2899=VERTEX_POINT('',#9425);
#2900=VERTEX_POINT('',#9429);
#2901=VERTEX_POINT('',#9431);
#2902=VERTEX_POINT('',#9433);
#2903=VERTEX_POINT('',#9435);
#2904=VERTEX_POINT('',#9437);
#2905=VERTEX_POINT('',#9439);
#2906=VERTEX_POINT('',#9441);
#2907=VERTEX_POINT('',#9443);
#2908=VERTEX_POINT('',#9445);
#2909=VERTEX_POINT('',#9447);
#2910=VERTEX_POINT('',#9449);
#2911=VERTEX_POINT('',#9451);
#2912=VERTEX_POINT('',#9453);
#2913=VERTEX_POINT('',#9455);
#2914=VERTEX_POINT('',#9457);
#2915=VERTEX_POINT('',#9459);
#2916=VERTEX_POINT('',#9461);
#2917=VERTEX_POINT('',#9463);
#2918=VERTEX_POINT('',#9465);
#2919=VERTEX_POINT('',#9467);
#2920=VERTEX_POINT('',#9469);
#2921=VERTEX_POINT('',#9471);
#2922=VERTEX_POINT('',#9473);
#2923=VERTEX_POINT('',#9479);
#2924=VERTEX_POINT('',#9481);
#2925=VERTEX_POINT('',#9492);
#2926=VERTEX_POINT('',#9494);
#2927=VERTEX_POINT('',#9501);
#2928=VERTEX_POINT('',#9505);
#2929=VERTEX_POINT('',#9509);
#2930=VERTEX_POINT('',#9513);
#2931=VERTEX_POINT('',#9527);
#2932=VERTEX_POINT('',#9529);
#2933=VERTEX_POINT('',#9533);
#2934=VERTEX_POINT('',#9544);
#2935=VERTEX_POINT('',#9546);
#2936=VERTEX_POINT('',#9550);
#2937=VERTEX_POINT('',#9554);
#2938=VERTEX_POINT('',#9558);
#2939=VERTEX_POINT('',#9562);
#2940=VERTEX_POINT('',#9564);
#2941=VERTEX_POINT('',#9568);
#2942=VERTEX_POINT('',#9571);
#2943=VERTEX_POINT('',#9578);
#2944=VERTEX_POINT('',#9580);
#2945=VERTEX_POINT('',#9584);
#2946=VERTEX_POINT('',#9588);
#2947=VERTEX_POINT('',#9589);
#2948=VERTEX_POINT('',#9592);
#2949=VERTEX_POINT('',#9594);
#2950=VERTEX_POINT('',#9600);
#2951=VERTEX_POINT('',#9602);
#2952=VERTEX_POINT('',#9606);
#2953=VERTEX_POINT('',#9614);
#2954=VERTEX_POINT('',#9619);
#2955=VERTEX_POINT('',#9621);
#2956=VERTEX_POINT('',#9625);
#2957=VERTEX_POINT('',#9626);
#2958=VERTEX_POINT('',#9630);
#2959=VERTEX_POINT('',#9632);
#2960=VERTEX_POINT('',#9641);
#2961=VERTEX_POINT('',#9644);
#2962=VERTEX_POINT('',#9645);
#2963=VERTEX_POINT('',#9647);
#2964=VERTEX_POINT('',#9649);
#2965=VERTEX_POINT('',#9653);
#2966=VERTEX_POINT('',#9655);
#2967=VERTEX_POINT('',#9660);
#2968=VERTEX_POINT('',#9664);
#2969=VERTEX_POINT('',#9668);
#2970=VERTEX_POINT('',#9672);
#2971=VERTEX_POINT('',#9678);
#2972=VERTEX_POINT('',#9682);
#2973=VERTEX_POINT('',#9683);
#2974=VERTEX_POINT('',#9685);
#2975=VERTEX_POINT('',#9690);
#2976=VERTEX_POINT('',#9692);
#2977=VERTEX_POINT('',#9696);
#2978=VERTEX_POINT('',#9698);
#2979=VERTEX_POINT('',#9702);
#2980=VERTEX_POINT('',#9704);
#2981=VERTEX_POINT('',#9714);
#2982=VERTEX_POINT('',#9718);
#2983=VERTEX_POINT('',#9720);
#2984=VERTEX_POINT('',#9729);
#2985=VERTEX_POINT('',#9730);
#2986=VERTEX_POINT('',#9733);
#2987=VERTEX_POINT('',#9735);
#2988=VERTEX_POINT('',#9737);
#2989=VERTEX_POINT('',#9741);
#2990=VERTEX_POINT('',#9742);
#2991=VERTEX_POINT('',#9745);
#2992=VERTEX_POINT('',#9747);
#2993=VERTEX_POINT('',#9749);
#2994=VERTEX_POINT('',#9751);
#2995=VERTEX_POINT('',#9755);
#2996=VERTEX_POINT('',#9759);
#2997=VERTEX_POINT('',#9763);
#2998=VERTEX_POINT('',#9767);
#2999=VERTEX_POINT('',#9771);
#3000=VERTEX_POINT('',#9772);
#3001=VERTEX_POINT('',#9774);
#3002=VERTEX_POINT('',#9776);
#3003=VERTEX_POINT('',#9778);
#3004=VERTEX_POINT('',#9783);
#3005=VERTEX_POINT('',#9785);
#3006=VERTEX_POINT('',#9789);
#3007=VERTEX_POINT('',#9791);
#3008=VERTEX_POINT('',#9795);
#3009=VERTEX_POINT('',#9797);
#3010=VERTEX_POINT('',#9801);
#3011=VERTEX_POINT('',#9803);
#3012=VERTEX_POINT('',#9810);
#3013=VERTEX_POINT('',#9812);
#3014=VERTEX_POINT('',#9816);
#3015=VERTEX_POINT('',#9818);
#3016=VERTEX_POINT('',#9822);
#3017=VERTEX_POINT('',#9823);
#3018=VERTEX_POINT('',#9825);
#3019=VERTEX_POINT('',#9831);
#3020=VERTEX_POINT('',#9833);
#3021=VERTEX_POINT('',#9837);
#3022=VERTEX_POINT('',#9839);
#3023=VERTEX_POINT('',#9843);
#3024=VERTEX_POINT('',#9845);
#3025=VERTEX_POINT('',#9859);
#3026=VERTEX_POINT('',#9863);
#3027=VERTEX_POINT('',#9867);
#3028=VERTEX_POINT('',#9871);
#3029=VERTEX_POINT('',#9875);
#3030=VERTEX_POINT('',#9882);
#3031=VERTEX_POINT('',#9886);
#3032=VERTEX_POINT('',#9890);
#3033=VERTEX_POINT('',#9894);
#3034=VERTEX_POINT('',#9901);
#3035=VERTEX_POINT('',#9905);
#3036=VERTEX_POINT('',#9913);
#3037=VERTEX_POINT('',#9917);
#3038=VERTEX_POINT('',#9921);
#3039=VERTEX_POINT('',#9927);
#3040=VERTEX_POINT('',#9929);
#3041=VERTEX_POINT('',#9933);
#3042=VERTEX_POINT('',#9937);
#3043=VERTEX_POINT('',#9963);
#3044=VERTEX_POINT('',#9967);
#3045=VERTEX_POINT('',#9971);
#3046=EDGE_CURVE('',#2476,#2476,#2283,.T.);
#3047=EDGE_CURVE('',#2476,#2477,#947,.T.);
#3048=EDGE_CURVE('',#2477,#2477,#2284,.T.);
#3049=EDGE_CURVE('',#2478,#2478,#2285,.T.);
#3050=EDGE_CURVE('',#2478,#2479,#948,.T.);
#3051=EDGE_CURVE('',#2479,#2479,#2286,.T.);
#3052=EDGE_CURVE('',#2480,#2480,#2287,.T.);
#3053=EDGE_CURVE('',#2480,#2481,#949,.T.);
#3054=EDGE_CURVE('',#2481,#2481,#2288,.T.);
#3055=EDGE_CURVE('',#2482,#2482,#2289,.T.);
#3056=EDGE_CURVE('',#2482,#2483,#950,.T.);
#3057=EDGE_CURVE('',#2483,#2483,#2290,.T.);
#3058=EDGE_CURVE('',#2484,#2485,#951,.T.);
#3059=EDGE_CURVE('',#2486,#2484,#952,.T.);
#3060=EDGE_CURVE('',#2487,#2486,#953,.T.);
#3061=EDGE_CURVE('',#2487,#2485,#954,.T.);
#3062=EDGE_CURVE('',#2485,#2488,#2291,.T.);
#3063=EDGE_CURVE('',#2489,#2487,#2292,.T.);
#3064=EDGE_CURVE('',#2489,#2488,#955,.T.);
#3065=EDGE_CURVE('',#2488,#2490,#956,.T.);
#3066=EDGE_CURVE('',#2491,#2489,#957,.T.);
#3067=EDGE_CURVE('',#2491,#2490,#958,.T.);
#3068=EDGE_CURVE('',#2490,#2492,#2293,.T.);
#3069=EDGE_CURVE('',#2493,#2491,#2294,.T.);
#3070=EDGE_CURVE('',#2493,#2492,#959,.T.);
#3071=EDGE_CURVE('',#2492,#2494,#960,.T.);
#3072=EDGE_CURVE('',#2495,#2493,#961,.T.);
#3073=EDGE_CURVE('',#2495,#2494,#962,.T.);
#3074=EDGE_CURVE('',#2494,#2496,#2295,.T.);
#3075=EDGE_CURVE('',#2497,#2495,#2296,.T.);
#3076=EDGE_CURVE('',#2497,#2496,#963,.T.);
#3077=EDGE_CURVE('',#2496,#2498,#964,.T.);
#3078=EDGE_CURVE('',#2499,#2497,#965,.T.);
#3079=EDGE_CURVE('',#2499,#2498,#966,.T.);
#3080=EDGE_CURVE('',#2498,#2484,#2297,.T.);
#3081=EDGE_CURVE('',#2486,#2499,#2298,.T.);
#3082=EDGE_CURVE('',#2500,#2501,#967,.T.);
#3083=EDGE_CURVE('',#2502,#2500,#968,.T.);
#3084=EDGE_CURVE('',#2503,#2502,#969,.T.);
#3085=EDGE_CURVE('',#2503,#2501,#970,.T.);
#3086=EDGE_CURVE('',#2501,#2504,#2299,.T.);
#3087=EDGE_CURVE('',#2505,#2503,#2300,.T.);
#3088=EDGE_CURVE('',#2505,#2504,#971,.T.);
#3089=EDGE_CURVE('',#2504,#2506,#972,.T.);
#3090=EDGE_CURVE('',#2507,#2505,#973,.T.);
#3091=EDGE_CURVE('',#2507,#2506,#974,.T.);
#3092=EDGE_CURVE('',#2506,#2508,#2301,.T.);
#3093=EDGE_CURVE('',#2509,#2507,#2302,.T.);
#3094=EDGE_CURVE('',#2509,#2508,#975,.T.);
#3095=EDGE_CURVE('',#2508,#2510,#976,.T.);
#3096=EDGE_CURVE('',#2511,#2509,#977,.T.);
#3097=EDGE_CURVE('',#2511,#2510,#978,.T.);
#3098=EDGE_CURVE('',#2510,#2512,#2303,.T.);
#3099=EDGE_CURVE('',#2513,#2511,#2304,.T.);
#3100=EDGE_CURVE('',#2513,#2512,#979,.T.);
#3101=EDGE_CURVE('',#2512,#2514,#980,.T.);
#3102=EDGE_CURVE('',#2515,#2513,#981,.T.);
#3103=EDGE_CURVE('',#2515,#2514,#982,.T.);
#3104=EDGE_CURVE('',#2514,#2500,#2305,.T.);
#3105=EDGE_CURVE('',#2502,#2515,#2306,.T.);
#3106=EDGE_CURVE('',#2516,#2517,#983,.T.);
#3107=EDGE_CURVE('',#2518,#2516,#984,.T.);
#3108=EDGE_CURVE('',#2519,#2518,#985,.T.);
#3109=EDGE_CURVE('',#2519,#2517,#986,.T.);
#3110=EDGE_CURVE('',#2517,#2520,#2307,.T.);
#3111=EDGE_CURVE('',#2521,#2519,#2308,.T.);
#3112=EDGE_CURVE('',#2521,#2520,#987,.T.);
#3113=EDGE_CURVE('',#2520,#2522,#988,.T.);
#3114=EDGE_CURVE('',#2523,#2521,#989,.T.);
#3115=EDGE_CURVE('',#2523,#2522,#990,.T.);
#3116=EDGE_CURVE('',#2522,#2524,#2309,.T.);
#3117=EDGE_CURVE('',#2525,#2523,#2310,.T.);
#3118=EDGE_CURVE('',#2525,#2524,#991,.T.);
#3119=EDGE_CURVE('',#2524,#2526,#992,.T.);
#3120=EDGE_CURVE('',#2527,#2525,#993,.T.);
#3121=EDGE_CURVE('',#2527,#2526,#994,.T.);
#3122=EDGE_CURVE('',#2526,#2528,#2311,.T.);
#3123=EDGE_CURVE('',#2529,#2527,#2312,.T.);
#3124=EDGE_CURVE('',#2529,#2528,#995,.T.);
#3125=EDGE_CURVE('',#2528,#2530,#996,.T.);
#3126=EDGE_CURVE('',#2531,#2529,#997,.T.);
#3127=EDGE_CURVE('',#2531,#2530,#998,.T.);
#3128=EDGE_CURVE('',#2530,#2516,#2313,.T.);
#3129=EDGE_CURVE('',#2518,#2531,#2314,.T.);
#3130=EDGE_CURVE('',#2532,#2533,#999,.T.);
#3131=EDGE_CURVE('',#2534,#2532,#1000,.T.);
#3132=EDGE_CURVE('',#2535,#2534,#1001,.T.);
#3133=EDGE_CURVE('',#2535,#2533,#1002,.T.);
#3134=EDGE_CURVE('',#2533,#2536,#2315,.T.);
#3135=EDGE_CURVE('',#2537,#2535,#2316,.T.);
#3136=EDGE_CURVE('',#2537,#2536,#1003,.T.);
#3137=EDGE_CURVE('',#2536,#2538,#1004,.T.);
#3138=EDGE_CURVE('',#2539,#2537,#1005,.T.);
#3139=EDGE_CURVE('',#2539,#2538,#1006,.T.);
#3140=EDGE_CURVE('',#2538,#2540,#2317,.T.);
#3141=EDGE_CURVE('',#2541,#2539,#2318,.T.);
#3142=EDGE_CURVE('',#2541,#2540,#1007,.T.);
#3143=EDGE_CURVE('',#2540,#2542,#1008,.T.);
#3144=EDGE_CURVE('',#2543,#2541,#1009,.T.);
#3145=EDGE_CURVE('',#2543,#2542,#1010,.T.);
#3146=EDGE_CURVE('',#2542,#2544,#2319,.T.);
#3147=EDGE_CURVE('',#2545,#2543,#2320,.T.);
#3148=EDGE_CURVE('',#2545,#2544,#1011,.T.);
#3149=EDGE_CURVE('',#2544,#2546,#1012,.T.);
#3150=EDGE_CURVE('',#2547,#2545,#1013,.T.);
#3151=EDGE_CURVE('',#2547,#2546,#1014,.T.);
#3152=EDGE_CURVE('',#2546,#2532,#2321,.T.);
#3153=EDGE_CURVE('',#2534,#2547,#2322,.T.);
#3154=EDGE_CURVE('',#2548,#2548,#2323,.T.);
#3155=EDGE_CURVE('',#2548,#2549,#1015,.T.);
#3156=EDGE_CURVE('',#2549,#2549,#2324,.T.);
#3157=EDGE_CURVE('',#2550,#2550,#2325,.T.);
#3158=EDGE_CURVE('',#2550,#2551,#1016,.T.);
#3159=EDGE_CURVE('',#2551,#2551,#2326,.T.);
#3160=EDGE_CURVE('',#2552,#2552,#2327,.T.);
#3161=EDGE_CURVE('',#2552,#2553,#1017,.T.);
#3162=EDGE_CURVE('',#2553,#2553,#2328,.T.);
#3163=EDGE_CURVE('',#2554,#2554,#2329,.T.);
#3164=EDGE_CURVE('',#2554,#2555,#1018,.T.);
#3165=EDGE_CURVE('',#2555,#2555,#2330,.T.);
#3166=EDGE_CURVE('',#2556,#2557,#1019,.T.);
#3167=EDGE_CURVE('',#2558,#2557,#2331,.T.);
#3168=EDGE_CURVE('',#2556,#2558,#2332,.T.);
#3169=EDGE_CURVE('',#2559,#2559,#2333,.T.);
#3170=EDGE_CURVE('',#2559,#2558,#1020,.T.);
#3171=EDGE_CURVE('',#2556,#2557,#2334,.T.);
#3172=EDGE_CURVE('',#2560,#2560,#2335,.T.);
#3173=EDGE_CURVE('',#2560,#2561,#1021,.T.);
#3174=EDGE_CURVE('',#2561,#2561,#2336,.T.);
#3175=EDGE_CURVE('',#2562,#2562,#2337,.T.);
#3176=EDGE_CURVE('',#2562,#2563,#1022,.T.);
#3177=EDGE_CURVE('',#2563,#2563,#2338,.T.);
#3178=EDGE_CURVE('',#2564,#2565,#1023,.T.);
#3179=EDGE_CURVE('',#2566,#2565,#2339,.T.);
#3180=EDGE_CURVE('',#2564,#2566,#2340,.T.);
#3181=EDGE_CURVE('',#2567,#2567,#2341,.T.);
#3182=EDGE_CURVE('',#2567,#2566,#1024,.T.);
#3183=EDGE_CURVE('',#2564,#2565,#2342,.T.);
#3184=EDGE_CURVE('',#2568,#2568,#2343,.T.);
#3185=EDGE_CURVE('',#2568,#2569,#1025,.T.);
#3186=EDGE_CURVE('',#2569,#2569,#2344,.T.);
#3187=EDGE_CURVE('',#2570,#2570,#2345,.T.);
#3188=EDGE_CURVE('',#2570,#2571,#1026,.T.);
#3189=EDGE_CURVE('',#2572,#2571,#2346,.T.);
#3190=EDGE_CURVE('',#2572,#2573,#2347,.T.);
#3191=EDGE_CURVE('',#2571,#2573,#2348,.T.);
#3192=EDGE_CURVE('',#2572,#2573,#1027,.T.);
#3193=EDGE_CURVE('',#2574,#2574,#2349,.T.);
#3194=EDGE_CURVE('',#2574,#2575,#1028,.T.);
#3195=EDGE_CURVE('',#2575,#2575,#2350,.T.);
#3196=EDGE_CURVE('',#2576,#2577,#1029,.T.);
#3197=EDGE_CURVE('',#2578,#2577,#2351,.T.);
#3198=EDGE_CURVE('',#2576,#2578,#2352,.T.);
#3199=EDGE_CURVE('',#2579,#2579,#2353,.T.);
#3200=EDGE_CURVE('',#2579,#2578,#1030,.T.);
#3201=EDGE_CURVE('',#2576,#2577,#2354,.T.);
#3202=EDGE_CURVE('',#2580,#2580,#2355,.T.);
#3203=EDGE_CURVE('',#2580,#2581,#1031,.T.);
#3204=EDGE_CURVE('',#2581,#2581,#2356,.T.);
#3205=EDGE_CURVE('',#2582,#2582,#2357,.T.);
#3206=EDGE_CURVE('',#2582,#2583,#1032,.T.);
#3207=EDGE_CURVE('',#2583,#2583,#2358,.T.);
#3208=EDGE_CURVE('',#2584,#2584,#2359,.T.);
#3209=EDGE_CURVE('',#2584,#2585,#1033,.T.);
#3210=EDGE_CURVE('',#2585,#2585,#2360,.T.);
#3211=EDGE_CURVE('',#2586,#2586,#2361,.T.);
#3212=EDGE_CURVE('',#2586,#2587,#1034,.T.);
#3213=EDGE_CURVE('',#2587,#2587,#2362,.T.);
#3214=EDGE_CURVE('',#2588,#2588,#2363,.T.);
#3215=EDGE_CURVE('',#2588,#2589,#1035,.T.);
#3216=EDGE_CURVE('',#2589,#2589,#2364,.T.);
#3217=EDGE_CURVE('',#2590,#2590,#2365,.T.);
#3218=EDGE_CURVE('',#2590,#2591,#1036,.T.);
#3219=EDGE_CURVE('',#2591,#2591,#2366,.T.);
#3220=EDGE_CURVE('',#2592,#2592,#2367,.T.);
#3221=EDGE_CURVE('',#2592,#2593,#1037,.T.);
#3222=EDGE_CURVE('',#2593,#2593,#2368,.T.);
#3223=EDGE_CURVE('',#2594,#2594,#2369,.T.);
#3224=EDGE_CURVE('',#2594,#2595,#1038,.T.);
#3225=EDGE_CURVE('',#2595,#2595,#2370,.T.);
#3226=EDGE_CURVE('',#2596,#2596,#2371,.T.);
#3227=EDGE_CURVE('',#2596,#2597,#1039,.T.);
#3228=EDGE_CURVE('',#2597,#2597,#2372,.T.);
#3229=EDGE_CURVE('',#2598,#2598,#2373,.T.);
#3230=EDGE_CURVE('',#2598,#2599,#1040,.T.);
#3231=EDGE_CURVE('',#2599,#2599,#2374,.T.);
#3232=EDGE_CURVE('',#2600,#2600,#2375,.T.);
#3233=EDGE_CURVE('',#2600,#2601,#1041,.T.);
#3234=EDGE_CURVE('',#2601,#2601,#2376,.T.);
#3235=EDGE_CURVE('',#2602,#2602,#2377,.T.);
#3236=EDGE_CURVE('',#2602,#2603,#1042,.T.);
#3237=EDGE_CURVE('',#2603,#2603,#2378,.T.);
#3238=EDGE_CURVE('',#2573,#2604,#1043,.T.);
#3239=EDGE_CURVE('',#2604,#2605,#1044,.T.);
#3240=EDGE_CURVE('',#2606,#2605,#1045,.T.);
#3241=EDGE_CURVE('',#2606,#2607,#1046,.T.);
#3242=EDGE_CURVE('',#2607,#2608,#1047,.T.);
#3243=EDGE_CURVE('',#2608,#2572,#1048,.T.);
#3244=EDGE_CURVE('',#2557,#2609,#1049,.T.);
#3245=EDGE_CURVE('',#2610,#2609,#1050,.T.);
#3246=EDGE_CURVE('',#2611,#2610,#1051,.T.);
#3247=EDGE_CURVE('',#2612,#2611,#1052,.T.);
#3248=EDGE_CURVE('',#2612,#2613,#1053,.T.);
#3249=EDGE_CURVE('',#2613,#2556,#1054,.T.);
#3250=EDGE_CURVE('',#2614,#2612,#1055,.T.);
#3251=EDGE_CURVE('',#2615,#2611,#1056,.T.);
#3252=EDGE_CURVE('',#2614,#2615,#1057,.T.);
#3253=EDGE_CURVE('',#2616,#2617,#1058,.T.);
#3254=EDGE_CURVE('',#2615,#2616,#1059,.T.);
#3255=EDGE_CURVE('',#2618,#2610,#1060,.T.);
#3256=EDGE_CURVE('',#2618,#2617,#1061,.T.);
#3257=EDGE_CURVE('',#2617,#2619,#1062,.T.);
#3258=EDGE_CURVE('',#2619,#2620,#1063,.T.);
#3259=EDGE_CURVE('',#2616,#2620,#1064,.T.);
#3260=EDGE_CURVE('',#2621,#2618,#1065,.T.);
#3261=EDGE_CURVE('',#2622,#2621,#1066,.T.);
#3262=EDGE_CURVE('',#2623,#2622,#1067,.T.);
#3263=EDGE_CURVE('',#2623,#2624,#1068,.T.);
#3264=EDGE_CURVE('',#2624,#2625,#1069,.T.);
#3265=EDGE_CURVE('',#2625,#2626,#2379,.T.);
#3266=EDGE_CURVE('',#2626,#2627,#1070,.T.);
#3267=EDGE_CURVE('',#2627,#2628,#2380,.T.);
#3268=EDGE_CURVE('',#2628,#2629,#1071,.T.);
#3269=EDGE_CURVE('',#2629,#2630,#2381,.T.);
#3270=EDGE_CURVE('',#2630,#2631,#1072,.T.);
#3271=EDGE_CURVE('',#2631,#2632,#2382,.T.);
#3272=EDGE_CURVE('',#2632,#2633,#1073,.T.);
#3273=EDGE_CURVE('',#2633,#2634,#1074,.T.);
#3274=EDGE_CURVE('',#2619,#2634,#1075,.T.);
#3275=EDGE_CURVE('',#2634,#2635,#1076,.T.);
#3276=EDGE_CURVE('',#2620,#2635,#1077,.T.);
#3277=EDGE_CURVE('',#2636,#2621,#1078,.T.);
#3278=EDGE_CURVE('',#2637,#2636,#1079,.T.);
#3279=EDGE_CURVE('',#2637,#2622,#1080,.T.);
#3280=EDGE_CURVE('',#2638,#2623,#1081,.T.);
#3281=EDGE_CURVE('',#2638,#2637,#1082,.T.);
#3282=EDGE_CURVE('',#2635,#2639,#1083,.T.);
#3283=EDGE_CURVE('',#2639,#2640,#1084,.T.);
#3284=EDGE_CURVE('',#2640,#2638,#1085,.T.);
#3285=EDGE_CURVE('',#2636,#2641,#1086,.T.);
#3286=EDGE_CURVE('',#2641,#2642,#1087,.T.);
#3287=EDGE_CURVE('',#2642,#2614,#1088,.T.);
#3288=EDGE_CURVE('',#2641,#2609,#1089,.T.);
#3289=EDGE_CURVE('',#2642,#2613,#1090,.T.);
#3290=EDGE_CURVE('',#2643,#2644,#1091,.T.);
#3291=EDGE_CURVE('',#2645,#2644,#1092,.T.);
#3292=EDGE_CURVE('',#2643,#2645,#1093,.T.);
#3293=EDGE_CURVE('',#2565,#2646,#1094,.T.);
#3294=EDGE_CURVE('',#2647,#2646,#1095,.T.);
#3295=EDGE_CURVE('',#2648,#2647,#1096,.T.);
#3296=EDGE_CURVE('',#2648,#2564,#1097,.T.);
#3297=EDGE_CURVE('',#2649,#2648,#1098,.T.);
#3298=EDGE_CURVE('',#2650,#2647,#1099,.T.);
#3299=EDGE_CURVE('',#2649,#2650,#1100,.T.);
#3300=EDGE_CURVE('',#2651,#2652,#1101,.T.);
#3301=EDGE_CURVE('',#2650,#2651,#1102,.T.);
#3302=EDGE_CURVE('',#2643,#2646,#1103,.T.);
#3303=EDGE_CURVE('',#2653,#2645,#1104,.T.);
#3304=EDGE_CURVE('',#2653,#2652,#1105,.T.);
#3305=EDGE_CURVE('',#2652,#2654,#1106,.T.);
#3306=EDGE_CURVE('',#2655,#2654,#1107,.T.);
#3307=EDGE_CURVE('',#2651,#2655,#1108,.T.);
#3308=EDGE_CURVE('',#2656,#2653,#1109,.T.);
#3309=EDGE_CURVE('',#2657,#2656,#1110,.T.);
#3310=EDGE_CURVE('',#2658,#2657,#1111,.T.);
#3311=EDGE_CURVE('',#2658,#2659,#1112,.T.);
#3312=EDGE_CURVE('',#2659,#2660,#1113,.T.);
#3313=EDGE_CURVE('',#2660,#2661,#2383,.T.);
#3314=EDGE_CURVE('',#2661,#2662,#1114,.T.);
#3315=EDGE_CURVE('',#2662,#2663,#2384,.T.);
#3316=EDGE_CURVE('',#2663,#2664,#1115,.T.);
#3317=EDGE_CURVE('',#2664,#2665,#2385,.T.);
#3318=EDGE_CURVE('',#2665,#2666,#1116,.T.);
#3319=EDGE_CURVE('',#2666,#2667,#2386,.T.);
#3320=EDGE_CURVE('',#2667,#2668,#1117,.T.);
#3321=EDGE_CURVE('',#2668,#2669,#1118,.T.);
#3322=EDGE_CURVE('',#2654,#2669,#1119,.T.);
#3323=EDGE_CURVE('',#2655,#2670,#1120,.T.);
#3324=EDGE_CURVE('',#2670,#2671,#1121,.T.);
#3325=EDGE_CURVE('',#2671,#2672,#1122,.T.);
#3326=EDGE_CURVE('',#2672,#2673,#2387,.T.);
#3327=EDGE_CURVE('',#2673,#2674,#1123,.T.);
#3328=EDGE_CURVE('',#2674,#2675,#1124,.T.);
#3329=EDGE_CURVE('',#2675,#2676,#1125,.T.);
#3330=EDGE_CURVE('',#2676,#2677,#1126,.T.);
#3331=EDGE_CURVE('',#2677,#2678,#2388,.T.);
#3332=EDGE_CURVE('',#2678,#2679,#1127,.T.);
#3333=EDGE_CURVE('',#2679,#2680,#1128,.T.);
#3334=EDGE_CURVE('',#2680,#2681,#1129,.T.);
#3335=EDGE_CURVE('',#2681,#2682,#1130,.T.);
#3336=EDGE_CURVE('',#2682,#2683,#1131,.T.);
#3337=EDGE_CURVE('',#2683,#2684,#1132,.T.);
#3338=EDGE_CURVE('',#2684,#2649,#1133,.T.);
#3339=EDGE_CURVE('',#2683,#2644,#1134,.T.);
#3340=EDGE_CURVE('',#2656,#2682,#1135,.T.);
#3341=EDGE_CURVE('',#2646,#2685,#1136,.T.);
#3342=EDGE_CURVE('',#2685,#2643,#1137,.T.);
#3343=EDGE_CURVE('',#2669,#2670,#1138,.T.);
#3344=EDGE_CURVE('',#2681,#2657,#1139,.T.);
#3345=EDGE_CURVE('',#2680,#2658,#1140,.T.);
#3346=EDGE_CURVE('',#2686,#2687,#1141,.T.);
#3347=EDGE_CURVE('',#2686,#2688,#1142,.T.);
#3348=EDGE_CURVE('',#2688,#2689,#1143,.T.);
#3349=EDGE_CURVE('',#2687,#2689,#1144,.T.);
#3350=EDGE_CURVE('',#2690,#2691,#1145,.T.);
#3351=EDGE_CURVE('',#2692,#2690,#1146,.T.);
#3352=EDGE_CURVE('',#2692,#2693,#1147,.T.);
#3353=EDGE_CURVE('',#2693,#2691,#1148,.T.);
#3354=EDGE_CURVE('',#2694,#2695,#1149,.T.);
#3355=EDGE_CURVE('',#2695,#2693,#1150,.T.);
#3356=EDGE_CURVE('',#2694,#2692,#1151,.T.);
#3357=EDGE_CURVE('',#2689,#2696,#1152,.T.);
#3358=EDGE_CURVE('',#2696,#2697,#1153,.T.);
#3359=EDGE_CURVE('',#2697,#2694,#1154,.T.);
#3360=EDGE_CURVE('',#2690,#2698,#1155,.T.);
#3361=EDGE_CURVE('',#2698,#2699,#1156,.T.);
#3362=EDGE_CURVE('',#2699,#2700,#1157,.T.);
#3363=EDGE_CURVE('',#2700,#2701,#1158,.T.);
#3364=EDGE_CURVE('',#2701,#2702,#1159,.T.);
#3365=EDGE_CURVE('',#2702,#2687,#1160,.T.);
#3366=EDGE_CURVE('',#2691,#2703,#1161,.T.);
#3367=EDGE_CURVE('',#2698,#2703,#1162,.T.);
#3368=EDGE_CURVE('',#2607,#2702,#1163,.T.);
#3369=EDGE_CURVE('',#2704,#2606,#1164,.T.);
#3370=EDGE_CURVE('',#2704,#2686,#1165,.T.);
#3371=EDGE_CURVE('',#2695,#2705,#1166,.T.);
#3372=EDGE_CURVE('',#2705,#2706,#1167,.T.);
#3373=EDGE_CURVE('',#2706,#2707,#2389,.T.);
#3374=EDGE_CURVE('',#2707,#2708,#1168,.T.);
#3375=EDGE_CURVE('',#2708,#2709,#2390,.T.);
#3376=EDGE_CURVE('',#2709,#2710,#1169,.T.);
#3377=EDGE_CURVE('',#2710,#2711,#2391,.T.);
#3378=EDGE_CURVE('',#2711,#2712,#1170,.T.);
#3379=EDGE_CURVE('',#2712,#2713,#2392,.T.);
#3380=EDGE_CURVE('',#2713,#2714,#1171,.T.);
#3381=EDGE_CURVE('',#2714,#2688,#1172,.T.);
#3382=EDGE_CURVE('',#2703,#2704,#1173,.T.);
#3383=EDGE_CURVE('',#2605,#2699,#1174,.T.);
#3384=EDGE_CURVE('',#2604,#2700,#1175,.T.);
#3385=EDGE_CURVE('',#2715,#2716,#1176,.T.);
#3386=EDGE_CURVE('',#2715,#2717,#1177,.T.);
#3387=EDGE_CURVE('',#2717,#2718,#1178,.T.);
#3388=EDGE_CURVE('',#2716,#2718,#1179,.T.);
#3389=EDGE_CURVE('',#2719,#2720,#1180,.T.);
#3390=EDGE_CURVE('',#2721,#2719,#1181,.T.);
#3391=EDGE_CURVE('',#2721,#2722,#1182,.T.);
#3392=EDGE_CURVE('',#2722,#2720,#1183,.T.);
#3393=EDGE_CURVE('',#2723,#2724,#1184,.T.);
#3394=EDGE_CURVE('',#2724,#2722,#1185,.T.);
#3395=EDGE_CURVE('',#2723,#2721,#1186,.T.);
#3396=EDGE_CURVE('',#2718,#2725,#1187,.T.);
#3397=EDGE_CURVE('',#2725,#2726,#1188,.T.);
#3398=EDGE_CURVE('',#2726,#2723,#1189,.T.);
#3399=EDGE_CURVE('',#2719,#2727,#1190,.T.);
#3400=EDGE_CURVE('',#2727,#2728,#1191,.T.);
#3401=EDGE_CURVE('',#2728,#2716,#1192,.T.);
#3402=EDGE_CURVE('',#2720,#2729,#1193,.T.);
#3403=EDGE_CURVE('',#2727,#2729,#1194,.T.);
#3404=EDGE_CURVE('',#2730,#2728,#1195,.T.);
#3405=EDGE_CURVE('',#2730,#2715,#1196,.T.);
#3406=EDGE_CURVE('',#2729,#2730,#1197,.T.);
#3407=EDGE_CURVE('',#2731,#2732,#1198,.T.);
#3408=EDGE_CURVE('',#2732,#2733,#1199,.T.);
#3409=EDGE_CURVE('',#2733,#2734,#1200,.T.);
#3410=EDGE_CURVE('',#2735,#2734,#1201,.T.);
#3411=EDGE_CURVE('',#2731,#2735,#1202,.T.);
#3412=EDGE_CURVE('',#2733,#2736,#1203,.T.);
#3413=EDGE_CURVE('',#2737,#2736,#1204,.T.);
#3414=EDGE_CURVE('',#2734,#2737,#1205,.T.);
#3415=EDGE_CURVE('',#2738,#2731,#1206,.T.);
#3416=EDGE_CURVE('',#2739,#2735,#1207,.T.);
#3417=EDGE_CURVE('',#2738,#2739,#1208,.T.);
#3418=EDGE_CURVE('',#2740,#2741,#1209,.T.);
#3419=EDGE_CURVE('',#2739,#2740,#1210,.T.);
#3420=EDGE_CURVE('',#2742,#2737,#1211,.T.);
#3421=EDGE_CURVE('',#2743,#2742,#1212,.T.);
#3422=EDGE_CURVE('',#2743,#2741,#1213,.T.);
#3423=EDGE_CURVE('',#2741,#2744,#1214,.T.);
#3424=EDGE_CURVE('',#2745,#2744,#1215,.T.);
#3425=EDGE_CURVE('',#2740,#2745,#1216,.T.);
#3426=EDGE_CURVE('',#2746,#2743,#1217,.T.);
#3427=EDGE_CURVE('',#2747,#2746,#1218,.T.);
#3428=EDGE_CURVE('',#2748,#2747,#1219,.T.);
#3429=EDGE_CURVE('',#2748,#2749,#1220,.T.);
#3430=EDGE_CURVE('',#2749,#2750,#1221,.T.);
#3431=EDGE_CURVE('',#2750,#2751,#2393,.T.);
#3432=EDGE_CURVE('',#2751,#2752,#1222,.T.);
#3433=EDGE_CURVE('',#2752,#2753,#2394,.T.);
#3434=EDGE_CURVE('',#2753,#2754,#1223,.T.);
#3435=EDGE_CURVE('',#2754,#2755,#2395,.T.);
#3436=EDGE_CURVE('',#2755,#2756,#1224,.T.);
#3437=EDGE_CURVE('',#2756,#2757,#2396,.T.);
#3438=EDGE_CURVE('',#2757,#2758,#1225,.T.);
#3439=EDGE_CURVE('',#2758,#2759,#1226,.T.);
#3440=EDGE_CURVE('',#2744,#2759,#1227,.T.);
#3441=EDGE_CURVE('',#2745,#2760,#1228,.T.);
#3442=EDGE_CURVE('',#2760,#2761,#1229,.T.);
#3443=EDGE_CURVE('',#2761,#2762,#1230,.T.);
#3444=EDGE_CURVE('',#2762,#2763,#2397,.T.);
#3445=EDGE_CURVE('',#2763,#2764,#1231,.T.);
#3446=EDGE_CURVE('',#2764,#2765,#1232,.T.);
#3447=EDGE_CURVE('',#2765,#2766,#1233,.T.);
#3448=EDGE_CURVE('',#2766,#2767,#1234,.T.);
#3449=EDGE_CURVE('',#2767,#2768,#1235,.T.);
#3450=EDGE_CURVE('',#2768,#2769,#1236,.T.);
#3451=EDGE_CURVE('',#2769,#2742,#1237,.T.);
#3452=EDGE_CURVE('',#2736,#2770,#1238,.T.);
#3453=EDGE_CURVE('',#2770,#2738,#1239,.T.);
#3454=EDGE_CURVE('',#2746,#2769,#1240,.T.);
#3455=EDGE_CURVE('',#2768,#2747,#1241,.T.);
#3456=EDGE_CURVE('',#2767,#2748,#1242,.T.);
#3457=EDGE_CURVE('',#2759,#2760,#1243,.T.);
#3458=EDGE_CURVE('',#2771,#2772,#1244,.T.);
#3459=EDGE_CURVE('',#2771,#2773,#1245,.T.);
#3460=EDGE_CURVE('',#2773,#2774,#1246,.T.);
#3461=EDGE_CURVE('',#2772,#2774,#1247,.T.);
#3462=EDGE_CURVE('',#2775,#2776,#1248,.T.);
#3463=EDGE_CURVE('',#2777,#2775,#1249,.T.);
#3464=EDGE_CURVE('',#2777,#2778,#1250,.T.);
#3465=EDGE_CURVE('',#2778,#2776,#1251,.T.);
#3466=EDGE_CURVE('',#2776,#2779,#1252,.T.);
#3467=EDGE_CURVE('',#2779,#2780,#1253,.T.);
#3468=EDGE_CURVE('',#2780,#2781,#1254,.T.);
#3469=EDGE_CURVE('',#2782,#2781,#1255,.T.);
#3470=EDGE_CURVE('',#2775,#2782,#1256,.T.);
#3471=EDGE_CURVE('',#2783,#2778,#1257,.T.);
#3472=EDGE_CURVE('',#2783,#2784,#1258,.T.);
#3473=EDGE_CURVE('',#2784,#2785,#1259,.T.);
#3474=EDGE_CURVE('',#2785,#2786,#2398,.T.);
#3475=EDGE_CURVE('',#2786,#2787,#1260,.T.);
#3476=EDGE_CURVE('',#2787,#2788,#2399,.T.);
#3477=EDGE_CURVE('',#2788,#2789,#1261,.T.);
#3478=EDGE_CURVE('',#2789,#2790,#2400,.T.);
#3479=EDGE_CURVE('',#2790,#2791,#1262,.T.);
#3480=EDGE_CURVE('',#2791,#2792,#2401,.T.);
#3481=EDGE_CURVE('',#2792,#2793,#1263,.T.);
#3482=EDGE_CURVE('',#2793,#2773,#1264,.T.);
#3483=EDGE_CURVE('',#2794,#2771,#1265,.T.);
#3484=EDGE_CURVE('',#2779,#2794,#1266,.T.);
#3485=EDGE_CURVE('',#2795,#2783,#1267,.T.);
#3486=EDGE_CURVE('',#2795,#2777,#1268,.T.);
#3487=EDGE_CURVE('',#2774,#2796,#1269,.T.);
#3488=EDGE_CURVE('',#2796,#2797,#1270,.T.);
#3489=EDGE_CURVE('',#2797,#2798,#1271,.T.);
#3490=EDGE_CURVE('',#2798,#2799,#2402,.T.);
#3491=EDGE_CURVE('',#2799,#2800,#1272,.T.);
#3492=EDGE_CURVE('',#2800,#2801,#2403,.T.);
#3493=EDGE_CURVE('',#2801,#2802,#1273,.T.);
#3494=EDGE_CURVE('',#2802,#2803,#2404,.T.);
#3495=EDGE_CURVE('',#2803,#2804,#1274,.T.);
#3496=EDGE_CURVE('',#2804,#2805,#1275,.T.);
#3497=EDGE_CURVE('',#2806,#2805,#2405,.T.);
#3498=EDGE_CURVE('',#2807,#2806,#1276,.T.);
#3499=EDGE_CURVE('',#2808,#2807,#2406,.T.);
#3500=EDGE_CURVE('',#2809,#2808,#1277,.T.);
#3501=EDGE_CURVE('',#2795,#2809,#1278,.T.);
#3502=EDGE_CURVE('',#2782,#2810,#1279,.T.);
#3503=EDGE_CURVE('',#2810,#2811,#1280,.T.);
#3504=EDGE_CURVE('',#2772,#2811,#1281,.T.);
#3505=EDGE_CURVE('',#2812,#2813,#1282,.T.);
#3506=EDGE_CURVE('',#2814,#2813,#1283,.T.);
#3507=EDGE_CURVE('',#2812,#2814,#1284,.T.);
#3508=EDGE_CURVE('',#2577,#2781,#1285,.T.);
#3509=EDGE_CURVE('',#2815,#2780,#1286,.T.);
#3510=EDGE_CURVE('',#2815,#2576,#1287,.T.);
#3511=EDGE_CURVE('',#2814,#2794,#1288,.T.);
#3512=EDGE_CURVE('',#2815,#2813,#1289,.T.);
#3513=EDGE_CURVE('',#2813,#2816,#1290,.T.);
#3514=EDGE_CURVE('',#2816,#2815,#1291,.T.);
#3515=EDGE_CURVE('',#2811,#2812,#1292,.T.);
#3516=EDGE_CURVE('',#2805,#2817,#1293,.T.);
#3517=EDGE_CURVE('',#2818,#2804,#1294,.T.);
#3518=EDGE_CURVE('',#2817,#2818,#1295,.T.);
#3519=EDGE_CURVE('',#2810,#2816,#1296,.T.);
#3520=EDGE_CURVE('',#2817,#2819,#2407,.T.);
#3521=EDGE_CURVE('',#2820,#2818,#1297,.T.);
#3522=EDGE_CURVE('',#2820,#2821,#1298,.T.);
#3523=EDGE_CURVE('',#2821,#2822,#1299,.T.);
#3524=EDGE_CURVE('',#2823,#2822,#1300,.T.);
#3525=EDGE_CURVE('',#2824,#2823,#2408,.T.);
#3526=EDGE_CURVE('',#2824,#2825,#1301,.T.);
#3527=EDGE_CURVE('',#2826,#2825,#2409,.T.);
#3528=EDGE_CURVE('',#2827,#2826,#1302,.T.);
#3529=EDGE_CURVE('',#2827,#2828,#1303,.T.);
#3530=EDGE_CURVE('',#2828,#2829,#1304,.T.);
#3531=EDGE_CURVE('',#2829,#2830,#1305,.T.);
#3532=EDGE_CURVE('',#2830,#2831,#1306,.T.);
#3533=EDGE_CURVE('',#2831,#2832,#1307,.T.);
#3534=EDGE_CURVE('',#2832,#2833,#1308,.T.);
#3535=EDGE_CURVE('',#2834,#2833,#1309,.T.);
#3536=EDGE_CURVE('',#2835,#2834,#2410,.T.);
#3537=EDGE_CURVE('',#2836,#2835,#1310,.T.);
#3538=EDGE_CURVE('',#2836,#2837,#1311,.T.);
#3539=EDGE_CURVE('',#2838,#2837,#1312,.T.);
#3540=EDGE_CURVE('',#2839,#2838,#2411,.T.);
#3541=EDGE_CURVE('',#2840,#2839,#1313,.T.);
#3542=EDGE_CURVE('',#2840,#2841,#1314,.T.);
#3543=EDGE_CURVE('',#2842,#2841,#1315,.T.);
#3544=EDGE_CURVE('',#2843,#2842,#2412,.T.);
#3545=EDGE_CURVE('',#2819,#2843,#1316,.T.);
#3546=EDGE_CURVE('',#2844,#2845,#1317,.T.);
#3547=EDGE_CURVE('',#2846,#2844,#1318,.T.);
#3548=EDGE_CURVE('',#2847,#2846,#1319,.T.);
#3549=EDGE_CURVE('',#2845,#2847,#1320,.T.);
#3550=EDGE_CURVE('',#2848,#2796,#1321,.T.);
#3551=EDGE_CURVE('',#2849,#2848,#1322,.T.);
#3552=EDGE_CURVE('',#2849,#2797,#1323,.T.);
#3553=EDGE_CURVE('',#2850,#2851,#1324,.T.);
#3554=EDGE_CURVE('',#2847,#2850,#1325,.T.);
#3555=EDGE_CURVE('',#2851,#2846,#1326,.T.);
#3556=EDGE_CURVE('',#2851,#2844,#2413,.T.);
#3557=EDGE_CURVE('',#2852,#2853,#1327,.T.);
#3558=EDGE_CURVE('',#2852,#2854,#1328,.T.);
#3559=EDGE_CURVE('',#2854,#2855,#1329,.T.);
#3560=EDGE_CURVE('',#2855,#2856,#2414,.T.);
#3561=EDGE_CURVE('',#2856,#2857,#1330,.T.);
#3562=EDGE_CURVE('',#2857,#2858,#2415,.T.);
#3563=EDGE_CURVE('',#2858,#2859,#1331,.T.);
#3564=EDGE_CURVE('',#2859,#2860,#1332,.T.);
#3565=EDGE_CURVE('',#2860,#2861,#2416,.T.);
#3566=EDGE_CURVE('',#2861,#2862,#1333,.T.);
#3567=EDGE_CURVE('',#2862,#2853,#2417,.T.);
#3568=EDGE_CURVE('',#2822,#2863,#1334,.T.);
#3569=EDGE_CURVE('',#2864,#2821,#1335,.T.);
#3570=EDGE_CURVE('',#2863,#2864,#1336,.T.);
#3571=EDGE_CURVE('',#2864,#2865,#1337,.T.);
#3572=EDGE_CURVE('',#2865,#2820,#1338,.T.);
#3573=EDGE_CURVE('',#2866,#2827,#1339,.T.);
#3574=EDGE_CURVE('',#2867,#2866,#1340,.T.);
#3575=EDGE_CURVE('',#2867,#2828,#1341,.T.);
#3576=EDGE_CURVE('',#2868,#2867,#1342,.T.);
#3577=EDGE_CURVE('',#2868,#2829,#1343,.T.);
#3578=EDGE_CURVE('',#2869,#2868,#1344,.T.);
#3579=EDGE_CURVE('',#2869,#2830,#1345,.T.);
#3580=EDGE_CURVE('',#2870,#2869,#1346,.T.);
#3581=EDGE_CURVE('',#2870,#2831,#1347,.T.);
#3582=EDGE_CURVE('',#2871,#2870,#1348,.T.);
#3583=EDGE_CURVE('',#2871,#2832,#1349,.T.);
#3584=EDGE_CURVE('',#2872,#2871,#1350,.T.);
#3585=EDGE_CURVE('',#2833,#2872,#1351,.T.);
#3586=EDGE_CURVE('',#2684,#2685,#1352,.T.);
#3587=EDGE_CURVE('',#2873,#2824,#1353,.T.);
#3588=EDGE_CURVE('',#2874,#2873,#1354,.T.);
#3589=EDGE_CURVE('',#2825,#2874,#1355,.T.);
#3590=EDGE_CURVE('',#2701,#2608,#1356,.T.);
#3591=EDGE_CURVE('',#2841,#2852,#1357,.T.);
#3592=EDGE_CURVE('',#2854,#2840,#1358,.T.);
#3593=EDGE_CURVE('',#2875,#2836,#1359,.T.);
#3594=EDGE_CURVE('',#2876,#2875,#1360,.T.);
#3595=EDGE_CURVE('',#2837,#2876,#1361,.T.);
#3596=EDGE_CURVE('',#2770,#2732,#1362,.T.);
#3597=EDGE_CURVE('',#2877,#2878,#1363,.T.);
#3598=EDGE_CURVE('',#2878,#2879,#1364,.T.);
#3599=EDGE_CURVE('',#2879,#2880,#1365,.T.);
#3600=EDGE_CURVE('',#2880,#2881,#1366,.T.);
#3601=EDGE_CURVE('',#2881,#2882,#1367,.T.);
#3602=EDGE_CURVE('',#2882,#2883,#1368,.T.);
#3603=EDGE_CURVE('',#2883,#2884,#1369,.T.);
#3604=EDGE_CURVE('',#2884,#2877,#1370,.T.);
#3605=EDGE_CURVE('',#2885,#2863,#1371,.T.);
#3606=EDGE_CURVE('',#2885,#2629,#1372,.T.);
#3607=EDGE_CURVE('',#2823,#2628,#1373,.T.);
#3608=EDGE_CURVE('',#2803,#2754,#1374,.T.);
#3609=EDGE_CURVE('',#2886,#2753,#1375,.T.);
#3610=EDGE_CURVE('',#2865,#2886,#1376,.T.);
#3611=EDGE_CURVE('',#2839,#2710,#1377,.T.);
#3612=EDGE_CURVE('',#2855,#2709,#1378,.T.);
#3613=EDGE_CURVE('',#2838,#2711,#1379,.T.);
#3614=EDGE_CURVE('',#2887,#2876,#1380,.T.);
#3615=EDGE_CURVE('',#2888,#2887,#1381,.T.);
#3616=EDGE_CURVE('',#2889,#2888,#1382,.T.);
#3617=EDGE_CURVE('',#2889,#2712,#1383,.T.);
#3618=EDGE_CURVE('',#2875,#2890,#1384,.T.);
#3619=EDGE_CURVE('',#2890,#2891,#2418,.T.);
#3620=EDGE_CURVE('',#2891,#2892,#1385,.T.);
#3621=EDGE_CURVE('',#2892,#2887,#2419,.T.);
#3622=EDGE_CURVE('',#2866,#2872,#1386,.T.);
#3623=EDGE_CURVE('',#2873,#2893,#2420,.T.);
#3624=EDGE_CURVE('',#2893,#2894,#1387,.T.);
#3625=EDGE_CURVE('',#2894,#2895,#2421,.T.);
#3626=EDGE_CURVE('',#2895,#2896,#1388,.T.);
#3627=EDGE_CURVE('',#2896,#2897,#2422,.T.);
#3628=EDGE_CURVE('',#2897,#2898,#1389,.T.);
#3629=EDGE_CURVE('',#2898,#2899,#1390,.T.);
#3630=EDGE_CURVE('',#2899,#2874,#2423,.T.);
#3631=EDGE_CURVE('',#2886,#2900,#2424,.T.);
#3632=EDGE_CURVE('',#2900,#2901,#1391,.T.);
#3633=EDGE_CURVE('',#2901,#2902,#2425,.T.);
#3634=EDGE_CURVE('',#2902,#2903,#1392,.T.);
#3635=EDGE_CURVE('',#2903,#2904,#1393,.T.);
#3636=EDGE_CURVE('',#2904,#2905,#2426,.T.);
#3637=EDGE_CURVE('',#2905,#2906,#1394,.T.);
#3638=EDGE_CURVE('',#2906,#2907,#2427,.T.);
#3639=EDGE_CURVE('',#2907,#2908,#1395,.T.);
#3640=EDGE_CURVE('',#2908,#2909,#2428,.T.);
#3641=EDGE_CURVE('',#2909,#2910,#1396,.T.);
#3642=EDGE_CURVE('',#2910,#2911,#2429,.T.);
#3643=EDGE_CURVE('',#2911,#2912,#1397,.T.);
#3644=EDGE_CURVE('',#2912,#2913,#2430,.T.);
#3645=EDGE_CURVE('',#2913,#2914,#1398,.T.);
#3646=EDGE_CURVE('',#2914,#2915,#1399,.T.);
#3647=EDGE_CURVE('',#2915,#2916,#2431,.T.);
#3648=EDGE_CURVE('',#2916,#2917,#1400,.T.);
#3649=EDGE_CURVE('',#2917,#2918,#2432,.T.);
#3650=EDGE_CURVE('',#2918,#2919,#1401,.T.);
#3651=EDGE_CURVE('',#2919,#2920,#1402,.T.);
#3652=EDGE_CURVE('',#2920,#2921,#2433,.T.);
#3653=EDGE_CURVE('',#2921,#2922,#1403,.T.);
#3654=EDGE_CURVE('',#2922,#2885,#2434,.T.);
#3655=EDGE_CURVE('',#2761,#2758,#1404,.T.);
#3656=EDGE_CURVE('',#2923,#2765,#1405,.T.);
#3657=EDGE_CURVE('',#2924,#2923,#1406,.T.);
#3658=EDGE_CURVE('',#2924,#2750,#1407,.T.);
#3659=EDGE_CURVE('',#2766,#2749,#1408,.T.);
#3660=EDGE_CURVE('',#2900,#2752,#1409,.T.);
#3661=EDGE_CURVE('',#2901,#2751,#1410,.T.);
#3662=EDGE_CURVE('',#2802,#2755,#1411,.T.);
#3663=EDGE_CURVE('',#2925,#2801,#1412,.T.);
#3664=EDGE_CURVE('',#2926,#2925,#1413,.T.);
#3665=EDGE_CURVE('',#2926,#2756,#1414,.T.);
#3666=EDGE_CURVE('',#2762,#2757,#1415,.T.);
#3667=EDGE_CURVE('',#2926,#2927,#2435,.T.);
#3668=EDGE_CURVE('',#2763,#2927,#1416,.T.);
#3669=EDGE_CURVE('',#2924,#2928,#2436,.T.);
#3670=EDGE_CURVE('',#2902,#2928,#1417,.T.);
#3671=EDGE_CURVE('',#2929,#2928,#1418,.T.);
#3672=EDGE_CURVE('',#2929,#2903,#1419,.T.);
#3673=EDGE_CURVE('',#2930,#2927,#1420,.T.);
#3674=EDGE_CURVE('',#2930,#2764,#1421,.T.);
#3675=EDGE_CURVE('',#2671,#2668,#1422,.T.);
#3676=EDGE_CURVE('',#2679,#2659,#1423,.T.);
#3677=EDGE_CURVE('',#2678,#2660,#1424,.T.);
#3678=EDGE_CURVE('',#2677,#2661,#1425,.T.);
#3679=EDGE_CURVE('',#2672,#2667,#1426,.T.);
#3680=EDGE_CURVE('',#2931,#2666,#1427,.T.);
#3681=EDGE_CURVE('',#2931,#2932,#2437,.T.);
#3682=EDGE_CURVE('',#2673,#2932,#1428,.T.);
#3683=EDGE_CURVE('',#2933,#2898,#1429,.T.);
#3684=EDGE_CURVE('',#2931,#2933,#1430,.T.);
#3685=EDGE_CURVE('',#2899,#2665,#1431,.T.);
#3686=EDGE_CURVE('',#2826,#2664,#1432,.T.);
#3687=EDGE_CURVE('',#2834,#2663,#1433,.T.);
#3688=EDGE_CURVE('',#2835,#2662,#1434,.T.);
#3689=EDGE_CURVE('',#2934,#2676,#1435,.T.);
#3690=EDGE_CURVE('',#2934,#2935,#1436,.T.);
#3691=EDGE_CURVE('',#2890,#2935,#1437,.T.);
#3692=EDGE_CURVE('',#2936,#2897,#1438,.T.);
#3693=EDGE_CURVE('',#2933,#2936,#1439,.T.);
#3694=EDGE_CURVE('',#2937,#2932,#1440,.T.);
#3695=EDGE_CURVE('',#2937,#2674,#1441,.T.);
#3696=EDGE_CURVE('',#2938,#2935,#2438,.T.);
#3697=EDGE_CURVE('',#2938,#2891,#1442,.T.);
#3698=EDGE_CURVE('',#2939,#2697,#1443,.T.);
#3699=EDGE_CURVE('',#2940,#2939,#1444,.T.);
#3700=EDGE_CURVE('',#2940,#2705,#1445,.T.);
#3701=EDGE_CURVE('',#2858,#2941,#1446,.T.);
#3702=EDGE_CURVE('',#2857,#2707,#1447,.T.);
#3703=EDGE_CURVE('',#2942,#2706,#1448,.T.);
#3704=EDGE_CURVE('',#2942,#2941,#2439,.T.);
#3705=EDGE_CURVE('',#2856,#2708,#1449,.T.);
#3706=EDGE_CURVE('',#2943,#2714,#1450,.T.);
#3707=EDGE_CURVE('',#2943,#2944,#1451,.T.);
#3708=EDGE_CURVE('',#2696,#2944,#1452,.T.);
#3709=EDGE_CURVE('',#2945,#2943,#1453,.T.);
#3710=EDGE_CURVE('',#2945,#2713,#1454,.T.);
#3711=EDGE_CURVE('',#2946,#2947,#1455,.T.);
#3712=EDGE_CURVE('',#2946,#2945,#2440,.T.);
#3713=EDGE_CURVE('',#2889,#2948,#2441,.T.);
#3714=EDGE_CURVE('',#2949,#2948,#1456,.T.);
#3715=EDGE_CURVE('',#2947,#2949,#2442,.T.);
#3716=EDGE_CURVE('',#2942,#2940,#1457,.T.);
#3717=EDGE_CURVE('',#2950,#2947,#1458,.T.);
#3718=EDGE_CURVE('',#2951,#2950,#1459,.T.);
#3719=EDGE_CURVE('',#2946,#2951,#1460,.T.);
#3720=EDGE_CURVE('',#2952,#2941,#1461,.T.);
#3721=EDGE_CURVE('',#2952,#2859,#1462,.T.);
#3722=EDGE_CURVE('',#2949,#2950,#1463,.T.);
#3723=EDGE_CURVE('',#2951,#2948,#1464,.T.);
#3724=EDGE_CURVE('',#2953,#2892,#1465,.T.);
#3725=EDGE_CURVE('',#2888,#2953,#2443,.T.);
#3726=EDGE_CURVE('',#2639,#2882,#1466,.T.);
#3727=EDGE_CURVE('',#2954,#2633,#1467,.T.);
#3728=EDGE_CURVE('',#2954,#2955,#1468,.T.);
#3729=EDGE_CURVE('',#2955,#2883,#1469,.T.);
#3730=EDGE_CURVE('',#2956,#2957,#1470,.T.);
#3731=EDGE_CURVE('',#2894,#2956,#1471,.T.);
#3732=EDGE_CURVE('',#2893,#2627,#1472,.T.);
#3733=EDGE_CURVE('',#2958,#2626,#1473,.T.);
#3734=EDGE_CURVE('',#2958,#2959,#1474,.T.);
#3735=EDGE_CURVE('',#2959,#2957,#1475,.T.);
#3736=EDGE_CURVE('',#2922,#2630,#1476,.T.);
#3737=EDGE_CURVE('',#2921,#2631,#1477,.T.);
#3738=EDGE_CURVE('',#2960,#2958,#2444,.T.);
#3739=EDGE_CURVE('',#2960,#2625,#1478,.T.);
#3740=EDGE_CURVE('',#2961,#2962,#2445,.T.);
#3741=EDGE_CURVE('',#2963,#2961,#1479,.T.);
#3742=EDGE_CURVE('',#2964,#2963,#2446,.T.);
#3743=EDGE_CURVE('',#2962,#2964,#1480,.T.);
#3744=EDGE_CURVE('',#2965,#2880,#1481,.T.);
#3745=EDGE_CURVE('',#2966,#2965,#1482,.T.);
#3746=EDGE_CURVE('',#2966,#2624,#1483,.T.);
#3747=EDGE_CURVE('',#2881,#2640,#1484,.T.);
#3748=EDGE_CURVE('',#2967,#2879,#1485,.T.);
#3749=EDGE_CURVE('',#2965,#2967,#1486,.T.);
#3750=EDGE_CURVE('',#2968,#2878,#1487,.T.);
#3751=EDGE_CURVE('',#2967,#2968,#1488,.T.);
#3752=EDGE_CURVE('',#2969,#2877,#1489,.T.);
#3753=EDGE_CURVE('',#2968,#2969,#1490,.T.);
#3754=EDGE_CURVE('',#2970,#2884,#1491,.T.);
#3755=EDGE_CURVE('',#2970,#2969,#1492,.T.);
#3756=EDGE_CURVE('',#2955,#2970,#1493,.T.);
#3757=EDGE_CURVE('',#2971,#2954,#1494,.T.);
#3758=EDGE_CURVE('',#2971,#2632,#1495,.T.);
#3759=EDGE_CURVE('',#2972,#2973,#2447,.T.);
#3760=EDGE_CURVE('',#2974,#2972,#1496,.T.);
#3761=EDGE_CURVE('',#2974,#2971,#2448,.T.);
#3762=EDGE_CURVE('',#2973,#2920,#1497,.T.);
#3763=EDGE_CURVE('',#2975,#2972,#1498,.T.);
#3764=EDGE_CURVE('',#2976,#2975,#1499,.T.);
#3765=EDGE_CURVE('',#2974,#2976,#1500,.T.);
#3766=EDGE_CURVE('',#2977,#2975,#2449,.T.);
#3767=EDGE_CURVE('',#2978,#2977,#1501,.T.);
#3768=EDGE_CURVE('',#2978,#2976,#2450,.T.);
#3769=EDGE_CURVE('',#2979,#2977,#1502,.T.);
#3770=EDGE_CURVE('',#2980,#2979,#1503,.T.);
#3771=EDGE_CURVE('',#2980,#2978,#1504,.T.);
#3772=EDGE_CURVE('',#2957,#2979,#2451,.T.);
#3773=EDGE_CURVE('',#2959,#2980,#2452,.T.);
#3774=EDGE_CURVE('',#2960,#2966,#1505,.T.);
#3775=EDGE_CURVE('',#2981,#2919,#1506,.T.);
#3776=EDGE_CURVE('',#2973,#2981,#1507,.T.);
#3777=EDGE_CURVE('',#2982,#2964,#1508,.T.);
#3778=EDGE_CURVE('',#2982,#2983,#1509,.T.);
#3779=EDGE_CURVE('',#2962,#2983,#1510,.T.);
#3780=EDGE_CURVE('',#2963,#2982,#1511,.T.);
#3781=EDGE_CURVE('',#2983,#2961,#1512,.T.);
#3782=EDGE_CURVE('',#2984,#2985,#1513,.T.);
#3783=EDGE_CURVE('',#2725,#2984,#1514,.T.);
#3784=EDGE_CURVE('',#2986,#2717,#1515,.T.);
#3785=EDGE_CURVE('',#2987,#2986,#1516,.T.);
#3786=EDGE_CURVE('',#2987,#2988,#1517,.T.);
#3787=EDGE_CURVE('',#2988,#2985,#1518,.T.);
#3788=EDGE_CURVE('',#2989,#2990,#2453,.T.);
#3789=EDGE_CURVE('',#2913,#2989,#1519,.T.);
#3790=EDGE_CURVE('',#2912,#2991,#1520,.T.);
#3791=EDGE_CURVE('',#2992,#2991,#2454,.T.);
#3792=EDGE_CURVE('',#2993,#2992,#1521,.T.);
#3793=EDGE_CURVE('',#2993,#2994,#2455,.T.);
#3794=EDGE_CURVE('',#2994,#2990,#1522,.T.);
#3795=EDGE_CURVE('',#2911,#2995,#1523,.T.);
#3796=EDGE_CURVE('',#2991,#2995,#1524,.T.);
#3797=EDGE_CURVE('',#2910,#2996,#1525,.T.);
#3798=EDGE_CURVE('',#2995,#2996,#2456,.T.);
#3799=EDGE_CURVE('',#2909,#2997,#1526,.T.);
#3800=EDGE_CURVE('',#2996,#2997,#1527,.T.);
#3801=EDGE_CURVE('',#2908,#2998,#1528,.T.);
#3802=EDGE_CURVE('',#2997,#2998,#2457,.T.);
#3803=EDGE_CURVE('',#2999,#3000,#1529,.T.);
#3804=EDGE_CURVE('',#3001,#2999,#1530,.T.);
#3805=EDGE_CURVE('',#3002,#3001,#1531,.T.);
#3806=EDGE_CURVE('',#3002,#3003,#1532,.T.);
#3807=EDGE_CURVE('',#2724,#3003,#1533,.T.);
#3808=EDGE_CURVE('',#3000,#2726,#1534,.T.);
#3809=EDGE_CURVE('',#3004,#2999,#1535,.T.);
#3810=EDGE_CURVE('',#3005,#3004,#1536,.T.);
#3811=EDGE_CURVE('',#3001,#3005,#1537,.T.);
#3812=EDGE_CURVE('',#3006,#3004,#1538,.T.);
#3813=EDGE_CURVE('',#3007,#3006,#1539,.T.);
#3814=EDGE_CURVE('',#3005,#3007,#1540,.T.);
#3815=EDGE_CURVE('',#3008,#3006,#1541,.T.);
#3816=EDGE_CURVE('',#3009,#3008,#1542,.T.);
#3817=EDGE_CURVE('',#3007,#3009,#1543,.T.);
#3818=EDGE_CURVE('',#3010,#3008,#1544,.T.);
#3819=EDGE_CURVE('',#3011,#3010,#1545,.T.);
#3820=EDGE_CURVE('',#3011,#3009,#1546,.T.);
#3821=EDGE_CURVE('',#2985,#3010,#1547,.T.);
#3822=EDGE_CURVE('',#2988,#3011,#1548,.T.);
#3823=EDGE_CURVE('',#3012,#2987,#1549,.T.);
#3824=EDGE_CURVE('',#3013,#2986,#1550,.T.);
#3825=EDGE_CURVE('',#3012,#3013,#1551,.T.);
#3826=EDGE_CURVE('',#3014,#3012,#2458,.T.);
#3827=EDGE_CURVE('',#3015,#3013,#2459,.T.);
#3828=EDGE_CURVE('',#3014,#3015,#1552,.T.);
#3829=EDGE_CURVE('',#3016,#3017,#1553,.T.);
#3830=EDGE_CURVE('',#3018,#3016,#1554,.T.);
#3831=EDGE_CURVE('',#3014,#3018,#1555,.T.);
#3832=EDGE_CURVE('',#2998,#3015,#1556,.T.);
#3833=EDGE_CURVE('',#3017,#2907,#1557,.T.);
#3834=EDGE_CURVE('',#3019,#3016,#2460,.T.);
#3835=EDGE_CURVE('',#3020,#3019,#1558,.T.);
#3836=EDGE_CURVE('',#3020,#3018,#2461,.T.);
#3837=EDGE_CURVE('',#3021,#3019,#1559,.T.);
#3838=EDGE_CURVE('',#3022,#3021,#1560,.T.);
#3839=EDGE_CURVE('',#3022,#3020,#1561,.T.);
#3840=EDGE_CURVE('',#3023,#3021,#2462,.T.);
#3841=EDGE_CURVE('',#3024,#3023,#1562,.T.);
#3842=EDGE_CURVE('',#3024,#3022,#2463,.T.);
#3843=EDGE_CURVE('',#2990,#3023,#1563,.T.);
#3844=EDGE_CURVE('',#2994,#3024,#1564,.T.);
#3845=EDGE_CURVE('',#2993,#3002,#1565,.T.);
#3846=EDGE_CURVE('',#3003,#2992,#1566,.T.);
#3847=EDGE_CURVE('',#3000,#2984,#1567,.T.);
#3848=EDGE_CURVE('',#3025,#2989,#1568,.T.);
#3849=EDGE_CURVE('',#3025,#2914,#1569,.T.);
#3850=EDGE_CURVE('',#3026,#2906,#1570,.T.);
#3851=EDGE_CURVE('',#3017,#3026,#2464,.T.);
#3852=EDGE_CURVE('',#3027,#2937,#1571,.T.);
#3853=EDGE_CURVE('',#3027,#2675,#1572,.T.);
#3854=EDGE_CURVE('',#2936,#3028,#2465,.T.);
#3855=EDGE_CURVE('',#3028,#2896,#1573,.T.);
#3856=EDGE_CURVE('',#3028,#3029,#1574,.T.);
#3857=EDGE_CURVE('',#3029,#2895,#1575,.T.);
#3858=EDGE_CURVE('',#3029,#2956,#2466,.T.);
#3859=EDGE_CURVE('',#2981,#3030,#1576,.T.);
#3860=EDGE_CURVE('',#3030,#2918,#1577,.T.);
#3861=EDGE_CURVE('',#3030,#3031,#2467,.T.);
#3862=EDGE_CURVE('',#3031,#2917,#1578,.T.);
#3863=EDGE_CURVE('',#3031,#3032,#1579,.T.);
#3864=EDGE_CURVE('',#3032,#2916,#1580,.T.);
#3865=EDGE_CURVE('',#3032,#3033,#2468,.T.);
#3866=EDGE_CURVE('',#3033,#2915,#1581,.T.);
#3867=EDGE_CURVE('',#3033,#3025,#1582,.T.);
#3868=EDGE_CURVE('',#3026,#3034,#1583,.T.);
#3869=EDGE_CURVE('',#3034,#2905,#1584,.T.);
#3870=EDGE_CURVE('',#3034,#3035,#2469,.T.);
#3871=EDGE_CURVE('',#3035,#2904,#1585,.T.);
#3872=EDGE_CURVE('',#3035,#2929,#1586,.T.);
#3873=EDGE_CURVE('',#2923,#2930,#1587,.T.);
#3874=EDGE_CURVE('',#3036,#2800,#1588,.T.);
#3875=EDGE_CURVE('',#2925,#3036,#2470,.T.);
#3876=EDGE_CURVE('',#3036,#3037,#1589,.T.);
#3877=EDGE_CURVE('',#3037,#2799,#1590,.T.);
#3878=EDGE_CURVE('',#3037,#3038,#2471,.T.);
#3879=EDGE_CURVE('',#3038,#2798,#1591,.T.);
#3880=EDGE_CURVE('',#3038,#2849,#1592,.T.);
#3881=EDGE_CURVE('',#2853,#3039,#1593,.T.);
#3882=EDGE_CURVE('',#3040,#2862,#1594,.T.);
#3883=EDGE_CURVE('',#3039,#3040,#2472,.T.);
#3884=EDGE_CURVE('',#3040,#3041,#1595,.T.);
#3885=EDGE_CURVE('',#3041,#2861,#1596,.T.);
#3886=EDGE_CURVE('',#3041,#3042,#2473,.T.);
#3887=EDGE_CURVE('',#3042,#2860,#1597,.T.);
#3888=EDGE_CURVE('',#3042,#2952,#1598,.T.);
#3889=EDGE_CURVE('',#2939,#2944,#1599,.T.);
#3890=EDGE_CURVE('',#2953,#2938,#1600,.T.);
#3891=EDGE_CURVE('',#2934,#3027,#1601,.T.);
#3892=EDGE_CURVE('',#2809,#2784,#1602,.T.);
#3893=EDGE_CURVE('',#2808,#2785,#1603,.T.);
#3894=EDGE_CURVE('',#2807,#2786,#1604,.T.);
#3895=EDGE_CURVE('',#2806,#2787,#1605,.T.);
#3896=EDGE_CURVE('',#2819,#2788,#1606,.T.);
#3897=EDGE_CURVE('',#2843,#2789,#1607,.T.);
#3898=EDGE_CURVE('',#2842,#2790,#1608,.T.);
#3899=EDGE_CURVE('',#3043,#3039,#1609,.T.);
#3900=EDGE_CURVE('',#3043,#2791,#1610,.T.);
#3901=EDGE_CURVE('',#3044,#2793,#1611,.T.);
#3902=EDGE_CURVE('',#3044,#2848,#1612,.T.);
#3903=EDGE_CURVE('',#3045,#3044,#1613,.T.);
#3904=EDGE_CURVE('',#3045,#2792,#1614,.T.);
#3905=EDGE_CURVE('',#2845,#3045,#2474,.T.);
#3906=EDGE_CURVE('',#3043,#2850,#2475,.T.);
#3907=ORIENTED_EDGE('',*,*,#3046,.F.);
#3908=ORIENTED_EDGE('',*,*,#3047,.T.);
#3909=ORIENTED_EDGE('',*,*,#3048,.F.);
#3910=ORIENTED_EDGE('',*,*,#3047,.F.);
#3911=ORIENTED_EDGE('',*,*,#3046,.T.);
#3912=ORIENTED_EDGE('',*,*,#3049,.F.);
#3913=ORIENTED_EDGE('',*,*,#3050,.T.);
#3914=ORIENTED_EDGE('',*,*,#3051,.F.);
#3915=ORIENTED_EDGE('',*,*,#3050,.F.);
#3916=ORIENTED_EDGE('',*,*,#3049,.T.);
#3917=ORIENTED_EDGE('',*,*,#3052,.F.);
#3918=ORIENTED_EDGE('',*,*,#3053,.T.);
#3919=ORIENTED_EDGE('',*,*,#3054,.F.);
#3920=ORIENTED_EDGE('',*,*,#3053,.F.);
#3921=ORIENTED_EDGE('',*,*,#3052,.T.);
#3922=ORIENTED_EDGE('',*,*,#3055,.F.);
#3923=ORIENTED_EDGE('',*,*,#3056,.T.);
#3924=ORIENTED_EDGE('',*,*,#3057,.F.);
#3925=ORIENTED_EDGE('',*,*,#3056,.F.);
#3926=ORIENTED_EDGE('',*,*,#3055,.T.);
#3927=ORIENTED_EDGE('',*,*,#3058,.F.);
#3928=ORIENTED_EDGE('',*,*,#3059,.F.);
#3929=ORIENTED_EDGE('',*,*,#3060,.F.);
#3930=ORIENTED_EDGE('',*,*,#3061,.T.);
#3931=ORIENTED_EDGE('',*,*,#3062,.F.);
#3932=ORIENTED_EDGE('',*,*,#3061,.F.);
#3933=ORIENTED_EDGE('',*,*,#3063,.F.);
#3934=ORIENTED_EDGE('',*,*,#3064,.T.);
#3935=ORIENTED_EDGE('',*,*,#3065,.F.);
#3936=ORIENTED_EDGE('',*,*,#3064,.F.);
#3937=ORIENTED_EDGE('',*,*,#3066,.F.);
#3938=ORIENTED_EDGE('',*,*,#3067,.T.);
#3939=ORIENTED_EDGE('',*,*,#3068,.F.);
#3940=ORIENTED_EDGE('',*,*,#3067,.F.);
#3941=ORIENTED_EDGE('',*,*,#3069,.F.);
#3942=ORIENTED_EDGE('',*,*,#3070,.T.);
#3943=ORIENTED_EDGE('',*,*,#3071,.F.);
#3944=ORIENTED_EDGE('',*,*,#3070,.F.);
#3945=ORIENTED_EDGE('',*,*,#3072,.F.);
#3946=ORIENTED_EDGE('',*,*,#3073,.T.);
#3947=ORIENTED_EDGE('',*,*,#3074,.F.);
#3948=ORIENTED_EDGE('',*,*,#3073,.F.);
#3949=ORIENTED_EDGE('',*,*,#3075,.F.);
#3950=ORIENTED_EDGE('',*,*,#3076,.T.);
#3951=ORIENTED_EDGE('',*,*,#3077,.F.);
#3952=ORIENTED_EDGE('',*,*,#3076,.F.);
#3953=ORIENTED_EDGE('',*,*,#3078,.F.);
#3954=ORIENTED_EDGE('',*,*,#3079,.T.);
#3955=ORIENTED_EDGE('',*,*,#3080,.F.);
#3956=ORIENTED_EDGE('',*,*,#3079,.F.);
#3957=ORIENTED_EDGE('',*,*,#3081,.F.);
#3958=ORIENTED_EDGE('',*,*,#3059,.T.);
#3959=ORIENTED_EDGE('',*,*,#3082,.F.);
#3960=ORIENTED_EDGE('',*,*,#3083,.F.);
#3961=ORIENTED_EDGE('',*,*,#3084,.F.);
#3962=ORIENTED_EDGE('',*,*,#3085,.T.);
#3963=ORIENTED_EDGE('',*,*,#3086,.F.);
#3964=ORIENTED_EDGE('',*,*,#3085,.F.);
#3965=ORIENTED_EDGE('',*,*,#3087,.F.);
#3966=ORIENTED_EDGE('',*,*,#3088,.T.);
#3967=ORIENTED_EDGE('',*,*,#3089,.F.);
#3968=ORIENTED_EDGE('',*,*,#3088,.F.);
#3969=ORIENTED_EDGE('',*,*,#3090,.F.);
#3970=ORIENTED_EDGE('',*,*,#3091,.T.);
#3971=ORIENTED_EDGE('',*,*,#3092,.F.);
#3972=ORIENTED_EDGE('',*,*,#3091,.F.);
#3973=ORIENTED_EDGE('',*,*,#3093,.F.);
#3974=ORIENTED_EDGE('',*,*,#3094,.T.);
#3975=ORIENTED_EDGE('',*,*,#3095,.F.);
#3976=ORIENTED_EDGE('',*,*,#3094,.F.);
#3977=ORIENTED_EDGE('',*,*,#3096,.F.);
#3978=ORIENTED_EDGE('',*,*,#3097,.T.);
#3979=ORIENTED_EDGE('',*,*,#3098,.F.);
#3980=ORIENTED_EDGE('',*,*,#3097,.F.);
#3981=ORIENTED_EDGE('',*,*,#3099,.F.);
#3982=ORIENTED_EDGE('',*,*,#3100,.T.);
#3983=ORIENTED_EDGE('',*,*,#3101,.F.);
#3984=ORIENTED_EDGE('',*,*,#3100,.F.);
#3985=ORIENTED_EDGE('',*,*,#3102,.F.);
#3986=ORIENTED_EDGE('',*,*,#3103,.T.);
#3987=ORIENTED_EDGE('',*,*,#3104,.F.);
#3988=ORIENTED_EDGE('',*,*,#3103,.F.);
#3989=ORIENTED_EDGE('',*,*,#3105,.F.);
#3990=ORIENTED_EDGE('',*,*,#3083,.T.);
#3991=ORIENTED_EDGE('',*,*,#3106,.F.);
#3992=ORIENTED_EDGE('',*,*,#3107,.F.);
#3993=ORIENTED_EDGE('',*,*,#3108,.F.);
#3994=ORIENTED_EDGE('',*,*,#3109,.T.);
#3995=ORIENTED_EDGE('',*,*,#3110,.F.);
#3996=ORIENTED_EDGE('',*,*,#3109,.F.);
#3997=ORIENTED_EDGE('',*,*,#3111,.F.);
#3998=ORIENTED_EDGE('',*,*,#3112,.T.);
#3999=ORIENTED_EDGE('',*,*,#3113,.F.);
#4000=ORIENTED_EDGE('',*,*,#3112,.F.);
#4001=ORIENTED_EDGE('',*,*,#3114,.F.);
#4002=ORIENTED_EDGE('',*,*,#3115,.T.);
#4003=ORIENTED_EDGE('',*,*,#3116,.F.);
#4004=ORIENTED_EDGE('',*,*,#3115,.F.);
#4005=ORIENTED_EDGE('',*,*,#3117,.F.);
#4006=ORIENTED_EDGE('',*,*,#3118,.T.);
#4007=ORIENTED_EDGE('',*,*,#3119,.F.);
#4008=ORIENTED_EDGE('',*,*,#3118,.F.);
#4009=ORIENTED_EDGE('',*,*,#3120,.F.);
#4010=ORIENTED_EDGE('',*,*,#3121,.T.);
#4011=ORIENTED_EDGE('',*,*,#3122,.F.);
#4012=ORIENTED_EDGE('',*,*,#3121,.F.);
#4013=ORIENTED_EDGE('',*,*,#3123,.F.);
#4014=ORIENTED_EDGE('',*,*,#3124,.T.);
#4015=ORIENTED_EDGE('',*,*,#3125,.F.);
#4016=ORIENTED_EDGE('',*,*,#3124,.F.);
#4017=ORIENTED_EDGE('',*,*,#3126,.F.);
#4018=ORIENTED_EDGE('',*,*,#3127,.T.);
#4019=ORIENTED_EDGE('',*,*,#3128,.F.);
#4020=ORIENTED_EDGE('',*,*,#3127,.F.);
#4021=ORIENTED_EDGE('',*,*,#3129,.F.);
#4022=ORIENTED_EDGE('',*,*,#3107,.T.);
#4023=ORIENTED_EDGE('',*,*,#3130,.F.);
#4024=ORIENTED_EDGE('',*,*,#3131,.F.);
#4025=ORIENTED_EDGE('',*,*,#3132,.F.);
#4026=ORIENTED_EDGE('',*,*,#3133,.T.);
#4027=ORIENTED_EDGE('',*,*,#3134,.F.);
#4028=ORIENTED_EDGE('',*,*,#3133,.F.);
#4029=ORIENTED_EDGE('',*,*,#3135,.F.);
#4030=ORIENTED_EDGE('',*,*,#3136,.T.);
#4031=ORIENTED_EDGE('',*,*,#3137,.F.);
#4032=ORIENTED_EDGE('',*,*,#3136,.F.);
#4033=ORIENTED_EDGE('',*,*,#3138,.F.);
#4034=ORIENTED_EDGE('',*,*,#3139,.T.);
#4035=ORIENTED_EDGE('',*,*,#3140,.F.);
#4036=ORIENTED_EDGE('',*,*,#3139,.F.);
#4037=ORIENTED_EDGE('',*,*,#3141,.F.);
#4038=ORIENTED_EDGE('',*,*,#3142,.T.);
#4039=ORIENTED_EDGE('',*,*,#3143,.F.);
#4040=ORIENTED_EDGE('',*,*,#3142,.F.);
#4041=ORIENTED_EDGE('',*,*,#3144,.F.);
#4042=ORIENTED_EDGE('',*,*,#3145,.T.);
#4043=ORIENTED_EDGE('',*,*,#3146,.F.);
#4044=ORIENTED_EDGE('',*,*,#3145,.F.);
#4045=ORIENTED_EDGE('',*,*,#3147,.F.);
#4046=ORIENTED_EDGE('',*,*,#3148,.T.);
#4047=ORIENTED_EDGE('',*,*,#3149,.F.);
#4048=ORIENTED_EDGE('',*,*,#3148,.F.);
#4049=ORIENTED_EDGE('',*,*,#3150,.F.);
#4050=ORIENTED_EDGE('',*,*,#3151,.T.);
#4051=ORIENTED_EDGE('',*,*,#3152,.F.);
#4052=ORIENTED_EDGE('',*,*,#3151,.F.);
#4053=ORIENTED_EDGE('',*,*,#3153,.F.);
#4054=ORIENTED_EDGE('',*,*,#3131,.T.);
#4055=ORIENTED_EDGE('',*,*,#3154,.F.);
#4056=ORIENTED_EDGE('',*,*,#3155,.T.);
#4057=ORIENTED_EDGE('',*,*,#3156,.T.);
#4058=ORIENTED_EDGE('',*,*,#3155,.F.);
#4059=ORIENTED_EDGE('',*,*,#3156,.F.);
#4060=ORIENTED_EDGE('',*,*,#3157,.F.);
#4061=ORIENTED_EDGE('',*,*,#3158,.T.);
#4062=ORIENTED_EDGE('',*,*,#3159,.T.);
#4063=ORIENTED_EDGE('',*,*,#3158,.F.);
#4064=ORIENTED_EDGE('',*,*,#3159,.F.);
#4065=ORIENTED_EDGE('',*,*,#3160,.F.);
#4066=ORIENTED_EDGE('',*,*,#3161,.T.);
#4067=ORIENTED_EDGE('',*,*,#3162,.T.);
#4068=ORIENTED_EDGE('',*,*,#3161,.F.);
#4069=ORIENTED_EDGE('',*,*,#3162,.F.);
#4070=ORIENTED_EDGE('',*,*,#3163,.F.);
#4071=ORIENTED_EDGE('',*,*,#3164,.T.);
#4072=ORIENTED_EDGE('',*,*,#3165,.T.);
#4073=ORIENTED_EDGE('',*,*,#3164,.F.);
#4074=ORIENTED_EDGE('',*,*,#3165,.F.);
#4075=ORIENTED_EDGE('',*,*,#3166,.T.);
#4076=ORIENTED_EDGE('',*,*,#3167,.F.);
#4077=ORIENTED_EDGE('',*,*,#3168,.F.);
#4078=ORIENTED_EDGE('',*,*,#3169,.F.);
#4079=ORIENTED_EDGE('',*,*,#3170,.T.);
#4080=ORIENTED_EDGE('',*,*,#3167,.T.);
#4081=ORIENTED_EDGE('',*,*,#3171,.F.);
#4082=ORIENTED_EDGE('',*,*,#3168,.T.);
#4083=ORIENTED_EDGE('',*,*,#3170,.F.);
#4084=ORIENTED_EDGE('',*,*,#3172,.F.);
#4085=ORIENTED_EDGE('',*,*,#3173,.T.);
#4086=ORIENTED_EDGE('',*,*,#3174,.T.);
#4087=ORIENTED_EDGE('',*,*,#3173,.F.);
#4088=ORIENTED_EDGE('',*,*,#3174,.F.);
#4089=ORIENTED_EDGE('',*,*,#3175,.F.);
#4090=ORIENTED_EDGE('',*,*,#3176,.T.);
#4091=ORIENTED_EDGE('',*,*,#3177,.T.);
#4092=ORIENTED_EDGE('',*,*,#3176,.F.);
#4093=ORIENTED_EDGE('',*,*,#3177,.F.);
#4094=ORIENTED_EDGE('',*,*,#3178,.T.);
#4095=ORIENTED_EDGE('',*,*,#3179,.F.);
#4096=ORIENTED_EDGE('',*,*,#3180,.F.);
#4097=ORIENTED_EDGE('',*,*,#3181,.F.);
#4098=ORIENTED_EDGE('',*,*,#3182,.T.);
#4099=ORIENTED_EDGE('',*,*,#3179,.T.);
#4100=ORIENTED_EDGE('',*,*,#3183,.F.);
#4101=ORIENTED_EDGE('',*,*,#3180,.T.);
#4102=ORIENTED_EDGE('',*,*,#3182,.F.);
#4103=ORIENTED_EDGE('',*,*,#3184,.F.);
#4104=ORIENTED_EDGE('',*,*,#3185,.T.);
#4105=ORIENTED_EDGE('',*,*,#3186,.T.);
#4106=ORIENTED_EDGE('',*,*,#3185,.F.);
#4107=ORIENTED_EDGE('',*,*,#3186,.F.);
#4108=ORIENTED_EDGE('',*,*,#3187,.F.);
#4109=ORIENTED_EDGE('',*,*,#3188,.T.);
#4110=ORIENTED_EDGE('',*,*,#3189,.F.);
#4111=ORIENTED_EDGE('',*,*,#3190,.T.);
#4112=ORIENTED_EDGE('',*,*,#3191,.F.);
#4113=ORIENTED_EDGE('',*,*,#3188,.F.);
#4114=ORIENTED_EDGE('',*,*,#3192,.T.);
#4115=ORIENTED_EDGE('',*,*,#3190,.F.);
#4116=ORIENTED_EDGE('',*,*,#3193,.F.);
#4117=ORIENTED_EDGE('',*,*,#3194,.T.);
#4118=ORIENTED_EDGE('',*,*,#3195,.T.);
#4119=ORIENTED_EDGE('',*,*,#3194,.F.);
#4120=ORIENTED_EDGE('',*,*,#3195,.F.);
#4121=ORIENTED_EDGE('',*,*,#3196,.T.);
#4122=ORIENTED_EDGE('',*,*,#3197,.F.);
#4123=ORIENTED_EDGE('',*,*,#3198,.F.);
#4124=ORIENTED_EDGE('',*,*,#3199,.F.);
#4125=ORIENTED_EDGE('',*,*,#3200,.T.);
#4126=ORIENTED_EDGE('',*,*,#3197,.T.);
#4127=ORIENTED_EDGE('',*,*,#3201,.F.);
#4128=ORIENTED_EDGE('',*,*,#3198,.T.);
#4129=ORIENTED_EDGE('',*,*,#3200,.F.);
#4130=ORIENTED_EDGE('',*,*,#3202,.F.);
#4131=ORIENTED_EDGE('',*,*,#3203,.T.);
#4132=ORIENTED_EDGE('',*,*,#3204,.T.);
#4133=ORIENTED_EDGE('',*,*,#3203,.F.);
#4134=ORIENTED_EDGE('',*,*,#3204,.F.);
#4135=ORIENTED_EDGE('',*,*,#3205,.F.);
#4136=ORIENTED_EDGE('',*,*,#3206,.T.);
#4137=ORIENTED_EDGE('',*,*,#3207,.T.);
#4138=ORIENTED_EDGE('',*,*,#3206,.F.);
#4139=ORIENTED_EDGE('',*,*,#3207,.F.);
#4140=ORIENTED_EDGE('',*,*,#3208,.F.);
#4141=ORIENTED_EDGE('',*,*,#3209,.T.);
#4142=ORIENTED_EDGE('',*,*,#3210,.T.);
#4143=ORIENTED_EDGE('',*,*,#3209,.F.);
#4144=ORIENTED_EDGE('',*,*,#3210,.F.);
#4145=ORIENTED_EDGE('',*,*,#3211,.F.);
#4146=ORIENTED_EDGE('',*,*,#3212,.T.);
#4147=ORIENTED_EDGE('',*,*,#3213,.T.);
#4148=ORIENTED_EDGE('',*,*,#3212,.F.);
#4149=ORIENTED_EDGE('',*,*,#3213,.F.);
#4150=ORIENTED_EDGE('',*,*,#3214,.F.);
#4151=ORIENTED_EDGE('',*,*,#3215,.T.);
#4152=ORIENTED_EDGE('',*,*,#3216,.T.);
#4153=ORIENTED_EDGE('',*,*,#3215,.F.);
#4154=ORIENTED_EDGE('',*,*,#3216,.F.);
#4155=ORIENTED_EDGE('',*,*,#3217,.F.);
#4156=ORIENTED_EDGE('',*,*,#3218,.T.);
#4157=ORIENTED_EDGE('',*,*,#3219,.T.);
#4158=ORIENTED_EDGE('',*,*,#3218,.F.);
#4159=ORIENTED_EDGE('',*,*,#3219,.F.);
#4160=ORIENTED_EDGE('',*,*,#3220,.F.);
#4161=ORIENTED_EDGE('',*,*,#3221,.T.);
#4162=ORIENTED_EDGE('',*,*,#3222,.T.);
#4163=ORIENTED_EDGE('',*,*,#3221,.F.);
#4164=ORIENTED_EDGE('',*,*,#3222,.F.);
#4165=ORIENTED_EDGE('',*,*,#3223,.F.);
#4166=ORIENTED_EDGE('',*,*,#3224,.T.);
#4167=ORIENTED_EDGE('',*,*,#3225,.T.);
#4168=ORIENTED_EDGE('',*,*,#3224,.F.);
#4169=ORIENTED_EDGE('',*,*,#3225,.F.);
#4170=ORIENTED_EDGE('',*,*,#3226,.F.);
#4171=ORIENTED_EDGE('',*,*,#3227,.T.);
#4172=ORIENTED_EDGE('',*,*,#3228,.T.);
#4173=ORIENTED_EDGE('',*,*,#3227,.F.);
#4174=ORIENTED_EDGE('',*,*,#3228,.F.);
#4175=ORIENTED_EDGE('',*,*,#3229,.F.);
#4176=ORIENTED_EDGE('',*,*,#3230,.T.);
#4177=ORIENTED_EDGE('',*,*,#3231,.T.);
#4178=ORIENTED_EDGE('',*,*,#3230,.F.);
#4179=ORIENTED_EDGE('',*,*,#3231,.F.);
#4180=ORIENTED_EDGE('',*,*,#3232,.F.);
#4181=ORIENTED_EDGE('',*,*,#3233,.T.);
#4182=ORIENTED_EDGE('',*,*,#3234,.T.);
#4183=ORIENTED_EDGE('',*,*,#3233,.F.);
#4184=ORIENTED_EDGE('',*,*,#3234,.F.);
#4185=ORIENTED_EDGE('',*,*,#3235,.F.);
#4186=ORIENTED_EDGE('',*,*,#3236,.T.);
#4187=ORIENTED_EDGE('',*,*,#3237,.T.);
#4188=ORIENTED_EDGE('',*,*,#3236,.F.);
#4189=ORIENTED_EDGE('',*,*,#3237,.F.);
#4190=ORIENTED_EDGE('',*,*,#3189,.T.);
#4191=ORIENTED_EDGE('',*,*,#3191,.T.);
#4192=ORIENTED_EDGE('',*,*,#3238,.T.);
#4193=ORIENTED_EDGE('',*,*,#3239,.T.);
#4194=ORIENTED_EDGE('',*,*,#3240,.F.);
#4195=ORIENTED_EDGE('',*,*,#3241,.T.);
#4196=ORIENTED_EDGE('',*,*,#3242,.T.);
#4197=ORIENTED_EDGE('',*,*,#3243,.T.);
#4198=ORIENTED_EDGE('',*,*,#3171,.T.);
#4199=ORIENTED_EDGE('',*,*,#3244,.T.);
#4200=ORIENTED_EDGE('',*,*,#3245,.F.);
#4201=ORIENTED_EDGE('',*,*,#3246,.F.);
#4202=ORIENTED_EDGE('',*,*,#3247,.F.);
#4203=ORIENTED_EDGE('',*,*,#3248,.T.);
#4204=ORIENTED_EDGE('',*,*,#3249,.T.);
#4205=ORIENTED_EDGE('',*,*,#3250,.T.);
#4206=ORIENTED_EDGE('',*,*,#3247,.T.);
#4207=ORIENTED_EDGE('',*,*,#3251,.F.);
#4208=ORIENTED_EDGE('',*,*,#3252,.F.);
#4209=ORIENTED_EDGE('',*,*,#3253,.F.);
#4210=ORIENTED_EDGE('',*,*,#3254,.F.);
#4211=ORIENTED_EDGE('',*,*,#3251,.T.);
#4212=ORIENTED_EDGE('',*,*,#3246,.T.);
#4213=ORIENTED_EDGE('',*,*,#3255,.F.);
#4214=ORIENTED_EDGE('',*,*,#3256,.T.);
#4215=ORIENTED_EDGE('',*,*,#3253,.T.);
#4216=ORIENTED_EDGE('',*,*,#3257,.T.);
#4217=ORIENTED_EDGE('',*,*,#3258,.T.);
#4218=ORIENTED_EDGE('',*,*,#3259,.F.);
#4219=ORIENTED_EDGE('',*,*,#3256,.F.);
#4220=ORIENTED_EDGE('',*,*,#3260,.F.);
#4221=ORIENTED_EDGE('',*,*,#3261,.F.);
#4222=ORIENTED_EDGE('',*,*,#3262,.F.);
#4223=ORIENTED_EDGE('',*,*,#3263,.T.);
#4224=ORIENTED_EDGE('',*,*,#3264,.T.);
#4225=ORIENTED_EDGE('',*,*,#3265,.T.);
#4226=ORIENTED_EDGE('',*,*,#3266,.T.);
#4227=ORIENTED_EDGE('',*,*,#3267,.T.);
#4228=ORIENTED_EDGE('',*,*,#3268,.T.);
#4229=ORIENTED_EDGE('',*,*,#3269,.T.);
#4230=ORIENTED_EDGE('',*,*,#3270,.T.);
#4231=ORIENTED_EDGE('',*,*,#3271,.T.);
#4232=ORIENTED_EDGE('',*,*,#3272,.T.);
#4233=ORIENTED_EDGE('',*,*,#3273,.T.);
#4234=ORIENTED_EDGE('',*,*,#3274,.F.);
#4235=ORIENTED_EDGE('',*,*,#3257,.F.);
#4236=ORIENTED_EDGE('',*,*,#3169,.T.);
#4237=ORIENTED_EDGE('',*,*,#3172,.T.);
#4238=ORIENTED_EDGE('',*,*,#3220,.T.);
#4239=ORIENTED_EDGE('',*,*,#3223,.T.);
#4240=ORIENTED_EDGE('',*,*,#3258,.F.);
#4241=ORIENTED_EDGE('',*,*,#3274,.T.);
#4242=ORIENTED_EDGE('',*,*,#3275,.T.);
#4243=ORIENTED_EDGE('',*,*,#3276,.F.);
#4244=ORIENTED_EDGE('',*,*,#3277,.F.);
#4245=ORIENTED_EDGE('',*,*,#3278,.F.);
#4246=ORIENTED_EDGE('',*,*,#3279,.T.);
#4247=ORIENTED_EDGE('',*,*,#3261,.T.);
#4248=ORIENTED_EDGE('',*,*,#3280,.T.);
#4249=ORIENTED_EDGE('',*,*,#3262,.T.);
#4250=ORIENTED_EDGE('',*,*,#3279,.F.);
#4251=ORIENTED_EDGE('',*,*,#3281,.F.);
#4252=ORIENTED_EDGE('',*,*,#3254,.T.);
#4253=ORIENTED_EDGE('',*,*,#3259,.T.);
#4254=ORIENTED_EDGE('',*,*,#3276,.T.);
#4255=ORIENTED_EDGE('',*,*,#3282,.T.);
#4256=ORIENTED_EDGE('',*,*,#3283,.T.);
#4257=ORIENTED_EDGE('',*,*,#3284,.T.);
#4258=ORIENTED_EDGE('',*,*,#3281,.T.);
#4259=ORIENTED_EDGE('',*,*,#3278,.T.);
#4260=ORIENTED_EDGE('',*,*,#3285,.T.);
#4261=ORIENTED_EDGE('',*,*,#3286,.T.);
#4262=ORIENTED_EDGE('',*,*,#3287,.T.);
#4263=ORIENTED_EDGE('',*,*,#3252,.T.);
#4264=ORIENTED_EDGE('',*,*,#3245,.T.);
#4265=ORIENTED_EDGE('',*,*,#3288,.F.);
#4266=ORIENTED_EDGE('',*,*,#3285,.F.);
#4267=ORIENTED_EDGE('',*,*,#3277,.T.);
#4268=ORIENTED_EDGE('',*,*,#3260,.T.);
#4269=ORIENTED_EDGE('',*,*,#3255,.T.);
#4270=ORIENTED_EDGE('',*,*,#3288,.T.);
#4271=ORIENTED_EDGE('',*,*,#3244,.F.);
#4272=ORIENTED_EDGE('',*,*,#3166,.F.);
#4273=ORIENTED_EDGE('',*,*,#3249,.F.);
#4274=ORIENTED_EDGE('',*,*,#3289,.F.);
#4275=ORIENTED_EDGE('',*,*,#3286,.F.);
#4276=ORIENTED_EDGE('',*,*,#3290,.T.);
#4277=ORIENTED_EDGE('',*,*,#3291,.F.);
#4278=ORIENTED_EDGE('',*,*,#3292,.F.);
#4279=ORIENTED_EDGE('',*,*,#3183,.T.);
#4280=ORIENTED_EDGE('',*,*,#3293,.T.);
#4281=ORIENTED_EDGE('',*,*,#3294,.F.);
#4282=ORIENTED_EDGE('',*,*,#3295,.F.);
#4283=ORIENTED_EDGE('',*,*,#3296,.T.);
#4284=ORIENTED_EDGE('',*,*,#3297,.T.);
#4285=ORIENTED_EDGE('',*,*,#3295,.T.);
#4286=ORIENTED_EDGE('',*,*,#3298,.F.);
#4287=ORIENTED_EDGE('',*,*,#3299,.F.);
#4288=ORIENTED_EDGE('',*,*,#3300,.F.);
#4289=ORIENTED_EDGE('',*,*,#3301,.F.);
#4290=ORIENTED_EDGE('',*,*,#3298,.T.);
#4291=ORIENTED_EDGE('',*,*,#3294,.T.);
#4292=ORIENTED_EDGE('',*,*,#3302,.F.);
#4293=ORIENTED_EDGE('',*,*,#3292,.T.);
#4294=ORIENTED_EDGE('',*,*,#3303,.F.);
#4295=ORIENTED_EDGE('',*,*,#3304,.T.);
#4296=ORIENTED_EDGE('',*,*,#3300,.T.);
#4297=ORIENTED_EDGE('',*,*,#3305,.T.);
#4298=ORIENTED_EDGE('',*,*,#3306,.F.);
#4299=ORIENTED_EDGE('',*,*,#3307,.F.);
#4300=ORIENTED_EDGE('',*,*,#3304,.F.);
#4301=ORIENTED_EDGE('',*,*,#3308,.F.);
#4302=ORIENTED_EDGE('',*,*,#3309,.F.);
#4303=ORIENTED_EDGE('',*,*,#3310,.F.);
#4304=ORIENTED_EDGE('',*,*,#3311,.T.);
#4305=ORIENTED_EDGE('',*,*,#3312,.T.);
#4306=ORIENTED_EDGE('',*,*,#3313,.T.);
#4307=ORIENTED_EDGE('',*,*,#3314,.T.);
#4308=ORIENTED_EDGE('',*,*,#3315,.T.);
#4309=ORIENTED_EDGE('',*,*,#3316,.T.);
#4310=ORIENTED_EDGE('',*,*,#3317,.T.);
#4311=ORIENTED_EDGE('',*,*,#3318,.T.);
#4312=ORIENTED_EDGE('',*,*,#3319,.T.);
#4313=ORIENTED_EDGE('',*,*,#3320,.T.);
#4314=ORIENTED_EDGE('',*,*,#3321,.T.);
#4315=ORIENTED_EDGE('',*,*,#3322,.F.);
#4316=ORIENTED_EDGE('',*,*,#3305,.F.);
#4317=ORIENTED_EDGE('',*,*,#3175,.T.);
#4318=ORIENTED_EDGE('',*,*,#3181,.T.);
#4319=ORIENTED_EDGE('',*,*,#3211,.T.);
#4320=ORIENTED_EDGE('',*,*,#3214,.T.);
#4321=ORIENTED_EDGE('',*,*,#3301,.T.);
#4322=ORIENTED_EDGE('',*,*,#3307,.T.);
#4323=ORIENTED_EDGE('',*,*,#3323,.T.);
#4324=ORIENTED_EDGE('',*,*,#3324,.T.);
#4325=ORIENTED_EDGE('',*,*,#3325,.T.);
#4326=ORIENTED_EDGE('',*,*,#3326,.T.);
#4327=ORIENTED_EDGE('',*,*,#3327,.T.);
#4328=ORIENTED_EDGE('',*,*,#3328,.T.);
#4329=ORIENTED_EDGE('',*,*,#3329,.T.);
#4330=ORIENTED_EDGE('',*,*,#3330,.T.);
#4331=ORIENTED_EDGE('',*,*,#3331,.T.);
#4332=ORIENTED_EDGE('',*,*,#3332,.T.);
#4333=ORIENTED_EDGE('',*,*,#3333,.T.);
#4334=ORIENTED_EDGE('',*,*,#3334,.T.);
#4335=ORIENTED_EDGE('',*,*,#3335,.T.);
#4336=ORIENTED_EDGE('',*,*,#3336,.T.);
#4337=ORIENTED_EDGE('',*,*,#3337,.T.);
#4338=ORIENTED_EDGE('',*,*,#3338,.T.);
#4339=ORIENTED_EDGE('',*,*,#3299,.T.);
#4340=ORIENTED_EDGE('',*,*,#3291,.T.);
#4341=ORIENTED_EDGE('',*,*,#3339,.F.);
#4342=ORIENTED_EDGE('',*,*,#3336,.F.);
#4343=ORIENTED_EDGE('',*,*,#3340,.F.);
#4344=ORIENTED_EDGE('',*,*,#3308,.T.);
#4345=ORIENTED_EDGE('',*,*,#3303,.T.);
#4346=ORIENTED_EDGE('',*,*,#3302,.T.);
#4347=ORIENTED_EDGE('',*,*,#3341,.T.);
#4348=ORIENTED_EDGE('',*,*,#3342,.T.);
#4349=ORIENTED_EDGE('',*,*,#3306,.T.);
#4350=ORIENTED_EDGE('',*,*,#3322,.T.);
#4351=ORIENTED_EDGE('',*,*,#3343,.T.);
#4352=ORIENTED_EDGE('',*,*,#3323,.F.);
#4353=ORIENTED_EDGE('',*,*,#3340,.T.);
#4354=ORIENTED_EDGE('',*,*,#3335,.F.);
#4355=ORIENTED_EDGE('',*,*,#3344,.T.);
#4356=ORIENTED_EDGE('',*,*,#3309,.T.);
#4357=ORIENTED_EDGE('',*,*,#3345,.T.);
#4358=ORIENTED_EDGE('',*,*,#3310,.T.);
#4359=ORIENTED_EDGE('',*,*,#3344,.F.);
#4360=ORIENTED_EDGE('',*,*,#3334,.F.);
#4361=ORIENTED_EDGE('',*,*,#3346,.F.);
#4362=ORIENTED_EDGE('',*,*,#3347,.T.);
#4363=ORIENTED_EDGE('',*,*,#3348,.T.);
#4364=ORIENTED_EDGE('',*,*,#3349,.F.);
#4365=ORIENTED_EDGE('',*,*,#3350,.F.);
#4366=ORIENTED_EDGE('',*,*,#3351,.F.);
#4367=ORIENTED_EDGE('',*,*,#3352,.T.);
#4368=ORIENTED_EDGE('',*,*,#3353,.T.);
#4369=ORIENTED_EDGE('',*,*,#3354,.T.);
#4370=ORIENTED_EDGE('',*,*,#3355,.T.);
#4371=ORIENTED_EDGE('',*,*,#3352,.F.);
#4372=ORIENTED_EDGE('',*,*,#3356,.F.);
#4373=ORIENTED_EDGE('',*,*,#3357,.T.);
#4374=ORIENTED_EDGE('',*,*,#3358,.T.);
#4375=ORIENTED_EDGE('',*,*,#3359,.T.);
#4376=ORIENTED_EDGE('',*,*,#3356,.T.);
#4377=ORIENTED_EDGE('',*,*,#3351,.T.);
#4378=ORIENTED_EDGE('',*,*,#3360,.T.);
#4379=ORIENTED_EDGE('',*,*,#3361,.T.);
#4380=ORIENTED_EDGE('',*,*,#3362,.T.);
#4381=ORIENTED_EDGE('',*,*,#3363,.T.);
#4382=ORIENTED_EDGE('',*,*,#3364,.T.);
#4383=ORIENTED_EDGE('',*,*,#3365,.T.);
#4384=ORIENTED_EDGE('',*,*,#3349,.T.);
#4385=ORIENTED_EDGE('',*,*,#3350,.T.);
#4386=ORIENTED_EDGE('',*,*,#3366,.T.);
#4387=ORIENTED_EDGE('',*,*,#3367,.F.);
#4388=ORIENTED_EDGE('',*,*,#3360,.F.);
#4389=ORIENTED_EDGE('',*,*,#3346,.T.);
#4390=ORIENTED_EDGE('',*,*,#3365,.F.);
#4391=ORIENTED_EDGE('',*,*,#3368,.F.);
#4392=ORIENTED_EDGE('',*,*,#3241,.F.);
#4393=ORIENTED_EDGE('',*,*,#3369,.F.);
#4394=ORIENTED_EDGE('',*,*,#3370,.T.);
#4395=ORIENTED_EDGE('',*,*,#3371,.T.);
#4396=ORIENTED_EDGE('',*,*,#3372,.T.);
#4397=ORIENTED_EDGE('',*,*,#3373,.T.);
#4398=ORIENTED_EDGE('',*,*,#3374,.T.);
#4399=ORIENTED_EDGE('',*,*,#3375,.T.);
#4400=ORIENTED_EDGE('',*,*,#3376,.T.);
#4401=ORIENTED_EDGE('',*,*,#3377,.T.);
#4402=ORIENTED_EDGE('',*,*,#3378,.T.);
#4403=ORIENTED_EDGE('',*,*,#3379,.T.);
#4404=ORIENTED_EDGE('',*,*,#3380,.T.);
#4405=ORIENTED_EDGE('',*,*,#3381,.T.);
#4406=ORIENTED_EDGE('',*,*,#3347,.F.);
#4407=ORIENTED_EDGE('',*,*,#3370,.F.);
#4408=ORIENTED_EDGE('',*,*,#3382,.F.);
#4409=ORIENTED_EDGE('',*,*,#3366,.F.);
#4410=ORIENTED_EDGE('',*,*,#3353,.F.);
#4411=ORIENTED_EDGE('',*,*,#3355,.F.);
#4412=ORIENTED_EDGE('',*,*,#3184,.T.);
#4413=ORIENTED_EDGE('',*,*,#3187,.T.);
#4414=ORIENTED_EDGE('',*,*,#3205,.T.);
#4415=ORIENTED_EDGE('',*,*,#3208,.T.);
#4416=ORIENTED_EDGE('',*,*,#3367,.T.);
#4417=ORIENTED_EDGE('',*,*,#3382,.T.);
#4418=ORIENTED_EDGE('',*,*,#3369,.T.);
#4419=ORIENTED_EDGE('',*,*,#3240,.T.);
#4420=ORIENTED_EDGE('',*,*,#3383,.T.);
#4421=ORIENTED_EDGE('',*,*,#3361,.F.);
#4422=ORIENTED_EDGE('',*,*,#3384,.T.);
#4423=ORIENTED_EDGE('',*,*,#3362,.F.);
#4424=ORIENTED_EDGE('',*,*,#3383,.F.);
#4425=ORIENTED_EDGE('',*,*,#3239,.F.);
#4426=ORIENTED_EDGE('',*,*,#3385,.F.);
#4427=ORIENTED_EDGE('',*,*,#3386,.T.);
#4428=ORIENTED_EDGE('',*,*,#3387,.T.);
#4429=ORIENTED_EDGE('',*,*,#3388,.F.);
#4430=ORIENTED_EDGE('',*,*,#3389,.F.);
#4431=ORIENTED_EDGE('',*,*,#3390,.F.);
#4432=ORIENTED_EDGE('',*,*,#3391,.T.);
#4433=ORIENTED_EDGE('',*,*,#3392,.T.);
#4434=ORIENTED_EDGE('',*,*,#3393,.T.);
#4435=ORIENTED_EDGE('',*,*,#3394,.T.);
#4436=ORIENTED_EDGE('',*,*,#3391,.F.);
#4437=ORIENTED_EDGE('',*,*,#3395,.F.);
#4438=ORIENTED_EDGE('',*,*,#3396,.T.);
#4439=ORIENTED_EDGE('',*,*,#3397,.T.);
#4440=ORIENTED_EDGE('',*,*,#3398,.T.);
#4441=ORIENTED_EDGE('',*,*,#3395,.T.);
#4442=ORIENTED_EDGE('',*,*,#3390,.T.);
#4443=ORIENTED_EDGE('',*,*,#3399,.T.);
#4444=ORIENTED_EDGE('',*,*,#3400,.T.);
#4445=ORIENTED_EDGE('',*,*,#3401,.T.);
#4446=ORIENTED_EDGE('',*,*,#3388,.T.);
#4447=ORIENTED_EDGE('',*,*,#3389,.T.);
#4448=ORIENTED_EDGE('',*,*,#3402,.T.);
#4449=ORIENTED_EDGE('',*,*,#3403,.F.);
#4450=ORIENTED_EDGE('',*,*,#3399,.F.);
#4451=ORIENTED_EDGE('',*,*,#3385,.T.);
#4452=ORIENTED_EDGE('',*,*,#3401,.F.);
#4453=ORIENTED_EDGE('',*,*,#3404,.F.);
#4454=ORIENTED_EDGE('',*,*,#3405,.T.);
#4455=ORIENTED_EDGE('',*,*,#3403,.T.);
#4456=ORIENTED_EDGE('',*,*,#3406,.T.);
#4457=ORIENTED_EDGE('',*,*,#3404,.T.);
#4458=ORIENTED_EDGE('',*,*,#3400,.F.);
#4459=ORIENTED_EDGE('',*,*,#3407,.T.);
#4460=ORIENTED_EDGE('',*,*,#3408,.T.);
#4461=ORIENTED_EDGE('',*,*,#3409,.T.);
#4462=ORIENTED_EDGE('',*,*,#3410,.F.);
#4463=ORIENTED_EDGE('',*,*,#3411,.F.);
#4464=ORIENTED_EDGE('',*,*,#3412,.T.);
#4465=ORIENTED_EDGE('',*,*,#3413,.F.);
#4466=ORIENTED_EDGE('',*,*,#3414,.F.);
#4467=ORIENTED_EDGE('',*,*,#3409,.F.);
#4468=ORIENTED_EDGE('',*,*,#3415,.T.);
#4469=ORIENTED_EDGE('',*,*,#3411,.T.);
#4470=ORIENTED_EDGE('',*,*,#3416,.F.);
#4471=ORIENTED_EDGE('',*,*,#3417,.F.);
#4472=ORIENTED_EDGE('',*,*,#3418,.F.);
#4473=ORIENTED_EDGE('',*,*,#3419,.F.);
#4474=ORIENTED_EDGE('',*,*,#3416,.T.);
#4475=ORIENTED_EDGE('',*,*,#3410,.T.);
#4476=ORIENTED_EDGE('',*,*,#3414,.T.);
#4477=ORIENTED_EDGE('',*,*,#3420,.F.);
#4478=ORIENTED_EDGE('',*,*,#3421,.F.);
#4479=ORIENTED_EDGE('',*,*,#3422,.T.);
#4480=ORIENTED_EDGE('',*,*,#3418,.T.);
#4481=ORIENTED_EDGE('',*,*,#3423,.T.);
#4482=ORIENTED_EDGE('',*,*,#3424,.F.);
#4483=ORIENTED_EDGE('',*,*,#3425,.F.);
#4484=ORIENTED_EDGE('',*,*,#3422,.F.);
#4485=ORIENTED_EDGE('',*,*,#3426,.F.);
#4486=ORIENTED_EDGE('',*,*,#3427,.F.);
#4487=ORIENTED_EDGE('',*,*,#3428,.F.);
#4488=ORIENTED_EDGE('',*,*,#3429,.T.);
#4489=ORIENTED_EDGE('',*,*,#3430,.T.);
#4490=ORIENTED_EDGE('',*,*,#3431,.T.);
#4491=ORIENTED_EDGE('',*,*,#3432,.T.);
#4492=ORIENTED_EDGE('',*,*,#3433,.T.);
#4493=ORIENTED_EDGE('',*,*,#3434,.T.);
#4494=ORIENTED_EDGE('',*,*,#3435,.T.);
#4495=ORIENTED_EDGE('',*,*,#3436,.T.);
#4496=ORIENTED_EDGE('',*,*,#3437,.T.);
#4497=ORIENTED_EDGE('',*,*,#3438,.T.);
#4498=ORIENTED_EDGE('',*,*,#3439,.T.);
#4499=ORIENTED_EDGE('',*,*,#3440,.F.);
#4500=ORIENTED_EDGE('',*,*,#3423,.F.);
#4501=ORIENTED_EDGE('',*,*,#3154,.T.);
#4502=ORIENTED_EDGE('',*,*,#3157,.T.);
#4503=ORIENTED_EDGE('',*,*,#3232,.T.);
#4504=ORIENTED_EDGE('',*,*,#3235,.T.);
#4505=ORIENTED_EDGE('',*,*,#3419,.T.);
#4506=ORIENTED_EDGE('',*,*,#3425,.T.);
#4507=ORIENTED_EDGE('',*,*,#3441,.T.);
#4508=ORIENTED_EDGE('',*,*,#3442,.T.);
#4509=ORIENTED_EDGE('',*,*,#3443,.T.);
#4510=ORIENTED_EDGE('',*,*,#3444,.T.);
#4511=ORIENTED_EDGE('',*,*,#3445,.T.);
#4512=ORIENTED_EDGE('',*,*,#3446,.T.);
#4513=ORIENTED_EDGE('',*,*,#3447,.T.);
#4514=ORIENTED_EDGE('',*,*,#3448,.T.);
#4515=ORIENTED_EDGE('',*,*,#3449,.T.);
#4516=ORIENTED_EDGE('',*,*,#3450,.T.);
#4517=ORIENTED_EDGE('',*,*,#3451,.T.);
#4518=ORIENTED_EDGE('',*,*,#3420,.T.);
#4519=ORIENTED_EDGE('',*,*,#3413,.T.);
#4520=ORIENTED_EDGE('',*,*,#3452,.T.);
#4521=ORIENTED_EDGE('',*,*,#3453,.T.);
#4522=ORIENTED_EDGE('',*,*,#3417,.T.);
#4523=ORIENTED_EDGE('',*,*,#3421,.T.);
#4524=ORIENTED_EDGE('',*,*,#3451,.F.);
#4525=ORIENTED_EDGE('',*,*,#3454,.F.);
#4526=ORIENTED_EDGE('',*,*,#3426,.T.);
#4527=ORIENTED_EDGE('',*,*,#3454,.T.);
#4528=ORIENTED_EDGE('',*,*,#3450,.F.);
#4529=ORIENTED_EDGE('',*,*,#3455,.T.);
#4530=ORIENTED_EDGE('',*,*,#3427,.T.);
#4531=ORIENTED_EDGE('',*,*,#3456,.T.);
#4532=ORIENTED_EDGE('',*,*,#3428,.T.);
#4533=ORIENTED_EDGE('',*,*,#3455,.F.);
#4534=ORIENTED_EDGE('',*,*,#3449,.F.);
#4535=ORIENTED_EDGE('',*,*,#3424,.T.);
#4536=ORIENTED_EDGE('',*,*,#3440,.T.);
#4537=ORIENTED_EDGE('',*,*,#3457,.T.);
#4538=ORIENTED_EDGE('',*,*,#3441,.F.);
#4539=ORIENTED_EDGE('',*,*,#3458,.F.);
#4540=ORIENTED_EDGE('',*,*,#3459,.T.);
#4541=ORIENTED_EDGE('',*,*,#3460,.T.);
#4542=ORIENTED_EDGE('',*,*,#3461,.F.);
#4543=ORIENTED_EDGE('',*,*,#3462,.F.);
#4544=ORIENTED_EDGE('',*,*,#3463,.F.);
#4545=ORIENTED_EDGE('',*,*,#3464,.T.);
#4546=ORIENTED_EDGE('',*,*,#3465,.T.);
#4547=ORIENTED_EDGE('',*,*,#3462,.T.);
#4548=ORIENTED_EDGE('',*,*,#3466,.T.);
#4549=ORIENTED_EDGE('',*,*,#3467,.T.);
#4550=ORIENTED_EDGE('',*,*,#3468,.T.);
#4551=ORIENTED_EDGE('',*,*,#3469,.F.);
#4552=ORIENTED_EDGE('',*,*,#3470,.F.);
#4553=ORIENTED_EDGE('',*,*,#3465,.F.);
#4554=ORIENTED_EDGE('',*,*,#3471,.F.);
#4555=ORIENTED_EDGE('',*,*,#3472,.T.);
#4556=ORIENTED_EDGE('',*,*,#3473,.T.);
#4557=ORIENTED_EDGE('',*,*,#3474,.T.);
#4558=ORIENTED_EDGE('',*,*,#3475,.T.);
#4559=ORIENTED_EDGE('',*,*,#3476,.T.);
#4560=ORIENTED_EDGE('',*,*,#3477,.T.);
#4561=ORIENTED_EDGE('',*,*,#3478,.T.);
#4562=ORIENTED_EDGE('',*,*,#3479,.T.);
#4563=ORIENTED_EDGE('',*,*,#3480,.T.);
#4564=ORIENTED_EDGE('',*,*,#3481,.T.);
#4565=ORIENTED_EDGE('',*,*,#3482,.T.);
#4566=ORIENTED_EDGE('',*,*,#3459,.F.);
#4567=ORIENTED_EDGE('',*,*,#3483,.F.);
#4568=ORIENTED_EDGE('',*,*,#3484,.F.);
#4569=ORIENTED_EDGE('',*,*,#3466,.F.);
#4570=ORIENTED_EDGE('',*,*,#3193,.T.);
#4571=ORIENTED_EDGE('',*,*,#3199,.T.);
#4572=ORIENTED_EDGE('',*,*,#3202,.T.);
#4573=ORIENTED_EDGE('',*,*,#3217,.T.);
#4574=ORIENTED_EDGE('',*,*,#3485,.T.);
#4575=ORIENTED_EDGE('',*,*,#3471,.T.);
#4576=ORIENTED_EDGE('',*,*,#3464,.F.);
#4577=ORIENTED_EDGE('',*,*,#3486,.F.);
#4578=ORIENTED_EDGE('',*,*,#3487,.T.);
#4579=ORIENTED_EDGE('',*,*,#3488,.T.);
#4580=ORIENTED_EDGE('',*,*,#3489,.T.);
#4581=ORIENTED_EDGE('',*,*,#3490,.T.);
#4582=ORIENTED_EDGE('',*,*,#3491,.T.);
#4583=ORIENTED_EDGE('',*,*,#3492,.T.);
#4584=ORIENTED_EDGE('',*,*,#3493,.T.);
#4585=ORIENTED_EDGE('',*,*,#3494,.T.);
#4586=ORIENTED_EDGE('',*,*,#3495,.T.);
#4587=ORIENTED_EDGE('',*,*,#3496,.T.);
#4588=ORIENTED_EDGE('',*,*,#3497,.F.);
#4589=ORIENTED_EDGE('',*,*,#3498,.F.);
#4590=ORIENTED_EDGE('',*,*,#3499,.F.);
#4591=ORIENTED_EDGE('',*,*,#3500,.F.);
#4592=ORIENTED_EDGE('',*,*,#3501,.F.);
#4593=ORIENTED_EDGE('',*,*,#3486,.T.);
#4594=ORIENTED_EDGE('',*,*,#3463,.T.);
#4595=ORIENTED_EDGE('',*,*,#3470,.T.);
#4596=ORIENTED_EDGE('',*,*,#3502,.T.);
#4597=ORIENTED_EDGE('',*,*,#3503,.T.);
#4598=ORIENTED_EDGE('',*,*,#3504,.F.);
#4599=ORIENTED_EDGE('',*,*,#3461,.T.);
#4600=ORIENTED_EDGE('',*,*,#3505,.T.);
#4601=ORIENTED_EDGE('',*,*,#3506,.F.);
#4602=ORIENTED_EDGE('',*,*,#3507,.F.);
#4603=ORIENTED_EDGE('',*,*,#3201,.T.);
#4604=ORIENTED_EDGE('',*,*,#3508,.T.);
#4605=ORIENTED_EDGE('',*,*,#3468,.F.);
#4606=ORIENTED_EDGE('',*,*,#3509,.F.);
#4607=ORIENTED_EDGE('',*,*,#3510,.T.);
#4608=ORIENTED_EDGE('',*,*,#3467,.F.);
#4609=ORIENTED_EDGE('',*,*,#3484,.T.);
#4610=ORIENTED_EDGE('',*,*,#3511,.F.);
#4611=ORIENTED_EDGE('',*,*,#3506,.T.);
#4612=ORIENTED_EDGE('',*,*,#3512,.F.);
#4613=ORIENTED_EDGE('',*,*,#3509,.T.);
#4614=ORIENTED_EDGE('',*,*,#3512,.T.);
#4615=ORIENTED_EDGE('',*,*,#3513,.T.);
#4616=ORIENTED_EDGE('',*,*,#3514,.T.);
#4617=ORIENTED_EDGE('',*,*,#3458,.T.);
#4618=ORIENTED_EDGE('',*,*,#3504,.T.);
#4619=ORIENTED_EDGE('',*,*,#3515,.T.);
#4620=ORIENTED_EDGE('',*,*,#3507,.T.);
#4621=ORIENTED_EDGE('',*,*,#3511,.T.);
#4622=ORIENTED_EDGE('',*,*,#3483,.T.);
#4623=ORIENTED_EDGE('',*,*,#3516,.F.);
#4624=ORIENTED_EDGE('',*,*,#3496,.F.);
#4625=ORIENTED_EDGE('',*,*,#3517,.F.);
#4626=ORIENTED_EDGE('',*,*,#3518,.F.);
#4627=ORIENTED_EDGE('',*,*,#3469,.T.);
#4628=ORIENTED_EDGE('',*,*,#3508,.F.);
#4629=ORIENTED_EDGE('',*,*,#3196,.F.);
#4630=ORIENTED_EDGE('',*,*,#3510,.F.);
#4631=ORIENTED_EDGE('',*,*,#3514,.F.);
#4632=ORIENTED_EDGE('',*,*,#3519,.F.);
#4633=ORIENTED_EDGE('',*,*,#3502,.F.);
#4634=ORIENTED_EDGE('',*,*,#3520,.F.);
#4635=ORIENTED_EDGE('',*,*,#3518,.T.);
#4636=ORIENTED_EDGE('',*,*,#3521,.F.);
#4637=ORIENTED_EDGE('',*,*,#3522,.T.);
#4638=ORIENTED_EDGE('',*,*,#3523,.T.);
#4639=ORIENTED_EDGE('',*,*,#3524,.F.);
#4640=ORIENTED_EDGE('',*,*,#3525,.F.);
#4641=ORIENTED_EDGE('',*,*,#3526,.T.);
#4642=ORIENTED_EDGE('',*,*,#3527,.F.);
#4643=ORIENTED_EDGE('',*,*,#3528,.F.);
#4644=ORIENTED_EDGE('',*,*,#3529,.T.);
#4645=ORIENTED_EDGE('',*,*,#3530,.T.);
#4646=ORIENTED_EDGE('',*,*,#3531,.T.);
#4647=ORIENTED_EDGE('',*,*,#3532,.T.);
#4648=ORIENTED_EDGE('',*,*,#3533,.T.);
#4649=ORIENTED_EDGE('',*,*,#3534,.T.);
#4650=ORIENTED_EDGE('',*,*,#3535,.F.);
#4651=ORIENTED_EDGE('',*,*,#3536,.F.);
#4652=ORIENTED_EDGE('',*,*,#3537,.F.);
#4653=ORIENTED_EDGE('',*,*,#3538,.T.);
#4654=ORIENTED_EDGE('',*,*,#3539,.F.);
#4655=ORIENTED_EDGE('',*,*,#3540,.F.);
#4656=ORIENTED_EDGE('',*,*,#3541,.F.);
#4657=ORIENTED_EDGE('',*,*,#3542,.T.);
#4658=ORIENTED_EDGE('',*,*,#3543,.F.);
#4659=ORIENTED_EDGE('',*,*,#3544,.F.);
#4660=ORIENTED_EDGE('',*,*,#3545,.F.);
#4661=ORIENTED_EDGE('',*,*,#3546,.F.);
#4662=ORIENTED_EDGE('',*,*,#3547,.F.);
#4663=ORIENTED_EDGE('',*,*,#3548,.F.);
#4664=ORIENTED_EDGE('',*,*,#3549,.F.);
#4665=ORIENTED_EDGE('',*,*,#3550,.F.);
#4666=ORIENTED_EDGE('',*,*,#3551,.F.);
#4667=ORIENTED_EDGE('',*,*,#3552,.T.);
#4668=ORIENTED_EDGE('',*,*,#3488,.F.);
#4669=ORIENTED_EDGE('',*,*,#3553,.F.);
#4670=ORIENTED_EDGE('',*,*,#3554,.F.);
#4671=ORIENTED_EDGE('',*,*,#3548,.T.);
#4672=ORIENTED_EDGE('',*,*,#3555,.F.);
#4673=ORIENTED_EDGE('',*,*,#3556,.F.);
#4674=ORIENTED_EDGE('',*,*,#3555,.T.);
#4675=ORIENTED_EDGE('',*,*,#3547,.T.);
#4676=ORIENTED_EDGE('',*,*,#3557,.F.);
#4677=ORIENTED_EDGE('',*,*,#3558,.T.);
#4678=ORIENTED_EDGE('',*,*,#3559,.T.);
#4679=ORIENTED_EDGE('',*,*,#3560,.T.);
#4680=ORIENTED_EDGE('',*,*,#3561,.T.);
#4681=ORIENTED_EDGE('',*,*,#3562,.T.);
#4682=ORIENTED_EDGE('',*,*,#3563,.T.);
#4683=ORIENTED_EDGE('',*,*,#3564,.T.);
#4684=ORIENTED_EDGE('',*,*,#3565,.T.);
#4685=ORIENTED_EDGE('',*,*,#3566,.T.);
#4686=ORIENTED_EDGE('',*,*,#3567,.T.);
#4687=ORIENTED_EDGE('',*,*,#3568,.F.);
#4688=ORIENTED_EDGE('',*,*,#3523,.F.);
#4689=ORIENTED_EDGE('',*,*,#3569,.F.);
#4690=ORIENTED_EDGE('',*,*,#3570,.F.);
#4691=ORIENTED_EDGE('',*,*,#3571,.F.);
#4692=ORIENTED_EDGE('',*,*,#3569,.T.);
#4693=ORIENTED_EDGE('',*,*,#3522,.F.);
#4694=ORIENTED_EDGE('',*,*,#3572,.F.);
#4695=ORIENTED_EDGE('',*,*,#3573,.F.);
#4696=ORIENTED_EDGE('',*,*,#3574,.F.);
#4697=ORIENTED_EDGE('',*,*,#3575,.T.);
#4698=ORIENTED_EDGE('',*,*,#3529,.F.);
#4699=ORIENTED_EDGE('',*,*,#3576,.F.);
#4700=ORIENTED_EDGE('',*,*,#3577,.T.);
#4701=ORIENTED_EDGE('',*,*,#3530,.F.);
#4702=ORIENTED_EDGE('',*,*,#3575,.F.);
#4703=ORIENTED_EDGE('',*,*,#3578,.F.);
#4704=ORIENTED_EDGE('',*,*,#3579,.T.);
#4705=ORIENTED_EDGE('',*,*,#3531,.F.);
#4706=ORIENTED_EDGE('',*,*,#3577,.F.);
#4707=ORIENTED_EDGE('',*,*,#3580,.F.);
#4708=ORIENTED_EDGE('',*,*,#3581,.T.);
#4709=ORIENTED_EDGE('',*,*,#3532,.F.);
#4710=ORIENTED_EDGE('',*,*,#3579,.F.);
#4711=ORIENTED_EDGE('',*,*,#3582,.F.);
#4712=ORIENTED_EDGE('',*,*,#3583,.T.);
#4713=ORIENTED_EDGE('',*,*,#3533,.F.);
#4714=ORIENTED_EDGE('',*,*,#3581,.F.);
#4715=ORIENTED_EDGE('',*,*,#3584,.F.);
#4716=ORIENTED_EDGE('',*,*,#3585,.F.);
#4717=ORIENTED_EDGE('',*,*,#3534,.F.);
#4718=ORIENTED_EDGE('',*,*,#3583,.F.);
#4719=ORIENTED_EDGE('',*,*,#3297,.F.);
#4720=ORIENTED_EDGE('',*,*,#3338,.F.);
#4721=ORIENTED_EDGE('',*,*,#3586,.T.);
#4722=ORIENTED_EDGE('',*,*,#3341,.F.);
#4723=ORIENTED_EDGE('',*,*,#3293,.F.);
#4724=ORIENTED_EDGE('',*,*,#3178,.F.);
#4725=ORIENTED_EDGE('',*,*,#3296,.F.);
#4726=ORIENTED_EDGE('',*,*,#3587,.F.);
#4727=ORIENTED_EDGE('',*,*,#3588,.F.);
#4728=ORIENTED_EDGE('',*,*,#3589,.F.);
#4729=ORIENTED_EDGE('',*,*,#3526,.F.);
#4730=ORIENTED_EDGE('',*,*,#3384,.F.);
#4731=ORIENTED_EDGE('',*,*,#3238,.F.);
#4732=ORIENTED_EDGE('',*,*,#3192,.F.);
#4733=ORIENTED_EDGE('',*,*,#3243,.F.);
#4734=ORIENTED_EDGE('',*,*,#3590,.F.);
#4735=ORIENTED_EDGE('',*,*,#3363,.F.);
#4736=ORIENTED_EDGE('',*,*,#3591,.F.);
#4737=ORIENTED_EDGE('',*,*,#3542,.F.);
#4738=ORIENTED_EDGE('',*,*,#3592,.F.);
#4739=ORIENTED_EDGE('',*,*,#3558,.F.);
#4740=ORIENTED_EDGE('',*,*,#3368,.T.);
#4741=ORIENTED_EDGE('',*,*,#3364,.F.);
#4742=ORIENTED_EDGE('',*,*,#3590,.T.);
#4743=ORIENTED_EDGE('',*,*,#3242,.F.);
#4744=ORIENTED_EDGE('',*,*,#3339,.T.);
#4745=ORIENTED_EDGE('',*,*,#3290,.F.);
#4746=ORIENTED_EDGE('',*,*,#3342,.F.);
#4747=ORIENTED_EDGE('',*,*,#3586,.F.);
#4748=ORIENTED_EDGE('',*,*,#3337,.F.);
#4749=ORIENTED_EDGE('',*,*,#3593,.F.);
#4750=ORIENTED_EDGE('',*,*,#3594,.F.);
#4751=ORIENTED_EDGE('',*,*,#3595,.F.);
#4752=ORIENTED_EDGE('',*,*,#3538,.F.);
#4753=ORIENTED_EDGE('',*,*,#3287,.F.);
#4754=ORIENTED_EDGE('',*,*,#3289,.T.);
#4755=ORIENTED_EDGE('',*,*,#3248,.F.);
#4756=ORIENTED_EDGE('',*,*,#3250,.F.);
#4757=ORIENTED_EDGE('',*,*,#3412,.F.);
#4758=ORIENTED_EDGE('',*,*,#3408,.F.);
#4759=ORIENTED_EDGE('',*,*,#3596,.F.);
#4760=ORIENTED_EDGE('',*,*,#3452,.F.);
#4761=ORIENTED_EDGE('',*,*,#3453,.F.);
#4762=ORIENTED_EDGE('',*,*,#3596,.T.);
#4763=ORIENTED_EDGE('',*,*,#3407,.F.);
#4764=ORIENTED_EDGE('',*,*,#3415,.F.);
#4765=ORIENTED_EDGE('',*,*,#3503,.F.);
#4766=ORIENTED_EDGE('',*,*,#3519,.T.);
#4767=ORIENTED_EDGE('',*,*,#3513,.F.);
#4768=ORIENTED_EDGE('',*,*,#3505,.F.);
#4769=ORIENTED_EDGE('',*,*,#3515,.F.);
#4770=ORIENTED_EDGE('',*,*,#3597,.T.);
#4771=ORIENTED_EDGE('',*,*,#3598,.T.);
#4772=ORIENTED_EDGE('',*,*,#3599,.T.);
#4773=ORIENTED_EDGE('',*,*,#3600,.T.);
#4774=ORIENTED_EDGE('',*,*,#3601,.T.);
#4775=ORIENTED_EDGE('',*,*,#3602,.T.);
#4776=ORIENTED_EDGE('',*,*,#3603,.T.);
#4777=ORIENTED_EDGE('',*,*,#3604,.T.);
#4778=ORIENTED_EDGE('',*,*,#3524,.T.);
#4779=ORIENTED_EDGE('',*,*,#3568,.T.);
#4780=ORIENTED_EDGE('',*,*,#3605,.F.);
#4781=ORIENTED_EDGE('',*,*,#3606,.T.);
#4782=ORIENTED_EDGE('',*,*,#3268,.F.);
#4783=ORIENTED_EDGE('',*,*,#3607,.F.);
#4784=ORIENTED_EDGE('',*,*,#3572,.T.);
#4785=ORIENTED_EDGE('',*,*,#3521,.T.);
#4786=ORIENTED_EDGE('',*,*,#3517,.T.);
#4787=ORIENTED_EDGE('',*,*,#3495,.F.);
#4788=ORIENTED_EDGE('',*,*,#3608,.T.);
#4789=ORIENTED_EDGE('',*,*,#3434,.F.);
#4790=ORIENTED_EDGE('',*,*,#3609,.F.);
#4791=ORIENTED_EDGE('',*,*,#3610,.F.);
#4792=ORIENTED_EDGE('',*,*,#3592,.T.);
#4793=ORIENTED_EDGE('',*,*,#3541,.T.);
#4794=ORIENTED_EDGE('',*,*,#3611,.T.);
#4795=ORIENTED_EDGE('',*,*,#3376,.F.);
#4796=ORIENTED_EDGE('',*,*,#3612,.F.);
#4797=ORIENTED_EDGE('',*,*,#3559,.F.);
#4798=ORIENTED_EDGE('',*,*,#3540,.T.);
#4799=ORIENTED_EDGE('',*,*,#3613,.T.);
#4800=ORIENTED_EDGE('',*,*,#3377,.F.);
#4801=ORIENTED_EDGE('',*,*,#3611,.F.);
#4802=ORIENTED_EDGE('',*,*,#3539,.T.);
#4803=ORIENTED_EDGE('',*,*,#3595,.T.);
#4804=ORIENTED_EDGE('',*,*,#3614,.F.);
#4805=ORIENTED_EDGE('',*,*,#3615,.F.);
#4806=ORIENTED_EDGE('',*,*,#3616,.F.);
#4807=ORIENTED_EDGE('',*,*,#3617,.T.);
#4808=ORIENTED_EDGE('',*,*,#3378,.F.);
#4809=ORIENTED_EDGE('',*,*,#3613,.F.);
#4810=ORIENTED_EDGE('',*,*,#3594,.T.);
#4811=ORIENTED_EDGE('',*,*,#3618,.T.);
#4812=ORIENTED_EDGE('',*,*,#3619,.T.);
#4813=ORIENTED_EDGE('',*,*,#3620,.T.);
#4814=ORIENTED_EDGE('',*,*,#3621,.T.);
#4815=ORIENTED_EDGE('',*,*,#3614,.T.);
#4816=ORIENTED_EDGE('',*,*,#3574,.T.);
#4817=ORIENTED_EDGE('',*,*,#3622,.T.);
#4818=ORIENTED_EDGE('',*,*,#3584,.T.);
#4819=ORIENTED_EDGE('',*,*,#3582,.T.);
#4820=ORIENTED_EDGE('',*,*,#3580,.T.);
#4821=ORIENTED_EDGE('',*,*,#3578,.T.);
#4822=ORIENTED_EDGE('',*,*,#3576,.T.);
#4823=ORIENTED_EDGE('',*,*,#3143,.T.);
#4824=ORIENTED_EDGE('',*,*,#3146,.T.);
#4825=ORIENTED_EDGE('',*,*,#3149,.T.);
#4826=ORIENTED_EDGE('',*,*,#3152,.T.);
#4827=ORIENTED_EDGE('',*,*,#3130,.T.);
#4828=ORIENTED_EDGE('',*,*,#3134,.T.);
#4829=ORIENTED_EDGE('',*,*,#3137,.T.);
#4830=ORIENTED_EDGE('',*,*,#3140,.T.);
#4831=ORIENTED_EDGE('',*,*,#3119,.T.);
#4832=ORIENTED_EDGE('',*,*,#3122,.T.);
#4833=ORIENTED_EDGE('',*,*,#3125,.T.);
#4834=ORIENTED_EDGE('',*,*,#3128,.T.);
#4835=ORIENTED_EDGE('',*,*,#3106,.T.);
#4836=ORIENTED_EDGE('',*,*,#3110,.T.);
#4837=ORIENTED_EDGE('',*,*,#3113,.T.);
#4838=ORIENTED_EDGE('',*,*,#3116,.T.);
#4839=ORIENTED_EDGE('',*,*,#3095,.T.);
#4840=ORIENTED_EDGE('',*,*,#3098,.T.);
#4841=ORIENTED_EDGE('',*,*,#3101,.T.);
#4842=ORIENTED_EDGE('',*,*,#3104,.T.);
#4843=ORIENTED_EDGE('',*,*,#3082,.T.);
#4844=ORIENTED_EDGE('',*,*,#3086,.T.);
#4845=ORIENTED_EDGE('',*,*,#3089,.T.);
#4846=ORIENTED_EDGE('',*,*,#3092,.T.);
#4847=ORIENTED_EDGE('',*,*,#3071,.T.);
#4848=ORIENTED_EDGE('',*,*,#3074,.T.);
#4849=ORIENTED_EDGE('',*,*,#3077,.T.);
#4850=ORIENTED_EDGE('',*,*,#3080,.T.);
#4851=ORIENTED_EDGE('',*,*,#3058,.T.);
#4852=ORIENTED_EDGE('',*,*,#3062,.T.);
#4853=ORIENTED_EDGE('',*,*,#3065,.T.);
#4854=ORIENTED_EDGE('',*,*,#3068,.T.);
#4855=ORIENTED_EDGE('',*,*,#3057,.T.);
#4856=ORIENTED_EDGE('',*,*,#3054,.T.);
#4857=ORIENTED_EDGE('',*,*,#3051,.T.);
#4858=ORIENTED_EDGE('',*,*,#3048,.T.);
#4859=ORIENTED_EDGE('',*,*,#3588,.T.);
#4860=ORIENTED_EDGE('',*,*,#3623,.T.);
#4861=ORIENTED_EDGE('',*,*,#3624,.T.);
#4862=ORIENTED_EDGE('',*,*,#3625,.T.);
#4863=ORIENTED_EDGE('',*,*,#3626,.T.);
#4864=ORIENTED_EDGE('',*,*,#3627,.T.);
#4865=ORIENTED_EDGE('',*,*,#3628,.T.);
#4866=ORIENTED_EDGE('',*,*,#3629,.T.);
#4867=ORIENTED_EDGE('',*,*,#3630,.T.);
#4868=ORIENTED_EDGE('',*,*,#3570,.T.);
#4869=ORIENTED_EDGE('',*,*,#3571,.T.);
#4870=ORIENTED_EDGE('',*,*,#3610,.T.);
#4871=ORIENTED_EDGE('',*,*,#3631,.T.);
#4872=ORIENTED_EDGE('',*,*,#3632,.T.);
#4873=ORIENTED_EDGE('',*,*,#3633,.T.);
#4874=ORIENTED_EDGE('',*,*,#3634,.T.);
#4875=ORIENTED_EDGE('',*,*,#3635,.T.);
#4876=ORIENTED_EDGE('',*,*,#3636,.T.);
#4877=ORIENTED_EDGE('',*,*,#3637,.T.);
#4878=ORIENTED_EDGE('',*,*,#3638,.T.);
#4879=ORIENTED_EDGE('',*,*,#3639,.T.);
#4880=ORIENTED_EDGE('',*,*,#3640,.T.);
#4881=ORIENTED_EDGE('',*,*,#3641,.T.);
#4882=ORIENTED_EDGE('',*,*,#3642,.T.);
#4883=ORIENTED_EDGE('',*,*,#3643,.T.);
#4884=ORIENTED_EDGE('',*,*,#3644,.T.);
#4885=ORIENTED_EDGE('',*,*,#3645,.T.);
#4886=ORIENTED_EDGE('',*,*,#3646,.T.);
#4887=ORIENTED_EDGE('',*,*,#3647,.T.);
#4888=ORIENTED_EDGE('',*,*,#3648,.T.);
#4889=ORIENTED_EDGE('',*,*,#3649,.T.);
#4890=ORIENTED_EDGE('',*,*,#3650,.T.);
#4891=ORIENTED_EDGE('',*,*,#3651,.T.);
#4892=ORIENTED_EDGE('',*,*,#3652,.T.);
#4893=ORIENTED_EDGE('',*,*,#3653,.T.);
#4894=ORIENTED_EDGE('',*,*,#3654,.T.);
#4895=ORIENTED_EDGE('',*,*,#3605,.T.);
#4896=ORIENTED_EDGE('',*,*,#3442,.F.);
#4897=ORIENTED_EDGE('',*,*,#3457,.F.);
#4898=ORIENTED_EDGE('',*,*,#3439,.F.);
#4899=ORIENTED_EDGE('',*,*,#3655,.F.);
#4900=ORIENTED_EDGE('',*,*,#3447,.F.);
#4901=ORIENTED_EDGE('',*,*,#3656,.F.);
#4902=ORIENTED_EDGE('',*,*,#3657,.F.);
#4903=ORIENTED_EDGE('',*,*,#3658,.T.);
#4904=ORIENTED_EDGE('',*,*,#3430,.F.);
#4905=ORIENTED_EDGE('',*,*,#3659,.F.);
#4906=ORIENTED_EDGE('',*,*,#3632,.F.);
#4907=ORIENTED_EDGE('',*,*,#3660,.T.);
#4908=ORIENTED_EDGE('',*,*,#3432,.F.);
#4909=ORIENTED_EDGE('',*,*,#3661,.F.);
#4910=ORIENTED_EDGE('',*,*,#3631,.F.);
#4911=ORIENTED_EDGE('',*,*,#3609,.T.);
#4912=ORIENTED_EDGE('',*,*,#3433,.F.);
#4913=ORIENTED_EDGE('',*,*,#3660,.F.);
#4914=ORIENTED_EDGE('',*,*,#3494,.F.);
#4915=ORIENTED_EDGE('',*,*,#3662,.T.);
#4916=ORIENTED_EDGE('',*,*,#3435,.F.);
#4917=ORIENTED_EDGE('',*,*,#3608,.F.);
#4918=ORIENTED_EDGE('',*,*,#3493,.F.);
#4919=ORIENTED_EDGE('',*,*,#3663,.F.);
#4920=ORIENTED_EDGE('',*,*,#3664,.F.);
#4921=ORIENTED_EDGE('',*,*,#3665,.T.);
#4922=ORIENTED_EDGE('',*,*,#3436,.F.);
#4923=ORIENTED_EDGE('',*,*,#3662,.F.);
#4924=ORIENTED_EDGE('',*,*,#3448,.F.);
#4925=ORIENTED_EDGE('',*,*,#3659,.T.);
#4926=ORIENTED_EDGE('',*,*,#3429,.F.);
#4927=ORIENTED_EDGE('',*,*,#3456,.F.);
#4928=ORIENTED_EDGE('',*,*,#3443,.F.);
#4929=ORIENTED_EDGE('',*,*,#3655,.T.);
#4930=ORIENTED_EDGE('',*,*,#3438,.F.);
#4931=ORIENTED_EDGE('',*,*,#3666,.F.);
#4932=ORIENTED_EDGE('',*,*,#3444,.F.);
#4933=ORIENTED_EDGE('',*,*,#3666,.T.);
#4934=ORIENTED_EDGE('',*,*,#3437,.F.);
#4935=ORIENTED_EDGE('',*,*,#3665,.F.);
#4936=ORIENTED_EDGE('',*,*,#3667,.T.);
#4937=ORIENTED_EDGE('',*,*,#3668,.F.);
#4938=ORIENTED_EDGE('',*,*,#3633,.F.);
#4939=ORIENTED_EDGE('',*,*,#3661,.T.);
#4940=ORIENTED_EDGE('',*,*,#3431,.F.);
#4941=ORIENTED_EDGE('',*,*,#3658,.F.);
#4942=ORIENTED_EDGE('',*,*,#3669,.T.);
#4943=ORIENTED_EDGE('',*,*,#3670,.F.);
#4944=ORIENTED_EDGE('',*,*,#3670,.T.);
#4945=ORIENTED_EDGE('',*,*,#3671,.F.);
#4946=ORIENTED_EDGE('',*,*,#3672,.T.);
#4947=ORIENTED_EDGE('',*,*,#3634,.F.);
#4948=ORIENTED_EDGE('',*,*,#3668,.T.);
#4949=ORIENTED_EDGE('',*,*,#3673,.F.);
#4950=ORIENTED_EDGE('',*,*,#3674,.T.);
#4951=ORIENTED_EDGE('',*,*,#3445,.F.);
#4952=ORIENTED_EDGE('',*,*,#3324,.F.);
#4953=ORIENTED_EDGE('',*,*,#3343,.F.);
#4954=ORIENTED_EDGE('',*,*,#3321,.F.);
#4955=ORIENTED_EDGE('',*,*,#3675,.F.);
#4956=ORIENTED_EDGE('',*,*,#3333,.F.);
#4957=ORIENTED_EDGE('',*,*,#3676,.T.);
#4958=ORIENTED_EDGE('',*,*,#3311,.F.);
#4959=ORIENTED_EDGE('',*,*,#3345,.F.);
#4960=ORIENTED_EDGE('',*,*,#3332,.F.);
#4961=ORIENTED_EDGE('',*,*,#3677,.T.);
#4962=ORIENTED_EDGE('',*,*,#3312,.F.);
#4963=ORIENTED_EDGE('',*,*,#3676,.F.);
#4964=ORIENTED_EDGE('',*,*,#3331,.F.);
#4965=ORIENTED_EDGE('',*,*,#3678,.T.);
#4966=ORIENTED_EDGE('',*,*,#3313,.F.);
#4967=ORIENTED_EDGE('',*,*,#3677,.F.);
#4968=ORIENTED_EDGE('',*,*,#3325,.F.);
#4969=ORIENTED_EDGE('',*,*,#3675,.T.);
#4970=ORIENTED_EDGE('',*,*,#3320,.F.);
#4971=ORIENTED_EDGE('',*,*,#3679,.F.);
#4972=ORIENTED_EDGE('',*,*,#3326,.F.);
#4973=ORIENTED_EDGE('',*,*,#3679,.T.);
#4974=ORIENTED_EDGE('',*,*,#3319,.F.);
#4975=ORIENTED_EDGE('',*,*,#3680,.F.);
#4976=ORIENTED_EDGE('',*,*,#3681,.T.);
#4977=ORIENTED_EDGE('',*,*,#3682,.F.);
#4978=ORIENTED_EDGE('',*,*,#3683,.F.);
#4979=ORIENTED_EDGE('',*,*,#3684,.F.);
#4980=ORIENTED_EDGE('',*,*,#3680,.T.);
#4981=ORIENTED_EDGE('',*,*,#3318,.F.);
#4982=ORIENTED_EDGE('',*,*,#3685,.F.);
#4983=ORIENTED_EDGE('',*,*,#3629,.F.);
#4984=ORIENTED_EDGE('',*,*,#3589,.T.);
#4985=ORIENTED_EDGE('',*,*,#3630,.F.);
#4986=ORIENTED_EDGE('',*,*,#3685,.T.);
#4987=ORIENTED_EDGE('',*,*,#3317,.F.);
#4988=ORIENTED_EDGE('',*,*,#3686,.F.);
#4989=ORIENTED_EDGE('',*,*,#3527,.T.);
#4990=ORIENTED_EDGE('',*,*,#3528,.T.);
#4991=ORIENTED_EDGE('',*,*,#3686,.T.);
#4992=ORIENTED_EDGE('',*,*,#3316,.F.);
#4993=ORIENTED_EDGE('',*,*,#3687,.F.);
#4994=ORIENTED_EDGE('',*,*,#3535,.T.);
#4995=ORIENTED_EDGE('',*,*,#3585,.T.);
#4996=ORIENTED_EDGE('',*,*,#3622,.F.);
#4997=ORIENTED_EDGE('',*,*,#3573,.T.);
#4998=ORIENTED_EDGE('',*,*,#3536,.T.);
#4999=ORIENTED_EDGE('',*,*,#3687,.T.);
#5000=ORIENTED_EDGE('',*,*,#3315,.F.);
#5001=ORIENTED_EDGE('',*,*,#3688,.F.);
#5002=ORIENTED_EDGE('',*,*,#3537,.T.);
#5003=ORIENTED_EDGE('',*,*,#3688,.T.);
#5004=ORIENTED_EDGE('',*,*,#3314,.F.);
#5005=ORIENTED_EDGE('',*,*,#3678,.F.);
#5006=ORIENTED_EDGE('',*,*,#3330,.F.);
#5007=ORIENTED_EDGE('',*,*,#3689,.F.);
#5008=ORIENTED_EDGE('',*,*,#3690,.T.);
#5009=ORIENTED_EDGE('',*,*,#3691,.F.);
#5010=ORIENTED_EDGE('',*,*,#3618,.F.);
#5011=ORIENTED_EDGE('',*,*,#3593,.T.);
#5012=ORIENTED_EDGE('',*,*,#3683,.T.);
#5013=ORIENTED_EDGE('',*,*,#3628,.F.);
#5014=ORIENTED_EDGE('',*,*,#3692,.F.);
#5015=ORIENTED_EDGE('',*,*,#3693,.F.);
#5016=ORIENTED_EDGE('',*,*,#3682,.T.);
#5017=ORIENTED_EDGE('',*,*,#3694,.F.);
#5018=ORIENTED_EDGE('',*,*,#3695,.T.);
#5019=ORIENTED_EDGE('',*,*,#3327,.F.);
#5020=ORIENTED_EDGE('',*,*,#3691,.T.);
#5021=ORIENTED_EDGE('',*,*,#3696,.F.);
#5022=ORIENTED_EDGE('',*,*,#3697,.T.);
#5023=ORIENTED_EDGE('',*,*,#3619,.F.);
#5024=ORIENTED_EDGE('',*,*,#3359,.F.);
#5025=ORIENTED_EDGE('',*,*,#3698,.F.);
#5026=ORIENTED_EDGE('',*,*,#3699,.F.);
#5027=ORIENTED_EDGE('',*,*,#3700,.T.);
#5028=ORIENTED_EDGE('',*,*,#3371,.F.);
#5029=ORIENTED_EDGE('',*,*,#3354,.F.);
#5030=ORIENTED_EDGE('',*,*,#3701,.F.);
#5031=ORIENTED_EDGE('',*,*,#3562,.F.);
#5032=ORIENTED_EDGE('',*,*,#3702,.T.);
#5033=ORIENTED_EDGE('',*,*,#3373,.F.);
#5034=ORIENTED_EDGE('',*,*,#3703,.F.);
#5035=ORIENTED_EDGE('',*,*,#3704,.T.);
#5036=ORIENTED_EDGE('',*,*,#3561,.F.);
#5037=ORIENTED_EDGE('',*,*,#3705,.T.);
#5038=ORIENTED_EDGE('',*,*,#3374,.F.);
#5039=ORIENTED_EDGE('',*,*,#3702,.F.);
#5040=ORIENTED_EDGE('',*,*,#3560,.F.);
#5041=ORIENTED_EDGE('',*,*,#3612,.T.);
#5042=ORIENTED_EDGE('',*,*,#3375,.F.);
#5043=ORIENTED_EDGE('',*,*,#3705,.F.);
#5044=ORIENTED_EDGE('',*,*,#3357,.F.);
#5045=ORIENTED_EDGE('',*,*,#3348,.F.);
#5046=ORIENTED_EDGE('',*,*,#3381,.F.);
#5047=ORIENTED_EDGE('',*,*,#3706,.F.);
#5048=ORIENTED_EDGE('',*,*,#3707,.T.);
#5049=ORIENTED_EDGE('',*,*,#3708,.F.);
#5050=ORIENTED_EDGE('',*,*,#3709,.T.);
#5051=ORIENTED_EDGE('',*,*,#3706,.T.);
#5052=ORIENTED_EDGE('',*,*,#3380,.F.);
#5053=ORIENTED_EDGE('',*,*,#3710,.F.);
#5054=ORIENTED_EDGE('',*,*,#3711,.F.);
#5055=ORIENTED_EDGE('',*,*,#3712,.T.);
#5056=ORIENTED_EDGE('',*,*,#3710,.T.);
#5057=ORIENTED_EDGE('',*,*,#3379,.F.);
#5058=ORIENTED_EDGE('',*,*,#3617,.F.);
#5059=ORIENTED_EDGE('',*,*,#3713,.T.);
#5060=ORIENTED_EDGE('',*,*,#3714,.F.);
#5061=ORIENTED_EDGE('',*,*,#3715,.F.);
#5062=ORIENTED_EDGE('',*,*,#3716,.F.);
#5063=ORIENTED_EDGE('',*,*,#3703,.T.);
#5064=ORIENTED_EDGE('',*,*,#3372,.F.);
#5065=ORIENTED_EDGE('',*,*,#3700,.F.);
#5066=ORIENTED_EDGE('',*,*,#3711,.T.);
#5067=ORIENTED_EDGE('',*,*,#3717,.F.);
#5068=ORIENTED_EDGE('',*,*,#3718,.F.);
#5069=ORIENTED_EDGE('',*,*,#3719,.F.);
#5070=ORIENTED_EDGE('',*,*,#3701,.T.);
#5071=ORIENTED_EDGE('',*,*,#3720,.F.);
#5072=ORIENTED_EDGE('',*,*,#3721,.T.);
#5073=ORIENTED_EDGE('',*,*,#3563,.F.);
#5074=ORIENTED_EDGE('',*,*,#3715,.T.);
#5075=ORIENTED_EDGE('',*,*,#3722,.T.);
#5076=ORIENTED_EDGE('',*,*,#3717,.T.);
#5077=ORIENTED_EDGE('',*,*,#3714,.T.);
#5078=ORIENTED_EDGE('',*,*,#3723,.F.);
#5079=ORIENTED_EDGE('',*,*,#3718,.T.);
#5080=ORIENTED_EDGE('',*,*,#3722,.F.);
#5081=ORIENTED_EDGE('',*,*,#3615,.T.);
#5082=ORIENTED_EDGE('',*,*,#3621,.F.);
#5083=ORIENTED_EDGE('',*,*,#3724,.F.);
#5084=ORIENTED_EDGE('',*,*,#3725,.F.);
#5085=ORIENTED_EDGE('',*,*,#3602,.F.);
#5086=ORIENTED_EDGE('',*,*,#3726,.F.);
#5087=ORIENTED_EDGE('',*,*,#3282,.F.);
#5088=ORIENTED_EDGE('',*,*,#3275,.F.);
#5089=ORIENTED_EDGE('',*,*,#3273,.F.);
#5090=ORIENTED_EDGE('',*,*,#3727,.F.);
#5091=ORIENTED_EDGE('',*,*,#3728,.T.);
#5092=ORIENTED_EDGE('',*,*,#3729,.T.);
#5093=ORIENTED_EDGE('',*,*,#3730,.F.);
#5094=ORIENTED_EDGE('',*,*,#3731,.F.);
#5095=ORIENTED_EDGE('',*,*,#3624,.F.);
#5096=ORIENTED_EDGE('',*,*,#3732,.T.);
#5097=ORIENTED_EDGE('',*,*,#3266,.F.);
#5098=ORIENTED_EDGE('',*,*,#3733,.F.);
#5099=ORIENTED_EDGE('',*,*,#3734,.T.);
#5100=ORIENTED_EDGE('',*,*,#3735,.T.);
#5101=ORIENTED_EDGE('',*,*,#3525,.T.);
#5102=ORIENTED_EDGE('',*,*,#3607,.T.);
#5103=ORIENTED_EDGE('',*,*,#3267,.F.);
#5104=ORIENTED_EDGE('',*,*,#3732,.F.);
#5105=ORIENTED_EDGE('',*,*,#3623,.F.);
#5106=ORIENTED_EDGE('',*,*,#3587,.T.);
#5107=ORIENTED_EDGE('',*,*,#3654,.F.);
#5108=ORIENTED_EDGE('',*,*,#3736,.T.);
#5109=ORIENTED_EDGE('',*,*,#3269,.F.);
#5110=ORIENTED_EDGE('',*,*,#3606,.F.);
#5111=ORIENTED_EDGE('',*,*,#3653,.F.);
#5112=ORIENTED_EDGE('',*,*,#3737,.T.);
#5113=ORIENTED_EDGE('',*,*,#3270,.F.);
#5114=ORIENTED_EDGE('',*,*,#3736,.F.);
#5115=ORIENTED_EDGE('',*,*,#3738,.T.);
#5116=ORIENTED_EDGE('',*,*,#3733,.T.);
#5117=ORIENTED_EDGE('',*,*,#3265,.F.);
#5118=ORIENTED_EDGE('',*,*,#3739,.F.);
#5119=ORIENTED_EDGE('',*,*,#3740,.F.);
#5120=ORIENTED_EDGE('',*,*,#3741,.F.);
#5121=ORIENTED_EDGE('',*,*,#3742,.F.);
#5122=ORIENTED_EDGE('',*,*,#3743,.F.);
#5123=ORIENTED_EDGE('',*,*,#3600,.F.);
#5124=ORIENTED_EDGE('',*,*,#3744,.F.);
#5125=ORIENTED_EDGE('',*,*,#3745,.F.);
#5126=ORIENTED_EDGE('',*,*,#3746,.T.);
#5127=ORIENTED_EDGE('',*,*,#3263,.F.);
#5128=ORIENTED_EDGE('',*,*,#3280,.F.);
#5129=ORIENTED_EDGE('',*,*,#3284,.F.);
#5130=ORIENTED_EDGE('',*,*,#3747,.F.);
#5131=ORIENTED_EDGE('',*,*,#3599,.F.);
#5132=ORIENTED_EDGE('',*,*,#3748,.F.);
#5133=ORIENTED_EDGE('',*,*,#3749,.F.);
#5134=ORIENTED_EDGE('',*,*,#3744,.T.);
#5135=ORIENTED_EDGE('',*,*,#3598,.F.);
#5136=ORIENTED_EDGE('',*,*,#3750,.F.);
#5137=ORIENTED_EDGE('',*,*,#3751,.F.);
#5138=ORIENTED_EDGE('',*,*,#3748,.T.);
#5139=ORIENTED_EDGE('',*,*,#3597,.F.);
#5140=ORIENTED_EDGE('',*,*,#3752,.F.);
#5141=ORIENTED_EDGE('',*,*,#3753,.F.);
#5142=ORIENTED_EDGE('',*,*,#3750,.T.);
#5143=ORIENTED_EDGE('',*,*,#3604,.F.);
#5144=ORIENTED_EDGE('',*,*,#3754,.F.);
#5145=ORIENTED_EDGE('',*,*,#3755,.T.);
#5146=ORIENTED_EDGE('',*,*,#3752,.T.);
#5147=ORIENTED_EDGE('',*,*,#3603,.F.);
#5148=ORIENTED_EDGE('',*,*,#3729,.F.);
#5149=ORIENTED_EDGE('',*,*,#3756,.T.);
#5150=ORIENTED_EDGE('',*,*,#3754,.T.);
#5151=ORIENTED_EDGE('',*,*,#3757,.T.);
#5152=ORIENTED_EDGE('',*,*,#3727,.T.);
#5153=ORIENTED_EDGE('',*,*,#3272,.F.);
#5154=ORIENTED_EDGE('',*,*,#3758,.F.);
#5155=ORIENTED_EDGE('',*,*,#3759,.F.);
#5156=ORIENTED_EDGE('',*,*,#3760,.F.);
#5157=ORIENTED_EDGE('',*,*,#3761,.T.);
#5158=ORIENTED_EDGE('',*,*,#3758,.T.);
#5159=ORIENTED_EDGE('',*,*,#3271,.F.);
#5160=ORIENTED_EDGE('',*,*,#3737,.F.);
#5161=ORIENTED_EDGE('',*,*,#3652,.F.);
#5162=ORIENTED_EDGE('',*,*,#3762,.F.);
#5163=ORIENTED_EDGE('',*,*,#3763,.F.);
#5164=ORIENTED_EDGE('',*,*,#3764,.F.);
#5165=ORIENTED_EDGE('',*,*,#3765,.F.);
#5166=ORIENTED_EDGE('',*,*,#3760,.T.);
#5167=ORIENTED_EDGE('',*,*,#3766,.F.);
#5168=ORIENTED_EDGE('',*,*,#3767,.F.);
#5169=ORIENTED_EDGE('',*,*,#3768,.T.);
#5170=ORIENTED_EDGE('',*,*,#3764,.T.);
#5171=ORIENTED_EDGE('',*,*,#3769,.F.);
#5172=ORIENTED_EDGE('',*,*,#3770,.F.);
#5173=ORIENTED_EDGE('',*,*,#3771,.T.);
#5174=ORIENTED_EDGE('',*,*,#3767,.T.);
#5175=ORIENTED_EDGE('',*,*,#3772,.F.);
#5176=ORIENTED_EDGE('',*,*,#3735,.F.);
#5177=ORIENTED_EDGE('',*,*,#3773,.T.);
#5178=ORIENTED_EDGE('',*,*,#3770,.T.);
#5179=ORIENTED_EDGE('',*,*,#3774,.F.);
#5180=ORIENTED_EDGE('',*,*,#3739,.T.);
#5181=ORIENTED_EDGE('',*,*,#3264,.F.);
#5182=ORIENTED_EDGE('',*,*,#3746,.F.);
#5183=ORIENTED_EDGE('',*,*,#3774,.T.);
#5184=ORIENTED_EDGE('',*,*,#3745,.T.);
#5185=ORIENTED_EDGE('',*,*,#3749,.T.);
#5186=ORIENTED_EDGE('',*,*,#3751,.T.);
#5187=ORIENTED_EDGE('',*,*,#3753,.T.);
#5188=ORIENTED_EDGE('',*,*,#3755,.F.);
#5189=ORIENTED_EDGE('',*,*,#3756,.F.);
#5190=ORIENTED_EDGE('',*,*,#3728,.F.);
#5191=ORIENTED_EDGE('',*,*,#3757,.F.);
#5192=ORIENTED_EDGE('',*,*,#3761,.F.);
#5193=ORIENTED_EDGE('',*,*,#3765,.T.);
#5194=ORIENTED_EDGE('',*,*,#3768,.F.);
#5195=ORIENTED_EDGE('',*,*,#3771,.F.);
#5196=ORIENTED_EDGE('',*,*,#3773,.F.);
#5197=ORIENTED_EDGE('',*,*,#3734,.F.);
#5198=ORIENTED_EDGE('',*,*,#3738,.F.);
#5199=ORIENTED_EDGE('',*,*,#3762,.T.);
#5200=ORIENTED_EDGE('',*,*,#3651,.F.);
#5201=ORIENTED_EDGE('',*,*,#3775,.F.);
#5202=ORIENTED_EDGE('',*,*,#3776,.F.);
#5203=ORIENTED_EDGE('',*,*,#3743,.T.);
#5204=ORIENTED_EDGE('',*,*,#3777,.F.);
#5205=ORIENTED_EDGE('',*,*,#3778,.T.);
#5206=ORIENTED_EDGE('',*,*,#3779,.F.);
#5207=ORIENTED_EDGE('',*,*,#3742,.T.);
#5208=ORIENTED_EDGE('',*,*,#3780,.T.);
#5209=ORIENTED_EDGE('',*,*,#3777,.T.);
#5210=ORIENTED_EDGE('',*,*,#3741,.T.);
#5211=ORIENTED_EDGE('',*,*,#3781,.F.);
#5212=ORIENTED_EDGE('',*,*,#3778,.F.);
#5213=ORIENTED_EDGE('',*,*,#3780,.F.);
#5214=ORIENTED_EDGE('',*,*,#3740,.T.);
#5215=ORIENTED_EDGE('',*,*,#3779,.T.);
#5216=ORIENTED_EDGE('',*,*,#3781,.T.);
#5217=ORIENTED_EDGE('',*,*,#3782,.F.);
#5218=ORIENTED_EDGE('',*,*,#3783,.F.);
#5219=ORIENTED_EDGE('',*,*,#3396,.F.);
#5220=ORIENTED_EDGE('',*,*,#3387,.F.);
#5221=ORIENTED_EDGE('',*,*,#3784,.F.);
#5222=ORIENTED_EDGE('',*,*,#3785,.F.);
#5223=ORIENTED_EDGE('',*,*,#3786,.T.);
#5224=ORIENTED_EDGE('',*,*,#3787,.T.);
#5225=ORIENTED_EDGE('',*,*,#3788,.F.);
#5226=ORIENTED_EDGE('',*,*,#3789,.F.);
#5227=ORIENTED_EDGE('',*,*,#3644,.F.);
#5228=ORIENTED_EDGE('',*,*,#3790,.T.);
#5229=ORIENTED_EDGE('',*,*,#3791,.F.);
#5230=ORIENTED_EDGE('',*,*,#3792,.F.);
#5231=ORIENTED_EDGE('',*,*,#3793,.T.);
#5232=ORIENTED_EDGE('',*,*,#3794,.T.);
#5233=ORIENTED_EDGE('',*,*,#3643,.F.);
#5234=ORIENTED_EDGE('',*,*,#3795,.T.);
#5235=ORIENTED_EDGE('',*,*,#3796,.F.);
#5236=ORIENTED_EDGE('',*,*,#3790,.F.);
#5237=ORIENTED_EDGE('',*,*,#3642,.F.);
#5238=ORIENTED_EDGE('',*,*,#3797,.T.);
#5239=ORIENTED_EDGE('',*,*,#3798,.F.);
#5240=ORIENTED_EDGE('',*,*,#3795,.F.);
#5241=ORIENTED_EDGE('',*,*,#3641,.F.);
#5242=ORIENTED_EDGE('',*,*,#3799,.T.);
#5243=ORIENTED_EDGE('',*,*,#3800,.F.);
#5244=ORIENTED_EDGE('',*,*,#3797,.F.);
#5245=ORIENTED_EDGE('',*,*,#3640,.F.);
#5246=ORIENTED_EDGE('',*,*,#3801,.T.);
#5247=ORIENTED_EDGE('',*,*,#3802,.F.);
#5248=ORIENTED_EDGE('',*,*,#3799,.F.);
#5249=ORIENTED_EDGE('',*,*,#3803,.F.);
#5250=ORIENTED_EDGE('',*,*,#3804,.F.);
#5251=ORIENTED_EDGE('',*,*,#3805,.F.);
#5252=ORIENTED_EDGE('',*,*,#3806,.T.);
#5253=ORIENTED_EDGE('',*,*,#3807,.F.);
#5254=ORIENTED_EDGE('',*,*,#3393,.F.);
#5255=ORIENTED_EDGE('',*,*,#3398,.F.);
#5256=ORIENTED_EDGE('',*,*,#3808,.F.);
#5257=ORIENTED_EDGE('',*,*,#3809,.F.);
#5258=ORIENTED_EDGE('',*,*,#3810,.F.);
#5259=ORIENTED_EDGE('',*,*,#3811,.F.);
#5260=ORIENTED_EDGE('',*,*,#3804,.T.);
#5261=ORIENTED_EDGE('',*,*,#3812,.F.);
#5262=ORIENTED_EDGE('',*,*,#3813,.F.);
#5263=ORIENTED_EDGE('',*,*,#3814,.F.);
#5264=ORIENTED_EDGE('',*,*,#3810,.T.);
#5265=ORIENTED_EDGE('',*,*,#3815,.F.);
#5266=ORIENTED_EDGE('',*,*,#3816,.F.);
#5267=ORIENTED_EDGE('',*,*,#3817,.F.);
#5268=ORIENTED_EDGE('',*,*,#3813,.T.);
#5269=ORIENTED_EDGE('',*,*,#3818,.F.);
#5270=ORIENTED_EDGE('',*,*,#3819,.F.);
#5271=ORIENTED_EDGE('',*,*,#3820,.T.);
#5272=ORIENTED_EDGE('',*,*,#3816,.T.);
#5273=ORIENTED_EDGE('',*,*,#3821,.F.);
#5274=ORIENTED_EDGE('',*,*,#3787,.F.);
#5275=ORIENTED_EDGE('',*,*,#3822,.T.);
#5276=ORIENTED_EDGE('',*,*,#3819,.T.);
#5277=ORIENTED_EDGE('',*,*,#3823,.T.);
#5278=ORIENTED_EDGE('',*,*,#3785,.T.);
#5279=ORIENTED_EDGE('',*,*,#3824,.F.);
#5280=ORIENTED_EDGE('',*,*,#3825,.F.);
#5281=ORIENTED_EDGE('',*,*,#3826,.T.);
#5282=ORIENTED_EDGE('',*,*,#3825,.T.);
#5283=ORIENTED_EDGE('',*,*,#3827,.F.);
#5284=ORIENTED_EDGE('',*,*,#3828,.F.);
#5285=ORIENTED_EDGE('',*,*,#3829,.F.);
#5286=ORIENTED_EDGE('',*,*,#3830,.F.);
#5287=ORIENTED_EDGE('',*,*,#3831,.F.);
#5288=ORIENTED_EDGE('',*,*,#3828,.T.);
#5289=ORIENTED_EDGE('',*,*,#3832,.F.);
#5290=ORIENTED_EDGE('',*,*,#3801,.F.);
#5291=ORIENTED_EDGE('',*,*,#3639,.F.);
#5292=ORIENTED_EDGE('',*,*,#3833,.F.);
#5293=ORIENTED_EDGE('',*,*,#3834,.F.);
#5294=ORIENTED_EDGE('',*,*,#3835,.F.);
#5295=ORIENTED_EDGE('',*,*,#3836,.T.);
#5296=ORIENTED_EDGE('',*,*,#3830,.T.);
#5297=ORIENTED_EDGE('',*,*,#3837,.F.);
#5298=ORIENTED_EDGE('',*,*,#3838,.F.);
#5299=ORIENTED_EDGE('',*,*,#3839,.T.);
#5300=ORIENTED_EDGE('',*,*,#3835,.T.);
#5301=ORIENTED_EDGE('',*,*,#3840,.F.);
#5302=ORIENTED_EDGE('',*,*,#3841,.F.);
#5303=ORIENTED_EDGE('',*,*,#3842,.T.);
#5304=ORIENTED_EDGE('',*,*,#3838,.T.);
#5305=ORIENTED_EDGE('',*,*,#3843,.F.);
#5306=ORIENTED_EDGE('',*,*,#3794,.F.);
#5307=ORIENTED_EDGE('',*,*,#3844,.T.);
#5308=ORIENTED_EDGE('',*,*,#3841,.T.);
#5309=ORIENTED_EDGE('',*,*,#3845,.F.);
#5310=ORIENTED_EDGE('',*,*,#3792,.T.);
#5311=ORIENTED_EDGE('',*,*,#3846,.F.);
#5312=ORIENTED_EDGE('',*,*,#3806,.F.);
#5313=ORIENTED_EDGE('',*,*,#3807,.T.);
#5314=ORIENTED_EDGE('',*,*,#3846,.T.);
#5315=ORIENTED_EDGE('',*,*,#3791,.T.);
#5316=ORIENTED_EDGE('',*,*,#3796,.T.);
#5317=ORIENTED_EDGE('',*,*,#3798,.T.);
#5318=ORIENTED_EDGE('',*,*,#3800,.T.);
#5319=ORIENTED_EDGE('',*,*,#3802,.T.);
#5320=ORIENTED_EDGE('',*,*,#3832,.T.);
#5321=ORIENTED_EDGE('',*,*,#3827,.T.);
#5322=ORIENTED_EDGE('',*,*,#3824,.T.);
#5323=ORIENTED_EDGE('',*,*,#3784,.T.);
#5324=ORIENTED_EDGE('',*,*,#3386,.F.);
#5325=ORIENTED_EDGE('',*,*,#3405,.F.);
#5326=ORIENTED_EDGE('',*,*,#3406,.F.);
#5327=ORIENTED_EDGE('',*,*,#3402,.F.);
#5328=ORIENTED_EDGE('',*,*,#3392,.F.);
#5329=ORIENTED_EDGE('',*,*,#3394,.F.);
#5330=ORIENTED_EDGE('',*,*,#3160,.T.);
#5331=ORIENTED_EDGE('',*,*,#3163,.T.);
#5332=ORIENTED_EDGE('',*,*,#3226,.T.);
#5333=ORIENTED_EDGE('',*,*,#3229,.T.);
#5334=ORIENTED_EDGE('',*,*,#3845,.T.);
#5335=ORIENTED_EDGE('',*,*,#3805,.T.);
#5336=ORIENTED_EDGE('',*,*,#3811,.T.);
#5337=ORIENTED_EDGE('',*,*,#3814,.T.);
#5338=ORIENTED_EDGE('',*,*,#3817,.T.);
#5339=ORIENTED_EDGE('',*,*,#3820,.F.);
#5340=ORIENTED_EDGE('',*,*,#3822,.F.);
#5341=ORIENTED_EDGE('',*,*,#3786,.F.);
#5342=ORIENTED_EDGE('',*,*,#3823,.F.);
#5343=ORIENTED_EDGE('',*,*,#3826,.F.);
#5344=ORIENTED_EDGE('',*,*,#3831,.T.);
#5345=ORIENTED_EDGE('',*,*,#3836,.F.);
#5346=ORIENTED_EDGE('',*,*,#3839,.F.);
#5347=ORIENTED_EDGE('',*,*,#3842,.F.);
#5348=ORIENTED_EDGE('',*,*,#3844,.F.);
#5349=ORIENTED_EDGE('',*,*,#3793,.F.);
#5350=ORIENTED_EDGE('',*,*,#3782,.T.);
#5351=ORIENTED_EDGE('',*,*,#3821,.T.);
#5352=ORIENTED_EDGE('',*,*,#3818,.T.);
#5353=ORIENTED_EDGE('',*,*,#3815,.T.);
#5354=ORIENTED_EDGE('',*,*,#3812,.T.);
#5355=ORIENTED_EDGE('',*,*,#3809,.T.);
#5356=ORIENTED_EDGE('',*,*,#3803,.T.);
#5357=ORIENTED_EDGE('',*,*,#3847,.T.);
#5358=ORIENTED_EDGE('',*,*,#3789,.T.);
#5359=ORIENTED_EDGE('',*,*,#3848,.F.);
#5360=ORIENTED_EDGE('',*,*,#3849,.T.);
#5361=ORIENTED_EDGE('',*,*,#3645,.F.);
#5362=ORIENTED_EDGE('',*,*,#3833,.T.);
#5363=ORIENTED_EDGE('',*,*,#3638,.F.);
#5364=ORIENTED_EDGE('',*,*,#3850,.F.);
#5365=ORIENTED_EDGE('',*,*,#3851,.F.);
#5366=ORIENTED_EDGE('',*,*,#3852,.F.);
#5367=ORIENTED_EDGE('',*,*,#3853,.T.);
#5368=ORIENTED_EDGE('',*,*,#3328,.F.);
#5369=ORIENTED_EDGE('',*,*,#3695,.F.);
#5370=ORIENTED_EDGE('',*,*,#3854,.F.);
#5371=ORIENTED_EDGE('',*,*,#3692,.T.);
#5372=ORIENTED_EDGE('',*,*,#3627,.F.);
#5373=ORIENTED_EDGE('',*,*,#3855,.F.);
#5374=ORIENTED_EDGE('',*,*,#3856,.F.);
#5375=ORIENTED_EDGE('',*,*,#3855,.T.);
#5376=ORIENTED_EDGE('',*,*,#3626,.F.);
#5377=ORIENTED_EDGE('',*,*,#3857,.F.);
#5378=ORIENTED_EDGE('',*,*,#3731,.T.);
#5379=ORIENTED_EDGE('',*,*,#3858,.F.);
#5380=ORIENTED_EDGE('',*,*,#3857,.T.);
#5381=ORIENTED_EDGE('',*,*,#3625,.F.);
#5382=ORIENTED_EDGE('',*,*,#3726,.T.);
#5383=ORIENTED_EDGE('',*,*,#3601,.F.);
#5384=ORIENTED_EDGE('',*,*,#3747,.T.);
#5385=ORIENTED_EDGE('',*,*,#3283,.F.);
#5386=ORIENTED_EDGE('',*,*,#3859,.F.);
#5387=ORIENTED_EDGE('',*,*,#3775,.T.);
#5388=ORIENTED_EDGE('',*,*,#3650,.F.);
#5389=ORIENTED_EDGE('',*,*,#3860,.F.);
#5390=ORIENTED_EDGE('',*,*,#3861,.F.);
#5391=ORIENTED_EDGE('',*,*,#3860,.T.);
#5392=ORIENTED_EDGE('',*,*,#3649,.F.);
#5393=ORIENTED_EDGE('',*,*,#3862,.F.);
#5394=ORIENTED_EDGE('',*,*,#3863,.F.);
#5395=ORIENTED_EDGE('',*,*,#3862,.T.);
#5396=ORIENTED_EDGE('',*,*,#3648,.F.);
#5397=ORIENTED_EDGE('',*,*,#3864,.F.);
#5398=ORIENTED_EDGE('',*,*,#3865,.F.);
#5399=ORIENTED_EDGE('',*,*,#3864,.T.);
#5400=ORIENTED_EDGE('',*,*,#3647,.F.);
#5401=ORIENTED_EDGE('',*,*,#3866,.F.);
#5402=ORIENTED_EDGE('',*,*,#3867,.F.);
#5403=ORIENTED_EDGE('',*,*,#3866,.T.);
#5404=ORIENTED_EDGE('',*,*,#3646,.F.);
#5405=ORIENTED_EDGE('',*,*,#3849,.F.);
#5406=ORIENTED_EDGE('',*,*,#3783,.T.);
#5407=ORIENTED_EDGE('',*,*,#3847,.F.);
#5408=ORIENTED_EDGE('',*,*,#3808,.T.);
#5409=ORIENTED_EDGE('',*,*,#3397,.F.);
#5410=ORIENTED_EDGE('',*,*,#3868,.F.);
#5411=ORIENTED_EDGE('',*,*,#3850,.T.);
#5412=ORIENTED_EDGE('',*,*,#3637,.F.);
#5413=ORIENTED_EDGE('',*,*,#3869,.F.);
#5414=ORIENTED_EDGE('',*,*,#3870,.F.);
#5415=ORIENTED_EDGE('',*,*,#3869,.T.);
#5416=ORIENTED_EDGE('',*,*,#3636,.F.);
#5417=ORIENTED_EDGE('',*,*,#3871,.F.);
#5418=ORIENTED_EDGE('',*,*,#3872,.F.);
#5419=ORIENTED_EDGE('',*,*,#3871,.T.);
#5420=ORIENTED_EDGE('',*,*,#3635,.F.);
#5421=ORIENTED_EDGE('',*,*,#3672,.F.);
#5422=ORIENTED_EDGE('',*,*,#3656,.T.);
#5423=ORIENTED_EDGE('',*,*,#3446,.F.);
#5424=ORIENTED_EDGE('',*,*,#3674,.F.);
#5425=ORIENTED_EDGE('',*,*,#3873,.F.);
#5426=ORIENTED_EDGE('',*,*,#3663,.T.);
#5427=ORIENTED_EDGE('',*,*,#3492,.F.);
#5428=ORIENTED_EDGE('',*,*,#3874,.F.);
#5429=ORIENTED_EDGE('',*,*,#3875,.F.);
#5430=ORIENTED_EDGE('',*,*,#3876,.F.);
#5431=ORIENTED_EDGE('',*,*,#3874,.T.);
#5432=ORIENTED_EDGE('',*,*,#3491,.F.);
#5433=ORIENTED_EDGE('',*,*,#3877,.F.);
#5434=ORIENTED_EDGE('',*,*,#3878,.F.);
#5435=ORIENTED_EDGE('',*,*,#3877,.T.);
#5436=ORIENTED_EDGE('',*,*,#3490,.F.);
#5437=ORIENTED_EDGE('',*,*,#3879,.F.);
#5438=ORIENTED_EDGE('',*,*,#3880,.F.);
#5439=ORIENTED_EDGE('',*,*,#3879,.T.);
#5440=ORIENTED_EDGE('',*,*,#3489,.F.);
#5441=ORIENTED_EDGE('',*,*,#3552,.F.);
#5442=ORIENTED_EDGE('',*,*,#3881,.F.);
#5443=ORIENTED_EDGE('',*,*,#3567,.F.);
#5444=ORIENTED_EDGE('',*,*,#3882,.F.);
#5445=ORIENTED_EDGE('',*,*,#3883,.F.);
#5446=ORIENTED_EDGE('',*,*,#3884,.F.);
#5447=ORIENTED_EDGE('',*,*,#3882,.T.);
#5448=ORIENTED_EDGE('',*,*,#3566,.F.);
#5449=ORIENTED_EDGE('',*,*,#3885,.F.);
#5450=ORIENTED_EDGE('',*,*,#3886,.F.);
#5451=ORIENTED_EDGE('',*,*,#3885,.T.);
#5452=ORIENTED_EDGE('',*,*,#3565,.F.);
#5453=ORIENTED_EDGE('',*,*,#3887,.F.);
#5454=ORIENTED_EDGE('',*,*,#3888,.F.);
#5455=ORIENTED_EDGE('',*,*,#3887,.T.);
#5456=ORIENTED_EDGE('',*,*,#3564,.F.);
#5457=ORIENTED_EDGE('',*,*,#3721,.F.);
#5458=ORIENTED_EDGE('',*,*,#3698,.T.);
#5459=ORIENTED_EDGE('',*,*,#3358,.F.);
#5460=ORIENTED_EDGE('',*,*,#3708,.T.);
#5461=ORIENTED_EDGE('',*,*,#3889,.F.);
#5462=ORIENTED_EDGE('',*,*,#3890,.F.);
#5463=ORIENTED_EDGE('',*,*,#3724,.T.);
#5464=ORIENTED_EDGE('',*,*,#3620,.F.);
#5465=ORIENTED_EDGE('',*,*,#3697,.F.);
#5466=ORIENTED_EDGE('',*,*,#3689,.T.);
#5467=ORIENTED_EDGE('',*,*,#3329,.F.);
#5468=ORIENTED_EDGE('',*,*,#3853,.F.);
#5469=ORIENTED_EDGE('',*,*,#3891,.F.);
#5470=ORIENTED_EDGE('',*,*,#3501,.T.);
#5471=ORIENTED_EDGE('',*,*,#3892,.T.);
#5472=ORIENTED_EDGE('',*,*,#3472,.F.);
#5473=ORIENTED_EDGE('',*,*,#3485,.F.);
#5474=ORIENTED_EDGE('',*,*,#3500,.T.);
#5475=ORIENTED_EDGE('',*,*,#3893,.T.);
#5476=ORIENTED_EDGE('',*,*,#3473,.F.);
#5477=ORIENTED_EDGE('',*,*,#3892,.F.);
#5478=ORIENTED_EDGE('',*,*,#3499,.T.);
#5479=ORIENTED_EDGE('',*,*,#3894,.T.);
#5480=ORIENTED_EDGE('',*,*,#3474,.F.);
#5481=ORIENTED_EDGE('',*,*,#3893,.F.);
#5482=ORIENTED_EDGE('',*,*,#3498,.T.);
#5483=ORIENTED_EDGE('',*,*,#3895,.T.);
#5484=ORIENTED_EDGE('',*,*,#3475,.F.);
#5485=ORIENTED_EDGE('',*,*,#3894,.F.);
#5486=ORIENTED_EDGE('',*,*,#3497,.T.);
#5487=ORIENTED_EDGE('',*,*,#3516,.T.);
#5488=ORIENTED_EDGE('',*,*,#3520,.T.);
#5489=ORIENTED_EDGE('',*,*,#3896,.T.);
#5490=ORIENTED_EDGE('',*,*,#3476,.F.);
#5491=ORIENTED_EDGE('',*,*,#3895,.F.);
#5492=ORIENTED_EDGE('',*,*,#3545,.T.);
#5493=ORIENTED_EDGE('',*,*,#3897,.T.);
#5494=ORIENTED_EDGE('',*,*,#3477,.F.);
#5495=ORIENTED_EDGE('',*,*,#3896,.F.);
#5496=ORIENTED_EDGE('',*,*,#3544,.T.);
#5497=ORIENTED_EDGE('',*,*,#3898,.T.);
#5498=ORIENTED_EDGE('',*,*,#3478,.F.);
#5499=ORIENTED_EDGE('',*,*,#3897,.F.);
#5500=ORIENTED_EDGE('',*,*,#3543,.T.);
#5501=ORIENTED_EDGE('',*,*,#3591,.T.);
#5502=ORIENTED_EDGE('',*,*,#3557,.T.);
#5503=ORIENTED_EDGE('',*,*,#3881,.T.);
#5504=ORIENTED_EDGE('',*,*,#3899,.F.);
#5505=ORIENTED_EDGE('',*,*,#3900,.T.);
#5506=ORIENTED_EDGE('',*,*,#3479,.F.);
#5507=ORIENTED_EDGE('',*,*,#3898,.F.);
#5508=ORIENTED_EDGE('',*,*,#3487,.F.);
#5509=ORIENTED_EDGE('',*,*,#3460,.F.);
#5510=ORIENTED_EDGE('',*,*,#3482,.F.);
#5511=ORIENTED_EDGE('',*,*,#3901,.F.);
#5512=ORIENTED_EDGE('',*,*,#3902,.T.);
#5513=ORIENTED_EDGE('',*,*,#3550,.T.);
#5514=ORIENTED_EDGE('',*,*,#3903,.T.);
#5515=ORIENTED_EDGE('',*,*,#3901,.T.);
#5516=ORIENTED_EDGE('',*,*,#3481,.F.);
#5517=ORIENTED_EDGE('',*,*,#3904,.F.);
#5518=ORIENTED_EDGE('',*,*,#3546,.T.);
#5519=ORIENTED_EDGE('',*,*,#3905,.T.);
#5520=ORIENTED_EDGE('',*,*,#3904,.T.);
#5521=ORIENTED_EDGE('',*,*,#3480,.F.);
#5522=ORIENTED_EDGE('',*,*,#3900,.F.);
#5523=ORIENTED_EDGE('',*,*,#3906,.T.);
#5524=ORIENTED_EDGE('',*,*,#3553,.T.);
#5525=ORIENTED_EDGE('',*,*,#3556,.T.);
#5526=ORIENTED_EDGE('',*,*,#3902,.F.);
#5527=ORIENTED_EDGE('',*,*,#3903,.F.);
#5528=ORIENTED_EDGE('',*,*,#3905,.F.);
#5529=ORIENTED_EDGE('',*,*,#3549,.T.);
#5530=ORIENTED_EDGE('',*,*,#3554,.T.);
#5531=ORIENTED_EDGE('',*,*,#3906,.F.);
#5532=ORIENTED_EDGE('',*,*,#3899,.T.);
#5533=ORIENTED_EDGE('',*,*,#3883,.T.);
#5534=ORIENTED_EDGE('',*,*,#3884,.T.);
#5535=ORIENTED_EDGE('',*,*,#3886,.T.);
#5536=ORIENTED_EDGE('',*,*,#3888,.T.);
#5537=ORIENTED_EDGE('',*,*,#3720,.T.);
#5538=ORIENTED_EDGE('',*,*,#3704,.F.);
#5539=ORIENTED_EDGE('',*,*,#3716,.T.);
#5540=ORIENTED_EDGE('',*,*,#3699,.T.);
#5541=ORIENTED_EDGE('',*,*,#3889,.T.);
#5542=ORIENTED_EDGE('',*,*,#3707,.F.);
#5543=ORIENTED_EDGE('',*,*,#3709,.F.);
#5544=ORIENTED_EDGE('',*,*,#3712,.F.);
#5545=ORIENTED_EDGE('',*,*,#3719,.T.);
#5546=ORIENTED_EDGE('',*,*,#3723,.T.);
#5547=ORIENTED_EDGE('',*,*,#3713,.F.);
#5548=ORIENTED_EDGE('',*,*,#3616,.T.);
#5549=ORIENTED_EDGE('',*,*,#3725,.T.);
#5550=ORIENTED_EDGE('',*,*,#3890,.T.);
#5551=ORIENTED_EDGE('',*,*,#3696,.T.);
#5552=ORIENTED_EDGE('',*,*,#3690,.F.);
#5553=ORIENTED_EDGE('',*,*,#3891,.T.);
#5554=ORIENTED_EDGE('',*,*,#3852,.T.);
#5555=ORIENTED_EDGE('',*,*,#3694,.T.);
#5556=ORIENTED_EDGE('',*,*,#3681,.F.);
#5557=ORIENTED_EDGE('',*,*,#3684,.T.);
#5558=ORIENTED_EDGE('',*,*,#3693,.T.);
#5559=ORIENTED_EDGE('',*,*,#3854,.T.);
#5560=ORIENTED_EDGE('',*,*,#3856,.T.);
#5561=ORIENTED_EDGE('',*,*,#3858,.T.);
#5562=ORIENTED_EDGE('',*,*,#3730,.T.);
#5563=ORIENTED_EDGE('',*,*,#3772,.T.);
#5564=ORIENTED_EDGE('',*,*,#3769,.T.);
#5565=ORIENTED_EDGE('',*,*,#3766,.T.);
#5566=ORIENTED_EDGE('',*,*,#3763,.T.);
#5567=ORIENTED_EDGE('',*,*,#3759,.T.);
#5568=ORIENTED_EDGE('',*,*,#3776,.T.);
#5569=ORIENTED_EDGE('',*,*,#3859,.T.);
#5570=ORIENTED_EDGE('',*,*,#3861,.T.);
#5571=ORIENTED_EDGE('',*,*,#3863,.T.);
#5572=ORIENTED_EDGE('',*,*,#3865,.T.);
#5573=ORIENTED_EDGE('',*,*,#3867,.T.);
#5574=ORIENTED_EDGE('',*,*,#3848,.T.);
#5575=ORIENTED_EDGE('',*,*,#3788,.T.);
#5576=ORIENTED_EDGE('',*,*,#3843,.T.);
#5577=ORIENTED_EDGE('',*,*,#3840,.T.);
#5578=ORIENTED_EDGE('',*,*,#3837,.T.);
#5579=ORIENTED_EDGE('',*,*,#3834,.T.);
#5580=ORIENTED_EDGE('',*,*,#3829,.T.);
#5581=ORIENTED_EDGE('',*,*,#3851,.T.);
#5582=ORIENTED_EDGE('',*,*,#3868,.T.);
#5583=ORIENTED_EDGE('',*,*,#3870,.T.);
#5584=ORIENTED_EDGE('',*,*,#3872,.T.);
#5585=ORIENTED_EDGE('',*,*,#3671,.T.);
#5586=ORIENTED_EDGE('',*,*,#3669,.F.);
#5587=ORIENTED_EDGE('',*,*,#3657,.T.);
#5588=ORIENTED_EDGE('',*,*,#3873,.T.);
#5589=ORIENTED_EDGE('',*,*,#3673,.T.);
#5590=ORIENTED_EDGE('',*,*,#3667,.F.);
#5591=ORIENTED_EDGE('',*,*,#3664,.T.);
#5592=ORIENTED_EDGE('',*,*,#3875,.T.);
#5593=ORIENTED_EDGE('',*,*,#3876,.T.);
#5594=ORIENTED_EDGE('',*,*,#3878,.T.);
#5595=ORIENTED_EDGE('',*,*,#3880,.T.);
#5596=ORIENTED_EDGE('',*,*,#3551,.T.);
#5597=ORIENTED_EDGE('',*,*,#3144,.T.);
#5598=ORIENTED_EDGE('',*,*,#3141,.T.);
#5599=ORIENTED_EDGE('',*,*,#3138,.T.);
#5600=ORIENTED_EDGE('',*,*,#3135,.T.);
#5601=ORIENTED_EDGE('',*,*,#3132,.T.);
#5602=ORIENTED_EDGE('',*,*,#3153,.T.);
#5603=ORIENTED_EDGE('',*,*,#3150,.T.);
#5604=ORIENTED_EDGE('',*,*,#3147,.T.);
#5605=ORIENTED_EDGE('',*,*,#3120,.T.);
#5606=ORIENTED_EDGE('',*,*,#3117,.T.);
#5607=ORIENTED_EDGE('',*,*,#3114,.T.);
#5608=ORIENTED_EDGE('',*,*,#3111,.T.);
#5609=ORIENTED_EDGE('',*,*,#3108,.T.);
#5610=ORIENTED_EDGE('',*,*,#3129,.T.);
#5611=ORIENTED_EDGE('',*,*,#3126,.T.);
#5612=ORIENTED_EDGE('',*,*,#3123,.T.);
#5613=ORIENTED_EDGE('',*,*,#3096,.T.);
#5614=ORIENTED_EDGE('',*,*,#3093,.T.);
#5615=ORIENTED_EDGE('',*,*,#3090,.T.);
#5616=ORIENTED_EDGE('',*,*,#3087,.T.);
#5617=ORIENTED_EDGE('',*,*,#3084,.T.);
#5618=ORIENTED_EDGE('',*,*,#3105,.T.);
#5619=ORIENTED_EDGE('',*,*,#3102,.T.);
#5620=ORIENTED_EDGE('',*,*,#3099,.T.);
#5621=ORIENTED_EDGE('',*,*,#3072,.T.);
#5622=ORIENTED_EDGE('',*,*,#3069,.T.);
#5623=ORIENTED_EDGE('',*,*,#3066,.T.);
#5624=ORIENTED_EDGE('',*,*,#3063,.T.);
#5625=ORIENTED_EDGE('',*,*,#3060,.T.);
#5626=ORIENTED_EDGE('',*,*,#3081,.T.);
#5627=ORIENTED_EDGE('',*,*,#3078,.T.);
#5628=ORIENTED_EDGE('',*,*,#3075,.T.);
#5629=CYLINDRICAL_SURFACE('',#6041,1.75000000000001);
#5630=CYLINDRICAL_SURFACE('',#6045,1.75000000000001);
#5631=CYLINDRICAL_SURFACE('',#6049,1.75000000000001);
#5632=CYLINDRICAL_SURFACE('',#6053,1.75000000000001);
#5633=CYLINDRICAL_SURFACE('',#6058,1.59999999999997);
#5634=CYLINDRICAL_SURFACE('',#6062,1.59999999999998);
#5635=CYLINDRICAL_SURFACE('',#6066,1.59999999999998);
#5636=CYLINDRICAL_SURFACE('',#6070,1.59999999999997);
#5637=CYLINDRICAL_SURFACE('',#6074,1.59999999999998);
#5638=CYLINDRICAL_SURFACE('',#6078,1.59999999999998);
#5639=CYLINDRICAL_SURFACE('',#6082,1.59999999999998);
#5640=CYLINDRICAL_SURFACE('',#6086,1.59999999999998);
#5641=CYLINDRICAL_SURFACE('',#6090,1.59999999999998);
#5642=CYLINDRICAL_SURFACE('',#6094,1.59999999999998);
#5643=CYLINDRICAL_SURFACE('',#6098,1.59999999999998);
#5644=CYLINDRICAL_SURFACE('',#6102,1.59999999999998);
#5645=CYLINDRICAL_SURFACE('',#6106,1.59999999999998);
#5646=CYLINDRICAL_SURFACE('',#6110,1.59999999999998);
#5647=CYLINDRICAL_SURFACE('',#6114,1.59999999999997);
#5648=CYLINDRICAL_SURFACE('',#6118,1.59999999999997);
#5649=CYLINDRICAL_SURFACE('',#6121,1.75000000000001);
#5650=CYLINDRICAL_SURFACE('',#6125,1.75000000000001);
#5651=CYLINDRICAL_SURFACE('',#6129,1.75000000000001);
#5652=CYLINDRICAL_SURFACE('',#6133,1.75000000000001);
#5653=CYLINDRICAL_SURFACE('',#6140,1.75000000000001);
#5654=CYLINDRICAL_SURFACE('',#6143,1.74999999999997);
#5655=CYLINDRICAL_SURFACE('',#6147,1.75000000000001);
#5656=CYLINDRICAL_SURFACE('',#6154,1.74999999999999);
#5657=CYLINDRICAL_SURFACE('',#6157,1.75);
#5658=CYLINDRICAL_SURFACE('',#6161,1.75);
#5659=CYLINDRICAL_SURFACE('',#6167,1.75);
#5660=CYLINDRICAL_SURFACE('',#6174,1.75);
#5661=CYLINDRICAL_SURFACE('',#6177,1.75);
#5662=CYLINDRICAL_SURFACE('',#6181,1.75);
#5663=CYLINDRICAL_SURFACE('',#6185,1.75);
#5664=CYLINDRICAL_SURFACE('',#6189,1.75000000000001);
#5665=CYLINDRICAL_SURFACE('',#6193,1.74999999999999);
#5666=CYLINDRICAL_SURFACE('',#6197,1.75);
#5667=CYLINDRICAL_SURFACE('',#6201,1.74999999999997);
#5668=CYLINDRICAL_SURFACE('',#6205,1.75000000000001);
#5669=CYLINDRICAL_SURFACE('',#6209,1.74999999999997);
#5670=CYLINDRICAL_SURFACE('',#6213,1.75000000000001);
#5671=CYLINDRICAL_SURFACE('',#6217,1.75000000000001);
#5672=CYLINDRICAL_SURFACE('',#6221,1.75000000000001);
#5673=CYLINDRICAL_SURFACE('',#6357,2.5);
#5674=CYLINDRICAL_SURFACE('',#6383,2.49999999999999);
#5675=CYLINDRICAL_SURFACE('',#6384,2.5);
#5676=CYLINDRICAL_SURFACE('',#6388,2.5);
#5677=CYLINDRICAL_SURFACE('',#6390,2.5);
#5678=CYLINDRICAL_SURFACE('',#6397,2.5);
#5679=CYLINDRICAL_SURFACE('',#6399,2.5);
#5680=CYLINDRICAL_SURFACE('',#6402,2.5);
#5681=CYLINDRICAL_SURFACE('',#6404,2.49999999999999);
#5682=CYLINDRICAL_SURFACE('',#6408,42.793106921559);
#5683=CYLINDRICAL_SURFACE('',#6411,2.5);
#5684=CYLINDRICAL_SURFACE('',#6414,2.49999999999999);
#5685=CYLINDRICAL_SURFACE('',#6417,2.5);
#5686=CYLINDRICAL_SURFACE('',#6426,42.793106921559);
#5687=CYLINDRICAL_SURFACE('',#6430,2.49999999999999);
#5688=CYLINDRICAL_SURFACE('',#6431,2.5);
#5689=CYLINDRICAL_SURFACE('',#6433,2.5);
#5690=CYLINDRICAL_SURFACE('',#6444,2.5);
#5691=CYLINDRICAL_SURFACE('',#6448,2.5);
#5692=CYLINDRICAL_SURFACE('',#6452,2.49999999999999);
#5693=CYLINDRICAL_SURFACE('',#6463,2.5);
#5694=CYLINDRICAL_SURFACE('',#6468,2.49999999999999);
#5695=CYLINDRICAL_SURFACE('',#6471,2.5);
#5696=CYLINDRICAL_SURFACE('',#6480,2.5);
#5697=CYLINDRICAL_SURFACE('',#6484,2.5);
#5698=CYLINDRICAL_SURFACE('',#6488,2.49999999999999);
#5699=CYLINDRICAL_SURFACE('',#6497,42.793106921559);
#5700=CYLINDRICAL_SURFACE('',#6500,42.7931069215592);
#5701=CYLINDRICAL_SURFACE('',#6503,42.7931069215592);
#5702=CYLINDRICAL_SURFACE('',#6507,42.7931069215592);
#5703=CYLINDRICAL_SURFACE('',#6510,42.7931069215592);
#5704=CYLINDRICAL_SURFACE('',#6515,42.793106921559);
#5705=CYLINDRICAL_SURFACE('',#6519,42.7931069215592);
#5706=CYLINDRICAL_SURFACE('',#6522,42.7931069215592);
#5707=CYLINDRICAL_SURFACE('',#6525,42.7931069215593);
#5708=CYLINDRICAL_SURFACE('',#6528,42.7931069215592);
#5709=CYLINDRICAL_SURFACE('',#6536,2.5);
#5710=CYLINDRICAL_SURFACE('',#6538,2.49999999999999);
#5711=CYLINDRICAL_SURFACE('',#6540,2.5);
#5712=CYLINDRICAL_SURFACE('',#6544,2.5);
#5713=ADVANCED_FACE('',(#282),#5629,.T.);
#5714=ADVANCED_FACE('',(#283),#52,.T.);
#5715=ADVANCED_FACE('',(#284),#5630,.T.);
#5716=ADVANCED_FACE('',(#285),#53,.T.);
#5717=ADVANCED_FACE('',(#286),#5631,.T.);
#5718=ADVANCED_FACE('',(#287),#54,.T.);
#5719=ADVANCED_FACE('',(#288),#5632,.T.);
#5720=ADVANCED_FACE('',(#289),#55,.T.);
#5721=ADVANCED_FACE('',(#290),#56,.F.);
#5722=ADVANCED_FACE('',(#291),#5633,.F.);
#5723=ADVANCED_FACE('',(#292),#57,.F.);
#5724=ADVANCED_FACE('',(#293),#5634,.F.);
#5725=ADVANCED_FACE('',(#294),#58,.F.);
#5726=ADVANCED_FACE('',(#295),#5635,.F.);
#5727=ADVANCED_FACE('',(#296),#59,.F.);
#5728=ADVANCED_FACE('',(#297),#5636,.F.);
#5729=ADVANCED_FACE('',(#298),#60,.F.);
#5730=ADVANCED_FACE('',(#299),#5637,.F.);
#5731=ADVANCED_FACE('',(#300),#61,.F.);
#5732=ADVANCED_FACE('',(#301),#5638,.F.);
#5733=ADVANCED_FACE('',(#302),#62,.F.);
#5734=ADVANCED_FACE('',(#303),#5639,.F.);
#5735=ADVANCED_FACE('',(#304),#63,.F.);
#5736=ADVANCED_FACE('',(#305),#5640,.F.);
#5737=ADVANCED_FACE('',(#306),#64,.F.);
#5738=ADVANCED_FACE('',(#307),#5641,.F.);
#5739=ADVANCED_FACE('',(#308),#65,.F.);
#5740=ADVANCED_FACE('',(#309),#5642,.F.);
#5741=ADVANCED_FACE('',(#310),#66,.F.);
#5742=ADVANCED_FACE('',(#311),#5643,.F.);
#5743=ADVANCED_FACE('',(#312),#67,.F.);
#5744=ADVANCED_FACE('',(#313),#5644,.F.);
#5745=ADVANCED_FACE('',(#314),#68,.F.);
#5746=ADVANCED_FACE('',(#315),#5645,.F.);
#5747=ADVANCED_FACE('',(#316),#69,.F.);
#5748=ADVANCED_FACE('',(#317),#5646,.F.);
#5749=ADVANCED_FACE('',(#318),#70,.F.);
#5750=ADVANCED_FACE('',(#319),#5647,.F.);
#5751=ADVANCED_FACE('',(#320),#71,.F.);
#5752=ADVANCED_FACE('',(#321),#5648,.F.);
#5753=ADVANCED_FACE('',(#322),#5649,.F.);
#5754=ADVANCED_FACE('',(#323),#72,.T.);
#5755=ADVANCED_FACE('',(#324),#5650,.F.);
#5756=ADVANCED_FACE('',(#325),#73,.T.);
#5757=ADVANCED_FACE('',(#326),#5651,.F.);
#5758=ADVANCED_FACE('',(#327),#74,.T.);
#5759=ADVANCED_FACE('',(#328),#5652,.F.);
#5760=ADVANCED_FACE('',(#329),#75,.T.);
#5761=ADVANCED_FACE('',(#330),#76,.T.);
#5762=ADVANCED_FACE('',(#331),#5653,.F.);
#5763=ADVANCED_FACE('',(#332),#5654,.F.);
#5764=ADVANCED_FACE('',(#333),#77,.T.);
#5765=ADVANCED_FACE('',(#334),#5655,.F.);
#5766=ADVANCED_FACE('',(#335),#78,.T.);
#5767=ADVANCED_FACE('',(#336),#79,.T.);
#5768=ADVANCED_FACE('',(#337),#5656,.F.);
#5769=ADVANCED_FACE('',(#338),#5657,.F.);
#5770=ADVANCED_FACE('',(#339),#80,.T.);
#5771=ADVANCED_FACE('',(#340),#5658,.F.);
#5772=ADVANCED_FACE('',(#341),#81,.T.);
#5773=ADVANCED_FACE('',(#342),#5659,.F.);
#5774=ADVANCED_FACE('',(#343),#82,.T.);
#5775=ADVANCED_FACE('',(#344),#83,.T.);
#5776=ADVANCED_FACE('',(#345),#5660,.F.);
#5777=ADVANCED_FACE('',(#346),#5661,.F.);
#5778=ADVANCED_FACE('',(#347),#84,.T.);
#5779=ADVANCED_FACE('',(#348),#5662,.F.);
#5780=ADVANCED_FACE('',(#349),#85,.T.);
#5781=ADVANCED_FACE('',(#350),#5663,.F.);
#5782=ADVANCED_FACE('',(#351),#86,.T.);
#5783=ADVANCED_FACE('',(#352),#5664,.F.);
#5784=ADVANCED_FACE('',(#353),#87,.T.);
#5785=ADVANCED_FACE('',(#354),#5665,.F.);
#5786=ADVANCED_FACE('',(#355),#88,.T.);
#5787=ADVANCED_FACE('',(#356),#5666,.F.);
#5788=ADVANCED_FACE('',(#357),#89,.T.);
#5789=ADVANCED_FACE('',(#358),#5667,.F.);
#5790=ADVANCED_FACE('',(#359),#90,.T.);
#5791=ADVANCED_FACE('',(#360),#5668,.F.);
#5792=ADVANCED_FACE('',(#361),#91,.T.);
#5793=ADVANCED_FACE('',(#362),#5669,.F.);
#5794=ADVANCED_FACE('',(#363),#92,.T.);
#5795=ADVANCED_FACE('',(#364),#5670,.F.);
#5796=ADVANCED_FACE('',(#365),#93,.T.);
#5797=ADVANCED_FACE('',(#366),#5671,.F.);
#5798=ADVANCED_FACE('',(#367),#94,.T.);
#5799=ADVANCED_FACE('',(#368),#5672,.F.);
#5800=ADVANCED_FACE('',(#369),#95,.T.);
#5801=ADVANCED_FACE('',(#370),#96,.T.);
#5802=ADVANCED_FACE('',(#371),#97,.T.);
#5803=ADVANCED_FACE('',(#372),#98,.T.);
#5804=ADVANCED_FACE('',(#373),#99,.T.);
#5805=ADVANCED_FACE('',(#374),#100,.T.);
#5806=ADVANCED_FACE('',(#375,#15,#16,#17,#18),#101,.T.);
#5807=ADVANCED_FACE('',(#376),#102,.T.);
#5808=ADVANCED_FACE('',(#377),#103,.T.);
#5809=ADVANCED_FACE('',(#378),#104,.T.);
#5810=ADVANCED_FACE('',(#379),#105,.T.);
#5811=ADVANCED_FACE('',(#380),#106,.T.);
#5812=ADVANCED_FACE('',(#381),#107,.T.);
#5813=ADVANCED_FACE('',(#382),#108,.T.);
#5814=ADVANCED_FACE('',(#383),#109,.T.);
#5815=ADVANCED_FACE('',(#384),#110,.T.);
#5816=ADVANCED_FACE('',(#385),#111,.T.);
#5817=ADVANCED_FACE('',(#386),#112,.T.);
#5818=ADVANCED_FACE('',(#387,#19,#20,#21,#22),#113,.T.);
#5819=ADVANCED_FACE('',(#388),#114,.T.);
#5820=ADVANCED_FACE('',(#389),#115,.T.);
#5821=ADVANCED_FACE('',(#390),#116,.T.);
#5822=ADVANCED_FACE('',(#391),#117,.T.);
#5823=ADVANCED_FACE('',(#392),#118,.T.);
#5824=ADVANCED_FACE('',(#393),#119,.T.);
#5825=ADVANCED_FACE('',(#394),#120,.T.);
#5826=ADVANCED_FACE('',(#395),#121,.T.);
#5827=ADVANCED_FACE('',(#396),#122,.T.);
#5828=ADVANCED_FACE('',(#397),#123,.T.);
#5829=ADVANCED_FACE('',(#398),#124,.T.);
#5830=ADVANCED_FACE('',(#399),#125,.T.);
#5831=ADVANCED_FACE('',(#400,#23,#24,#25,#26),#126,.T.);
#5832=ADVANCED_FACE('',(#401),#127,.T.);
#5833=ADVANCED_FACE('',(#402),#128,.T.);
#5834=ADVANCED_FACE('',(#403),#129,.T.);
#5835=ADVANCED_FACE('',(#404),#130,.T.);
#5836=ADVANCED_FACE('',(#405),#131,.T.);
#5837=ADVANCED_FACE('',(#406),#132,.T.);
#5838=ADVANCED_FACE('',(#407),#133,.T.);
#5839=ADVANCED_FACE('',(#408),#134,.T.);
#5840=ADVANCED_FACE('',(#409),#135,.T.);
#5841=ADVANCED_FACE('',(#410),#136,.T.);
#5842=ADVANCED_FACE('',(#411),#137,.T.);
#5843=ADVANCED_FACE('',(#412),#138,.T.);
#5844=ADVANCED_FACE('',(#413),#139,.T.);
#5845=ADVANCED_FACE('',(#414),#140,.T.);
#5846=ADVANCED_FACE('',(#415,#27,#28,#29,#30),#141,.T.);
#5847=ADVANCED_FACE('',(#416),#142,.T.);
#5848=ADVANCED_FACE('',(#417),#143,.T.);
#5849=ADVANCED_FACE('',(#418),#144,.T.);
#5850=ADVANCED_FACE('',(#419),#145,.T.);
#5851=ADVANCED_FACE('',(#420),#146,.T.);
#5852=ADVANCED_FACE('',(#421),#147,.T.);
#5853=ADVANCED_FACE('',(#422),#148,.T.);
#5854=ADVANCED_FACE('',(#423),#149,.T.);
#5855=ADVANCED_FACE('',(#424,#31,#32,#33,#34),#150,.T.);
#5856=ADVANCED_FACE('',(#425),#151,.T.);
#5857=ADVANCED_FACE('',(#426),#152,.T.);
#5858=ADVANCED_FACE('',(#427),#153,.T.);
#5859=ADVANCED_FACE('',(#428),#154,.T.);
#5860=ADVANCED_FACE('',(#429),#155,.T.);
#5861=ADVANCED_FACE('',(#430),#156,.T.);
#5862=ADVANCED_FACE('',(#431),#157,.T.);
#5863=ADVANCED_FACE('',(#432),#158,.T.);
#5864=ADVANCED_FACE('',(#433),#159,.T.);
#5865=ADVANCED_FACE('',(#434),#160,.T.);
#5866=ADVANCED_FACE('',(#435),#161,.T.);
#5867=ADVANCED_FACE('',(#436),#162,.T.);
#5868=ADVANCED_FACE('',(#437),#163,.T.);
#5869=ADVANCED_FACE('',(#438),#164,.T.);
#5870=ADVANCED_FACE('',(#439),#165,.T.);
#5871=ADVANCED_FACE('',(#440),#166,.T.);
#5872=ADVANCED_FACE('',(#441),#167,.T.);
#5873=ADVANCED_FACE('',(#442),#168,.T.);
#5874=ADVANCED_FACE('',(#443),#169,.T.);
#5875=ADVANCED_FACE('',(#444),#170,.T.);
#5876=ADVANCED_FACE('',(#445),#171,.T.);
#5877=ADVANCED_FACE('',(#446),#172,.T.);
#5878=ADVANCED_FACE('',(#447),#173,.T.);
#5879=ADVANCED_FACE('',(#448),#174,.T.);
#5880=ADVANCED_FACE('',(#449),#175,.T.);
#5881=ADVANCED_FACE('',(#450),#176,.T.);
#5882=ADVANCED_FACE('',(#451),#177,.T.);
#5883=ADVANCED_FACE('',(#452),#178,.T.);
#5884=ADVANCED_FACE('',(#453),#179,.T.);
#5885=ADVANCED_FACE('',(#454),#180,.T.);
#5886=ADVANCED_FACE('',(#455),#181,.T.);
#5887=ADVANCED_FACE('',(#456),#182,.T.);
#5888=ADVANCED_FACE('',(#457),#183,.T.);
#5889=ADVANCED_FACE('',(#458),#184,.T.);
#5890=ADVANCED_FACE('',(#459),#185,.T.);
#5891=ADVANCED_FACE('',(#460),#186,.T.);
#5892=ADVANCED_FACE('',(#461),#187,.T.);
#5893=ADVANCED_FACE('',(#462),#188,.T.);
#5894=ADVANCED_FACE('',(#463),#5673,.T.);
#5895=ADVANCED_FACE('',(#464),#189,.T.);
#5896=ADVANCED_FACE('',(#465),#190,.T.);
#5897=ADVANCED_FACE('',(#466,#35,#36,#37,#38,#39,#40,#41,#42),#191,.T.);
#5898=ADVANCED_FACE('',(#467),#192,.T.);
#5899=ADVANCED_FACE('',(#468),#193,.T.);
#5900=ADVANCED_FACE('',(#469),#194,.T.);
#5901=ADVANCED_FACE('',(#470),#195,.T.);
#5902=ADVANCED_FACE('',(#471),#196,.T.);
#5903=ADVANCED_FACE('',(#472),#5674,.T.);
#5904=ADVANCED_FACE('',(#473),#5675,.T.);
#5905=ADVANCED_FACE('',(#474),#197,.T.);
#5906=ADVANCED_FACE('',(#475),#198,.T.);
#5907=ADVANCED_FACE('',(#476),#199,.T.);
#5908=ADVANCED_FACE('',(#477),#5676,.T.);
#5909=ADVANCED_FACE('',(#478),#5677,.T.);
#5910=ADVANCED_FACE('',(#479),#200,.T.);
#5911=ADVANCED_FACE('',(#480),#201,.T.);
#5912=ADVANCED_FACE('',(#481),#202,.T.);
#5913=ADVANCED_FACE('',(#482),#203,.T.);
#5914=ADVANCED_FACE('',(#483),#204,.T.);
#5915=ADVANCED_FACE('',(#484),#5678,.T.);
#5916=ADVANCED_FACE('',(#485),#205,.T.);
#5917=ADVANCED_FACE('',(#486),#5679,.T.);
#5918=ADVANCED_FACE('',(#487),#206,.T.);
#5919=ADVANCED_FACE('',(#488),#5680,.T.);
#5920=ADVANCED_FACE('',(#489),#207,.T.);
#5921=ADVANCED_FACE('',(#490),#5681,.T.);
#5922=ADVANCED_FACE('',(#491),#208,.T.);
#5923=ADVANCED_FACE('',(#492),#209,.T.);
#5924=ADVANCED_FACE('',(#493),#210,.T.);
#5925=ADVANCED_FACE('',(#494),#5682,.F.);
#5926=ADVANCED_FACE('',(#495),#211,.T.);
#5927=ADVANCED_FACE('',(#496),#5683,.T.);
#5928=ADVANCED_FACE('',(#497),#212,.T.);
#5929=ADVANCED_FACE('',(#498),#5684,.T.);
#5930=ADVANCED_FACE('',(#499),#213,.T.);
#5931=ADVANCED_FACE('',(#500),#214,.T.);
#5932=ADVANCED_FACE('',(#501),#5685,.T.);
#5933=ADVANCED_FACE('',(#502),#215,.T.);
#5934=ADVANCED_FACE('',(#503),#216,.T.);
#5935=ADVANCED_FACE('',(#504),#217,.T.);
#5936=ADVANCED_FACE('',(#505),#218,.T.);
#5937=ADVANCED_FACE('',(#506),#219,.T.);
#5938=ADVANCED_FACE('',(#507),#5686,.F.);
#5939=ADVANCED_FACE('',(#508),#220,.T.);
#5940=ADVANCED_FACE('',(#509),#221,.T.);
#5941=ADVANCED_FACE('',(#510),#5687,.T.);
#5942=ADVANCED_FACE('',(#511),#5688,.T.);
#5943=ADVANCED_FACE('',(#512),#222,.T.);
#5944=ADVANCED_FACE('',(#513,#43),#5689,.T.);
#5945=ADVANCED_FACE('',(#514),#223,.T.);
#5946=ADVANCED_FACE('',(#515),#224,.T.);
#5947=ADVANCED_FACE('',(#516),#225,.T.);
#5948=ADVANCED_FACE('',(#517),#226,.T.);
#5949=ADVANCED_FACE('',(#518),#227,.T.);
#5950=ADVANCED_FACE('',(#519),#228,.T.);
#5951=ADVANCED_FACE('',(#520),#229,.T.);
#5952=ADVANCED_FACE('',(#521),#5690,.T.);
#5953=ADVANCED_FACE('',(#522),#230,.T.);
#5954=ADVANCED_FACE('',(#523),#5691,.T.);
#5955=ADVANCED_FACE('',(#524),#231,.T.);
#5956=ADVANCED_FACE('',(#525),#5692,.T.);
#5957=ADVANCED_FACE('',(#526),#232,.T.);
#5958=ADVANCED_FACE('',(#527),#233,.F.);
#5959=ADVANCED_FACE('',(#528),#234,.T.);
#5960=ADVANCED_FACE('',(#529),#235,.T.);
#5961=ADVANCED_FACE('',(#530),#236,.T.);
#5962=ADVANCED_FACE('',(#531),#237,.T.);
#5963=ADVANCED_FACE('',(#532),#238,.T.);
#5964=ADVANCED_FACE('',(#533),#239,.T.);
#5965=ADVANCED_FACE('',(#534),#5693,.T.);
#5966=ADVANCED_FACE('',(#535),#240,.T.);
#5967=ADVANCED_FACE('',(#536),#5694,.T.);
#5968=ADVANCED_FACE('',(#537),#241,.T.);
#5969=ADVANCED_FACE('',(#538),#5695,.T.);
#5970=ADVANCED_FACE('',(#539),#242,.T.);
#5971=ADVANCED_FACE('',(#540),#243,.T.);
#5972=ADVANCED_FACE('',(#541),#244,.T.);
#5973=ADVANCED_FACE('',(#542),#245,.T.);
#5974=ADVANCED_FACE('',(#543),#246,.T.);
#5975=ADVANCED_FACE('',(#544),#247,.T.);
#5976=ADVANCED_FACE('',(#545),#248,.T.);
#5977=ADVANCED_FACE('',(#546),#5696,.T.);
#5978=ADVANCED_FACE('',(#547),#249,.T.);
#5979=ADVANCED_FACE('',(#548),#5697,.T.);
#5980=ADVANCED_FACE('',(#549),#250,.T.);
#5981=ADVANCED_FACE('',(#550),#5698,.T.);
#5982=ADVANCED_FACE('',(#551),#251,.T.);
#5983=ADVANCED_FACE('',(#552),#252,.T.);
#5984=ADVANCED_FACE('',(#553,#44,#45,#46,#47),#253,.T.);
#5985=ADVANCED_FACE('',(#554),#254,.F.);
#5986=ADVANCED_FACE('',(#555),#255,.T.);
#5987=ADVANCED_FACE('',(#556),#256,.T.);
#5988=ADVANCED_FACE('',(#557),#5699,.F.);
#5989=ADVANCED_FACE('',(#558),#257,.T.);
#5990=ADVANCED_FACE('',(#559),#5700,.F.);
#5991=ADVANCED_FACE('',(#560),#258,.T.);
#5992=ADVANCED_FACE('',(#561),#5701,.F.);
#5993=ADVANCED_FACE('',(#562),#259,.T.);
#5994=ADVANCED_FACE('',(#563),#260,.T.);
#5995=ADVANCED_FACE('',(#564),#5702,.F.);
#5996=ADVANCED_FACE('',(#565),#261,.T.);
#5997=ADVANCED_FACE('',(#566),#5703,.F.);
#5998=ADVANCED_FACE('',(#567),#262,.T.);
#5999=ADVANCED_FACE('',(#568),#263,.T.);
#6000=ADVANCED_FACE('',(#569),#264,.T.);
#6001=ADVANCED_FACE('',(#570),#5704,.F.);
#6002=ADVANCED_FACE('',(#571),#265,.T.);
#6003=ADVANCED_FACE('',(#572),#266,.T.);
#6004=ADVANCED_FACE('',(#573),#5705,.F.);
#6005=ADVANCED_FACE('',(#574),#267,.T.);
#6006=ADVANCED_FACE('',(#575),#5706,.F.);
#6007=ADVANCED_FACE('',(#576),#268,.T.);
#6008=ADVANCED_FACE('',(#577),#5707,.F.);
#6009=ADVANCED_FACE('',(#578),#269,.T.);
#6010=ADVANCED_FACE('',(#579),#5708,.F.);
#6011=ADVANCED_FACE('',(#580),#270,.T.);
#6012=ADVANCED_FACE('',(#581),#271,.T.);
#6013=ADVANCED_FACE('',(#582),#272,.T.);
#6014=ADVANCED_FACE('',(#583),#273,.T.);
#6015=ADVANCED_FACE('',(#584),#274,.T.);
#6016=ADVANCED_FACE('',(#585),#275,.T.);
#6017=ADVANCED_FACE('',(#586),#5709,.T.);
#6018=ADVANCED_FACE('',(#587),#276,.T.);
#6019=ADVANCED_FACE('',(#588),#5710,.T.);
#6020=ADVANCED_FACE('',(#589),#277,.T.);
#6021=ADVANCED_FACE('',(#590),#5711,.T.);
#6022=ADVANCED_FACE('',(#591),#278,.T.);
#6023=ADVANCED_FACE('',(#592),#279,.T.);
#6024=ADVANCED_FACE('',(#593),#280,.T.);
#6025=ADVANCED_FACE('',(#594),#5712,.T.);
#6026=ADVANCED_FACE('',(#595,#48,#49,#50,#51),#281,.F.);
#6027=CLOSED_SHELL('',(#5713,#5714,#5715,#5716,#5717,#5718,#5719,#5720,
#5721,#5722,#5723,#5724,#5725,#5726,#5727,#5728,#5729,#5730,#5731,#5732,
#5733,#5734,#5735,#5736,#5737,#5738,#5739,#5740,#5741,#5742,#5743,#5744,
#5745,#5746,#5747,#5748,#5749,#5750,#5751,#5752,#5753,#5754,#5755,#5756,
#5757,#5758,#5759,#5760,#5761,#5762,#5763,#5764,#5765,#5766,#5767,#5768,
#5769,#5770,#5771,#5772,#5773,#5774,#5775,#5776,#5777,#5778,#5779,#5780,
#5781,#5782,#5783,#5784,#5785,#5786,#5787,#5788,#5789,#5790,#5791,#5792,
#5793,#5794,#5795,#5796,#5797,#5798,#5799,#5800,#5801,#5802,#5803,#5804,
#5805,#5806,#5807,#5808,#5809,#5810,#5811,#5812,#5813,#5814,#5815,#5816,
#5817,#5818,#5819,#5820,#5821,#5822,#5823,#5824,#5825,#5826,#5827,#5828,
#5829,#5830,#5831,#5832,#5833,#5834,#5835,#5836,#5837,#5838,#5839,#5840,
#5841,#5842,#5843,#5844,#5845,#5846,#5847,#5848,#5849,#5850,#5851,#5852,
#5853,#5854,#5855,#5856,#5857,#5858,#5859,#5860,#5861,#5862,#5863,#5864,
#5865,#5866,#5867,#5868,#5869,#5870,#5871,#5872,#5873,#5874,#5875,#5876,
#5877,#5878,#5879,#5880,#5881,#5882,#5883,#5884,#5885,#5886,#5887,#5888,
#5889,#5890,#5891,#5892,#5893,#5894,#5895,#5896,#5897,#5898,#5899,#5900,
#5901,#5902,#5903,#5904,#5905,#5906,#5907,#5908,#5909,#5910,#5911,#5912,
#5913,#5914,#5915,#5916,#5917,#5918,#5919,#5920,#5921,#5922,#5923,#5924,
#5925,#5926,#5927,#5928,#5929,#5930,#5931,#5932,#5933,#5934,#5935,#5936,
#5937,#5938,#5939,#5940,#5941,#5942,#5943,#5944,#5945,#5946,#5947,#5948,
#5949,#5950,#5951,#5952,#5953,#5954,#5955,#5956,#5957,#5958,#5959,#5960,
#5961,#5962,#5963,#5964,#5965,#5966,#5967,#5968,#5969,#5970,#5971,#5972,
#5973,#5974,#5975,#5976,#5977,#5978,#5979,#5980,#5981,#5982,#5983,#5984,
#5985,#5986,#5987,#5988,#5989,#5990,#5991,#5992,#5993,#5994,#5995,#5996,
#5997,#5998,#5999,#6000,#6001,#6002,#6003,#6004,#6005,#6006,#6007,#6008,
#6009,#6010,#6011,#6012,#6013,#6014,#6015,#6016,#6017,#6018,#6019,#6020,
#6021,#6022,#6023,#6024,#6025,#6026));
#6028=DERIVED_UNIT_ELEMENT(#6030,1.);
#6029=DERIVED_UNIT_ELEMENT(#9983,-3.);
#6030=(
MASS_UNIT()
NAMED_UNIT(*)
SI_UNIT(.KILO.,.GRAM.)
);
#6031=DERIVED_UNIT((#6028,#6029));
#6032=MEASURE_REPRESENTATION_ITEM('density measure',
POSITIVE_RATIO_MEASURE(7850.),#6031);
#6033=PROPERTY_DEFINITION_REPRESENTATION(#6038,#6035);
#6034=PROPERTY_DEFINITION_REPRESENTATION(#6039,#6036);
#6035=REPRESENTATION('material name',(#6037),#9980);
#6036=REPRESENTATION('density',(#6032),#9980);
#6037=DESCRIPTIVE_REPRESENTATION_ITEM('Steel','Steel');
#6038=PROPERTY_DEFINITION('material property','material name',#9990);
#6039=PROPERTY_DEFINITION('material property','density of part',#9990);
#6040=AXIS2_PLACEMENT_3D('',#8232,#6548,#6549);
#6041=AXIS2_PLACEMENT_3D('',#8233,#6550,#6551);
#6042=AXIS2_PLACEMENT_3D('',#8235,#6552,#6553);
#6043=AXIS2_PLACEMENT_3D('',#8238,#6555,#6556);
#6044=AXIS2_PLACEMENT_3D('',#8239,#6557,#6558);
#6045=AXIS2_PLACEMENT_3D('',#8240,#6559,#6560);
#6046=AXIS2_PLACEMENT_3D('',#8242,#6561,#6562);
#6047=AXIS2_PLACEMENT_3D('',#8245,#6564,#6565);
#6048=AXIS2_PLACEMENT_3D('',#8246,#6566,#6567);
#6049=AXIS2_PLACEMENT_3D('',#8247,#6568,#6569);
#6050=AXIS2_PLACEMENT_3D('',#8249,#6570,#6571);
#6051=AXIS2_PLACEMENT_3D('',#8252,#6573,#6574);
#6052=AXIS2_PLACEMENT_3D('',#8253,#6575,#6576);
#6053=AXIS2_PLACEMENT_3D('',#8254,#6577,#6578);
#6054=AXIS2_PLACEMENT_3D('',#8256,#6579,#6580);
#6055=AXIS2_PLACEMENT_3D('',#8259,#6582,#6583);
#6056=AXIS2_PLACEMENT_3D('',#8260,#6584,#6585);
#6057=AXIS2_PLACEMENT_3D('',#8261,#6586,#6587);
#6058=AXIS2_PLACEMENT_3D('',#8270,#6592,#6593);
#6059=AXIS2_PLACEMENT_3D('',#8272,#6594,#6595);
#6060=AXIS2_PLACEMENT_3D('',#8274,#6596,#6597);
#6061=AXIS2_PLACEMENT_3D('',#8276,#6599,#6600);
#6062=AXIS2_PLACEMENT_3D('',#8282,#6604,#6605);
#6063=AXIS2_PLACEMENT_3D('',#8284,#6606,#6607);
#6064=AXIS2_PLACEMENT_3D('',#8286,#6608,#6609);
#6065=AXIS2_PLACEMENT_3D('',#8288,#6611,#6612);
#6066=AXIS2_PLACEMENT_3D('',#8294,#6616,#6617);
#6067=AXIS2_PLACEMENT_3D('',#8296,#6618,#6619);
#6068=AXIS2_PLACEMENT_3D('',#8298,#6620,#6621);
#6069=AXIS2_PLACEMENT_3D('',#8300,#6623,#6624);
#6070=AXIS2_PLACEMENT_3D('',#8306,#6628,#6629);
#6071=AXIS2_PLACEMENT_3D('',#8307,#6630,#6631);
#6072=AXIS2_PLACEMENT_3D('',#8308,#6632,#6633);
#6073=AXIS2_PLACEMENT_3D('',#8309,#6634,#6635);
#6074=AXIS2_PLACEMENT_3D('',#8318,#6640,#6641);
#6075=AXIS2_PLACEMENT_3D('',#8320,#6642,#6643);
#6076=AXIS2_PLACEMENT_3D('',#8322,#6644,#6645);
#6077=AXIS2_PLACEMENT_3D('',#8324,#6647,#6648);
#6078=AXIS2_PLACEMENT_3D('',#8330,#6652,#6653);
#6079=AXIS2_PLACEMENT_3D('',#8332,#6654,#6655);
#6080=AXIS2_PLACEMENT_3D('',#8334,#6656,#6657);
#6081=AXIS2_PLACEMENT_3D('',#8336,#6659,#6660);
#6082=AXIS2_PLACEMENT_3D('',#8342,#6664,#6665);
#6083=AXIS2_PLACEMENT_3D('',#8344,#6666,#6667);
#6084=AXIS2_PLACEMENT_3D('',#8346,#6668,#6669);
#6085=AXIS2_PLACEMENT_3D('',#8348,#6671,#6672);
#6086=AXIS2_PLACEMENT_3D('',#8354,#6676,#6677);
#6087=AXIS2_PLACEMENT_3D('',#8355,#6678,#6679);
#6088=AXIS2_PLACEMENT_3D('',#8356,#6680,#6681);
#6089=AXIS2_PLACEMENT_3D('',#8357,#6682,#6683);
#6090=AXIS2_PLACEMENT_3D('',#8366,#6688,#6689);
#6091=AXIS2_PLACEMENT_3D('',#8368,#6690,#6691);
#6092=AXIS2_PLACEMENT_3D('',#8370,#6692,#6693);
#6093=AXIS2_PLACEMENT_3D('',#8372,#6695,#6696);
#6094=AXIS2_PLACEMENT_3D('',#8378,#6700,#6701);
#6095=AXIS2_PLACEMENT_3D('',#8380,#6702,#6703);
#6096=AXIS2_PLACEMENT_3D('',#8382,#6704,#6705);
#6097=AXIS2_PLACEMENT_3D('',#8384,#6707,#6708);
#6098=AXIS2_PLACEMENT_3D('',#8390,#6712,#6713);
#6099=AXIS2_PLACEMENT_3D('',#8392,#6714,#6715);
#6100=AXIS2_PLACEMENT_3D('',#8394,#6716,#6717);
#6101=AXIS2_PLACEMENT_3D('',#8396,#6719,#6720);
#6102=AXIS2_PLACEMENT_3D('',#8402,#6724,#6725);
#6103=AXIS2_PLACEMENT_3D('',#8403,#6726,#6727);
#6104=AXIS2_PLACEMENT_3D('',#8404,#6728,#6729);
#6105=AXIS2_PLACEMENT_3D('',#8405,#6730,#6731);
#6106=AXIS2_PLACEMENT_3D('',#8414,#6736,#6737);
#6107=AXIS2_PLACEMENT_3D('',#8416,#6738,#6739);
#6108=AXIS2_PLACEMENT_3D('',#8418,#6740,#6741);
#6109=AXIS2_PLACEMENT_3D('',#8420,#6743,#6744);
#6110=AXIS2_PLACEMENT_3D('',#8426,#6748,#6749);
#6111=AXIS2_PLACEMENT_3D('',#8428,#6750,#6751);
#6112=AXIS2_PLACEMENT_3D('',#8430,#6752,#6753);
#6113=AXIS2_PLACEMENT_3D('',#8432,#6755,#6756);
#6114=AXIS2_PLACEMENT_3D('',#8438,#6760,#6761);
#6115=AXIS2_PLACEMENT_3D('',#8440,#6762,#6763);
#6116=AXIS2_PLACEMENT_3D('',#8442,#6764,#6765);
#6117=AXIS2_PLACEMENT_3D('',#8444,#6767,#6768);
#6118=AXIS2_PLACEMENT_3D('',#8450,#6772,#6773);
#6119=AXIS2_PLACEMENT_3D('',#8451,#6774,#6775);
#6120=AXIS2_PLACEMENT_3D('',#8452,#6776,#6777);
#6121=AXIS2_PLACEMENT_3D('',#8453,#6778,#6779);
#6122=AXIS2_PLACEMENT_3D('',#8455,#6780,#6781);
#6123=AXIS2_PLACEMENT_3D('',#8458,#6783,#6784);
#6124=AXIS2_PLACEMENT_3D('',#8459,#6785,#6786);
#6125=AXIS2_PLACEMENT_3D('',#8460,#6787,#6788);
#6126=AXIS2_PLACEMENT_3D('',#8462,#6789,#6790);
#6127=AXIS2_PLACEMENT_3D('',#8465,#6792,#6793);
#6128=AXIS2_PLACEMENT_3D('',#8466,#6794,#6795);
#6129=AXIS2_PLACEMENT_3D('',#8467,#6796,#6797);
#6130=AXIS2_PLACEMENT_3D('',#8469,#6798,#6799);
#6131=AXIS2_PLACEMENT_3D('',#8472,#6801,#6802);
#6132=AXIS2_PLACEMENT_3D('',#8473,#6803,#6804);
#6133=AXIS2_PLACEMENT_3D('',#8474,#6805,#6806);
#6134=AXIS2_PLACEMENT_3D('',#8476,#6807,#6808);
#6135=AXIS2_PLACEMENT_3D('',#8479,#6810,#6811);
#6136=AXIS2_PLACEMENT_3D('',#8480,#6812,#6813);
#6137=AXIS2_PLACEMENT_3D('',#8481,#6814,#6815);
#6138=AXIS2_PLACEMENT_3D('',#8486,#6817,#6818);
#6139=AXIS2_PLACEMENT_3D('',#8487,#6819,#6820);
#6140=AXIS2_PLACEMENT_3D('',#8488,#6821,#6822);
#6141=AXIS2_PLACEMENT_3D('',#8490,#6823,#6824);
#6142=AXIS2_PLACEMENT_3D('',#8492,#6826,#6827);
#6143=AXIS2_PLACEMENT_3D('',#8493,#6828,#6829);
#6144=AXIS2_PLACEMENT_3D('',#8495,#6830,#6831);
#6145=AXIS2_PLACEMENT_3D('',#8498,#6833,#6834);
#6146=AXIS2_PLACEMENT_3D('',#8499,#6835,#6836);
#6147=AXIS2_PLACEMENT_3D('',#8500,#6837,#6838);
#6148=AXIS2_PLACEMENT_3D('',#8502,#6839,#6840);
#6149=AXIS2_PLACEMENT_3D('',#8505,#6842,#6843);
#6150=AXIS2_PLACEMENT_3D('',#8506,#6844,#6845);
#6151=AXIS2_PLACEMENT_3D('',#8507,#6846,#6847);
#6152=AXIS2_PLACEMENT_3D('',#8512,#6849,#6850);
#6153=AXIS2_PLACEMENT_3D('',#8513,#6851,#6852);
#6154=AXIS2_PLACEMENT_3D('',#8514,#6853,#6854);
#6155=AXIS2_PLACEMENT_3D('',#8516,#6855,#6856);
#6156=AXIS2_PLACEMENT_3D('',#8518,#6858,#6859);
#6157=AXIS2_PLACEMENT_3D('',#8519,#6860,#6861);
#6158=AXIS2_PLACEMENT_3D('',#8521,#6862,#6863);
#6159=AXIS2_PLACEMENT_3D('',#8524,#6865,#6866);
#6160=AXIS2_PLACEMENT_3D('',#8525,#6867,#6868);
#6161=AXIS2_PLACEMENT_3D('',#8526,#6869,#6870);
#6162=AXIS2_PLACEMENT_3D('',#8528,#6871,#6872);
#6163=AXIS2_PLACEMENT_3D('',#8532,#6874,#6875);
#6164=AXIS2_PLACEMENT_3D('',#8534,#6876,#6877);
#6165=AXIS2_PLACEMENT_3D('',#8535,#6878,#6879);
#6166=AXIS2_PLACEMENT_3D('',#8536,#6880,#6881);
#6167=AXIS2_PLACEMENT_3D('',#8538,#6883,#6884);
#6168=AXIS2_PLACEMENT_3D('',#8540,#6885,#6886);
#6169=AXIS2_PLACEMENT_3D('',#8543,#6888,#6889);
#6170=AXIS2_PLACEMENT_3D('',#8544,#6890,#6891);
#6171=AXIS2_PLACEMENT_3D('',#8545,#6892,#6893);
#6172=AXIS2_PLACEMENT_3D('',#8550,#6895,#6896);
#6173=AXIS2_PLACEMENT_3D('',#8551,#6897,#6898);
#6174=AXIS2_PLACEMENT_3D('',#8552,#6899,#6900);
#6175=AXIS2_PLACEMENT_3D('',#8554,#6901,#6902);
#6176=AXIS2_PLACEMENT_3D('',#8556,#6904,#6905);
#6177=AXIS2_PLACEMENT_3D('',#8557,#6906,#6907);
#6178=AXIS2_PLACEMENT_3D('',#8559,#6908,#6909);
#6179=AXIS2_PLACEMENT_3D('',#8562,#6911,#6912);
#6180=AXIS2_PLACEMENT_3D('',#8563,#6913,#6914);
#6181=AXIS2_PLACEMENT_3D('',#8564,#6915,#6916);
#6182=AXIS2_PLACEMENT_3D('',#8566,#6917,#6918);
#6183=AXIS2_PLACEMENT_3D('',#8569,#6920,#6921);
#6184=AXIS2_PLACEMENT_3D('',#8570,#6922,#6923);
#6185=AXIS2_PLACEMENT_3D('',#8571,#6924,#6925);
#6186=AXIS2_PLACEMENT_3D('',#8573,#6926,#6927);
#6187=AXIS2_PLACEMENT_3D('',#8576,#6929,#6930);
#6188=AXIS2_PLACEMENT_3D('',#8577,#6931,#6932);
#6189=AXIS2_PLACEMENT_3D('',#8578,#6933,#6934);
#6190=AXIS2_PLACEMENT_3D('',#8580,#6935,#6936);
#6191=AXIS2_PLACEMENT_3D('',#8583,#6938,#6939);
#6192=AXIS2_PLACEMENT_3D('',#8584,#6940,#6941);
#6193=AXIS2_PLACEMENT_3D('',#8585,#6942,#6943);
#6194=AXIS2_PLACEMENT_3D('',#8587,#6944,#6945);
#6195=AXIS2_PLACEMENT_3D('',#8590,#6947,#6948);
#6196=AXIS2_PLACEMENT_3D('',#8591,#6949,#6950);
#6197=AXIS2_PLACEMENT_3D('',#8592,#6951,#6952);
#6198=AXIS2_PLACEMENT_3D('',#8594,#6953,#6954);
#6199=AXIS2_PLACEMENT_3D('',#8597,#6956,#6957);
#6200=AXIS2_PLACEMENT_3D('',#8598,#6958,#6959);
#6201=AXIS2_PLACEMENT_3D('',#8599,#6960,#6961);
#6202=AXIS2_PLACEMENT_3D('',#8601,#6962,#6963);
#6203=AXIS2_PLACEMENT_3D('',#8604,#6965,#6966);
#6204=AXIS2_PLACEMENT_3D('',#8605,#6967,#6968);
#6205=AXIS2_PLACEMENT_3D('',#8606,#6969,#6970);
#6206=AXIS2_PLACEMENT_3D('',#8608,#6971,#6972);
#6207=AXIS2_PLACEMENT_3D('',#8611,#6974,#6975);
#6208=AXIS2_PLACEMENT_3D('',#8612,#6976,#6977);
#6209=AXIS2_PLACEMENT_3D('',#8613,#6978,#6979);
#6210=AXIS2_PLACEMENT_3D('',#8615,#6980,#6981);
#6211=AXIS2_PLACEMENT_3D('',#8618,#6983,#6984);
#6212=AXIS2_PLACEMENT_3D('',#8619,#6985,#6986);
#6213=AXIS2_PLACEMENT_3D('',#8620,#6987,#6988);
#6214=AXIS2_PLACEMENT_3D('',#8622,#6989,#6990);
#6215=AXIS2_PLACEMENT_3D('',#8625,#6992,#6993);
#6216=AXIS2_PLACEMENT_3D('',#8626,#6994,#6995);
#6217=AXIS2_PLACEMENT_3D('',#8627,#6996,#6997);
#6218=AXIS2_PLACEMENT_3D('',#8629,#6998,#6999);
#6219=AXIS2_PLACEMENT_3D('',#8632,#7001,#7002);
#6220=AXIS2_PLACEMENT_3D('',#8633,#7003,#7004);
#6221=AXIS2_PLACEMENT_3D('',#8634,#7005,#7006);
#6222=AXIS2_PLACEMENT_3D('',#8636,#7007,#7008);
#6223=AXIS2_PLACEMENT_3D('',#8639,#7010,#7011);
#6224=AXIS2_PLACEMENT_3D('',#8640,#7012,#7013);
#6225=AXIS2_PLACEMENT_3D('',#8641,#7014,#7015);
#6226=AXIS2_PLACEMENT_3D('',#8653,#7022,#7023);
#6227=AXIS2_PLACEMENT_3D('',#8665,#7030,#7031);
#6228=AXIS2_PLACEMENT_3D('',#8671,#7035,#7036);
#6229=AXIS2_PLACEMENT_3D('',#8679,#7041,#7042);
#6230=AXIS2_PLACEMENT_3D('',#8685,#7046,#7047);
#6231=AXIS2_PLACEMENT_3D('',#8697,#7053,#7054);
#6232=AXIS2_PLACEMENT_3D('',#8701,#7056,#7057);
#6233=AXIS2_PLACEMENT_3D('',#8705,#7059,#7060);
#6234=AXIS2_PLACEMENT_3D('',#8709,#7062,#7063);
#6235=AXIS2_PLACEMENT_3D('',#8715,#7067,#7068);
#6236=AXIS2_PLACEMENT_3D('',#8719,#7071,#7072);
#6237=AXIS2_PLACEMENT_3D('',#8725,#7076,#7077);
#6238=AXIS2_PLACEMENT_3D('',#8729,#7080,#7081);
#6239=AXIS2_PLACEMENT_3D('',#8740,#7088,#7089);
#6240=AXIS2_PLACEMENT_3D('',#8742,#7091,#7092);
#6241=AXIS2_PLACEMENT_3D('',#8744,#7094,#7095);
#6242=AXIS2_PLACEMENT_3D('',#8751,#7099,#7100);
#6243=AXIS2_PLACEMENT_3D('',#8759,#7105,#7106);
#6244=AXIS2_PLACEMENT_3D('',#8765,#7110,#7111);
#6245=AXIS2_PLACEMENT_3D('',#8774,#7117,#7118);
#6246=AXIS2_PLACEMENT_3D('',#8780,#7122,#7123);
#6247=AXIS2_PLACEMENT_3D('',#8792,#7129,#7130);
#6248=AXIS2_PLACEMENT_3D('',#8796,#7132,#7133);
#6249=AXIS2_PLACEMENT_3D('',#8800,#7135,#7136);
#6250=AXIS2_PLACEMENT_3D('',#8804,#7138,#7139);
#6251=AXIS2_PLACEMENT_3D('',#8810,#7143,#7144);
#6252=AXIS2_PLACEMENT_3D('',#8818,#7148,#7149);
#6253=AXIS2_PLACEMENT_3D('',#8828,#7154,#7155);
#6254=AXIS2_PLACEMENT_3D('',#8842,#7163,#7164);
#6255=AXIS2_PLACEMENT_3D('',#8845,#7167,#7168);
#6256=AXIS2_PLACEMENT_3D('',#8849,#7171,#7172);
#6257=AXIS2_PLACEMENT_3D('',#8851,#7174,#7175);
#6258=AXIS2_PLACEMENT_3D('',#8853,#7177,#7178);
#6259=AXIS2_PLACEMENT_3D('',#8855,#7180,#7181);
#6260=AXIS2_PLACEMENT_3D('',#8864,#7186,#7187);
#6261=AXIS2_PLACEMENT_3D('',#8873,#7192,#7193);
#6262=AXIS2_PLACEMENT_3D('',#8879,#7197,#7198);
#6263=AXIS2_PLACEMENT_3D('',#8896,#7208,#7209);
#6264=AXIS2_PLACEMENT_3D('',#8900,#7212,#7213);
#6265=AXIS2_PLACEMENT_3D('',#8905,#7217,#7218);
#6266=AXIS2_PLACEMENT_3D('',#8911,#7221,#7222);
#6267=AXIS2_PLACEMENT_3D('',#8915,#7224,#7225);
#6268=AXIS2_PLACEMENT_3D('',#8919,#7227,#7228);
#6269=AXIS2_PLACEMENT_3D('',#8923,#7230,#7231);
#6270=AXIS2_PLACEMENT_3D('',#8928,#7235,#7236);
#6271=AXIS2_PLACEMENT_3D('',#8930,#7238,#7239);
#6272=AXIS2_PLACEMENT_3D('',#8932,#7241,#7242);
#6273=AXIS2_PLACEMENT_3D('',#8941,#7247,#7248);
#6274=AXIS2_PLACEMENT_3D('',#8950,#7253,#7254);
#6275=AXIS2_PLACEMENT_3D('',#8956,#7258,#7259);
#6276=AXIS2_PLACEMENT_3D('',#8967,#7266,#7267);
#6277=AXIS2_PLACEMENT_3D('',#8971,#7270,#7271);
#6278=AXIS2_PLACEMENT_3D('',#8975,#7274,#7275);
#6279=AXIS2_PLACEMENT_3D('',#8977,#7277,#7278);
#6280=AXIS2_PLACEMENT_3D('',#8988,#7284,#7285);
#6281=AXIS2_PLACEMENT_3D('',#8994,#7289,#7290);
#6282=AXIS2_PLACEMENT_3D('',#9000,#7294,#7295);
#6283=AXIS2_PLACEMENT_3D('',#9010,#7301,#7302);
#6284=AXIS2_PLACEMENT_3D('',#9016,#7306,#7307);
#6285=AXIS2_PLACEMENT_3D('',#9028,#7313,#7314);
#6286=AXIS2_PLACEMENT_3D('',#9032,#7316,#7317);
#6287=AXIS2_PLACEMENT_3D('',#9036,#7319,#7320);
#6288=AXIS2_PLACEMENT_3D('',#9040,#7322,#7323);
#6289=AXIS2_PLACEMENT_3D('',#9046,#7327,#7328);
#6290=AXIS2_PLACEMENT_3D('',#9054,#7332,#7333);
#6291=AXIS2_PLACEMENT_3D('',#9071,#7343,#7344);
#6292=AXIS2_PLACEMENT_3D('',#9073,#7346,#7347);
#6293=AXIS2_PLACEMENT_3D('',#9075,#7349,#7350);
#6294=AXIS2_PLACEMENT_3D('',#9077,#7352,#7353);
#6295=AXIS2_PLACEMENT_3D('',#9079,#7355,#7356);
#6296=AXIS2_PLACEMENT_3D('',#9088,#7361,#7362);
#6297=AXIS2_PLACEMENT_3D('',#9097,#7367,#7368);
#6298=AXIS2_PLACEMENT_3D('',#9107,#7374,#7375);
#6299=AXIS2_PLACEMENT_3D('',#9115,#7379,#7380);
#6300=AXIS2_PLACEMENT_3D('',#9119,#7382,#7383);
#6301=AXIS2_PLACEMENT_3D('',#9123,#7385,#7386);
#6302=AXIS2_PLACEMENT_3D('',#9127,#7388,#7389);
#6303=AXIS2_PLACEMENT_3D('',#9134,#7394,#7395);
#6304=AXIS2_PLACEMENT_3D('',#9138,#7398,#7399);
#6305=AXIS2_PLACEMENT_3D('',#9146,#7403,#7404);
#6306=AXIS2_PLACEMENT_3D('',#9150,#7406,#7407);
#6307=AXIS2_PLACEMENT_3D('',#9154,#7409,#7410);
#6308=AXIS2_PLACEMENT_3D('',#9160,#7413,#7414);
#6309=AXIS2_PLACEMENT_3D('',#9164,#7416,#7417);
#6310=AXIS2_PLACEMENT_3D('',#9173,#7423,#7424);
#6311=AXIS2_PLACEMENT_3D('',#9180,#7428,#7429);
#6312=AXIS2_PLACEMENT_3D('',#9185,#7433,#7434);
#6313=AXIS2_PLACEMENT_3D('',#9188,#7437,#7438);
#6314=AXIS2_PLACEMENT_3D('',#9192,#7441,#7442);
#6315=AXIS2_PLACEMENT_3D('',#9194,#7444,#7445);
#6316=AXIS2_PLACEMENT_3D('',#9200,#7449,#7450);
#6317=AXIS2_PLACEMENT_3D('',#9202,#7452,#7453);
#6318=AXIS2_PLACEMENT_3D('',#9204,#7454,#7455);
#6319=AXIS2_PLACEMENT_3D('',#9214,#7460,#7461);
#6320=AXIS2_PLACEMENT_3D('',#9218,#7463,#7464);
#6321=AXIS2_PLACEMENT_3D('',#9236,#7473,#7474);
#6322=AXIS2_PLACEMENT_3D('',#9244,#7478,#7479);
#6323=AXIS2_PLACEMENT_3D('',#9252,#7483,#7484);
#6324=AXIS2_PLACEMENT_3D('',#9254,#7486,#7487);
#6325=AXIS2_PLACEMENT_3D('',#9263,#7492,#7493);
#6326=AXIS2_PLACEMENT_3D('',#9269,#7497,#7498);
#6327=AXIS2_PLACEMENT_3D('',#9275,#7502,#7503);
#6328=AXIS2_PLACEMENT_3D('',#9276,#7504,#7505);
#6329=AXIS2_PLACEMENT_3D('',#9277,#7506,#7507);
#6330=AXIS2_PLACEMENT_3D('',#9286,#7511,#7512);
#6331=AXIS2_PLACEMENT_3D('',#9290,#7514,#7515);
#6332=AXIS2_PLACEMENT_3D('',#9296,#7518,#7519);
#6333=AXIS2_PLACEMENT_3D('',#9299,#7521,#7522);
#6334=AXIS2_PLACEMENT_3D('',#9300,#7523,#7524);
#6335=AXIS2_PLACEMENT_3D('',#9306,#7528,#7529);
#6336=AXIS2_PLACEMENT_3D('',#9310,#7532,#7533);
#6337=AXIS2_PLACEMENT_3D('',#9316,#7537,#7538);
#6338=AXIS2_PLACEMENT_3D('',#9320,#7541,#7542);
#6339=AXIS2_PLACEMENT_3D('',#9324,#7545,#7546);
#6340=AXIS2_PLACEMENT_3D('',#9328,#7549,#7550);
#6341=AXIS2_PLACEMENT_3D('',#9332,#7553,#7554);
#6342=AXIS2_PLACEMENT_3D('',#9336,#7557,#7558);
#6343=AXIS2_PLACEMENT_3D('',#9338,#7560,#7561);
#6344=AXIS2_PLACEMENT_3D('',#9344,#7565,#7566);
#6345=AXIS2_PLACEMENT_3D('',#9346,#7568,#7569);
#6346=AXIS2_PLACEMENT_3D('',#9349,#7572,#7573);
#6347=AXIS2_PLACEMENT_3D('',#9350,#7574,#7575);
#6348=AXIS2_PLACEMENT_3D('',#9351,#7576,#7577);
#6349=AXIS2_PLACEMENT_3D('',#9357,#7581,#7582);
#6350=AXIS2_PLACEMENT_3D('',#9358,#7583,#7584);
#6351=AXIS2_PLACEMENT_3D('',#9360,#7586,#7587);
#6352=AXIS2_PLACEMENT_3D('',#9361,#7588,#7589);
#6353=AXIS2_PLACEMENT_3D('',#9362,#7590,#7591);
#6354=AXIS2_PLACEMENT_3D('',#9379,#7600,#7601);
#6355=AXIS2_PLACEMENT_3D('',#9384,#7605,#7606);
#6356=AXIS2_PLACEMENT_3D('',#9389,#7610,#7611);
#6357=AXIS2_PLACEMENT_3D('',#9392,#7614,#7615);
#6358=AXIS2_PLACEMENT_3D('',#9394,#7617,#7618);
#6359=AXIS2_PLACEMENT_3D('',#9402,#7623,#7624);
#6360=AXIS2_PLACEMENT_3D('',#9406,#7626,#7627);
#6361=AXIS2_PLACEMENT_3D('',#9409,#7629,#7630);
#6362=AXIS2_PLACEMENT_3D('',#9410,#7631,#7632);
#6363=AXIS2_PLACEMENT_3D('',#9412,#7634,#7635);
#6364=AXIS2_PLACEMENT_3D('',#9414,#7636,#7637);
#6365=AXIS2_PLACEMENT_3D('',#9418,#7639,#7640);
#6366=AXIS2_PLACEMENT_3D('',#9422,#7642,#7643);
#6367=AXIS2_PLACEMENT_3D('',#9427,#7646,#7647);
#6368=AXIS2_PLACEMENT_3D('',#9428,#7648,#7649);
#6369=AXIS2_PLACEMENT_3D('',#9430,#7650,#7651);
#6370=AXIS2_PLACEMENT_3D('',#9434,#7653,#7654);
#6371=AXIS2_PLACEMENT_3D('',#9440,#7657,#7658);
#6372=AXIS2_PLACEMENT_3D('',#9444,#7660,#7661);
#6373=AXIS2_PLACEMENT_3D('',#9448,#7663,#7664);
#6374=AXIS2_PLACEMENT_3D('',#9452,#7666,#7667);
#6375=AXIS2_PLACEMENT_3D('',#9456,#7669,#7670);
#6376=AXIS2_PLACEMENT_3D('',#9462,#7673,#7674);
#6377=AXIS2_PLACEMENT_3D('',#9466,#7676,#7677);
#6378=AXIS2_PLACEMENT_3D('',#9472,#7680,#7681);
#6379=AXIS2_PLACEMENT_3D('',#9475,#7683,#7684);
#6380=AXIS2_PLACEMENT_3D('',#9476,#7685,#7686);
#6381=AXIS2_PLACEMENT_3D('',#9478,#7688,#7689);
#6382=AXIS2_PLACEMENT_3D('',#9485,#7694,#7695);
#6383=AXIS2_PLACEMENT_3D('',#9488,#7698,#7699);
#6384=AXIS2_PLACEMENT_3D('',#9489,#7700,#7701);
#6385=AXIS2_PLACEMENT_3D('',#9491,#7703,#7704);
#6386=AXIS2_PLACEMENT_3D('',#9497,#7708,#7709);
#6387=AXIS2_PLACEMENT_3D('',#9498,#7710,#7711);
#6388=AXIS2_PLACEMENT_3D('',#9500,#7713,#7714);
#6389=AXIS2_PLACEMENT_3D('',#9502,#7715,#7716);
#6390=AXIS2_PLACEMENT_3D('',#9504,#7718,#7719);
#6391=AXIS2_PLACEMENT_3D('',#9506,#7720,#7721);
#6392=AXIS2_PLACEMENT_3D('',#9508,#7723,#7724);
#6393=AXIS2_PLACEMENT_3D('',#9512,#7727,#7728);
#6394=AXIS2_PLACEMENT_3D('',#9516,#7731,#7732);
#6395=AXIS2_PLACEMENT_3D('',#9518,#7734,#7735);
#6396=AXIS2_PLACEMENT_3D('',#9520,#7737,#7738);
#6397=AXIS2_PLACEMENT_3D('',#9522,#7740,#7741);
#6398=AXIS2_PLACEMENT_3D('',#9524,#7743,#7744);
#6399=AXIS2_PLACEMENT_3D('',#9526,#7746,#7747);
#6400=AXIS2_PLACEMENT_3D('',#9530,#7749,#7750);
#6401=AXIS2_PLACEMENT_3D('',#9532,#7752,#7753);
#6402=AXIS2_PLACEMENT_3D('',#9537,#7757,#7758);
#6403=AXIS2_PLACEMENT_3D('',#9539,#7760,#7761);
#6404=AXIS2_PLACEMENT_3D('',#9541,#7763,#7764);
#6405=AXIS2_PLACEMENT_3D('',#9543,#7766,#7767);
#6406=AXIS2_PLACEMENT_3D('',#9549,#7771,#7772);
#6407=AXIS2_PLACEMENT_3D('',#9553,#7775,#7776);
#6408=AXIS2_PLACEMENT_3D('',#9557,#7779,#7780);
#6409=AXIS2_PLACEMENT_3D('',#9559,#7781,#7782);
#6410=AXIS2_PLACEMENT_3D('',#9561,#7784,#7785);
#6411=AXIS2_PLACEMENT_3D('',#9567,#7789,#7790);
#6412=AXIS2_PLACEMENT_3D('',#9573,#7794,#7795);
#6413=AXIS2_PLACEMENT_3D('',#9574,#7796,#7797);
#6414=AXIS2_PLACEMENT_3D('',#9576,#7799,#7800);
#6415=AXIS2_PLACEMENT_3D('',#9577,#7801,#7802);
#6416=AXIS2_PLACEMENT_3D('',#9583,#7806,#7807);
#6417=AXIS2_PLACEMENT_3D('',#9587,#7810,#7811);
#6418=AXIS2_PLACEMENT_3D('',#9591,#7813,#7814);
#6419=AXIS2_PLACEMENT_3D('',#9593,#7815,#7816);
#6420=AXIS2_PLACEMENT_3D('',#9596,#7818,#7819);
#6421=AXIS2_PLACEMENT_3D('',#9597,#7820,#7821);
#6422=AXIS2_PLACEMENT_3D('',#9599,#7823,#7824);
#6423=AXIS2_PLACEMENT_3D('',#9605,#7828,#7829);
#6424=AXIS2_PLACEMENT_3D('',#9609,#7832,#7833);
#6425=AXIS2_PLACEMENT_3D('',#9611,#7835,#7836);
#6426=AXIS2_PLACEMENT_3D('',#9613,#7838,#7839);
#6427=AXIS2_PLACEMENT_3D('',#9616,#7841,#7842);
#6428=AXIS2_PLACEMENT_3D('',#9617,#7843,#7844);
#6429=AXIS2_PLACEMENT_3D('',#9624,#7849,#7850);
#6430=AXIS2_PLACEMENT_3D('',#9635,#7857,#7858);
#6431=AXIS2_PLACEMENT_3D('',#9636,#7859,#7860);
#6432=AXIS2_PLACEMENT_3D('',#9638,#7862,#7863);
#6433=AXIS2_PLACEMENT_3D('',#9640,#7865,#7866);
#6434=AXIS2_PLACEMENT_3D('',#9642,#7867,#7868);
#6435=AXIS2_PLACEMENT_3D('',#9646,#7870,#7871);
#6436=AXIS2_PLACEMENT_3D('',#9650,#7873,#7874);
#6437=AXIS2_PLACEMENT_3D('',#9652,#7876,#7877);
#6438=AXIS2_PLACEMENT_3D('',#9659,#7882,#7883);
#6439=AXIS2_PLACEMENT_3D('',#9663,#7886,#7887);
#6440=AXIS2_PLACEMENT_3D('',#9667,#7890,#7891);
#6441=AXIS2_PLACEMENT_3D('',#9671,#7894,#7895);
#6442=AXIS2_PLACEMENT_3D('',#9675,#7898,#7899);
#6443=AXIS2_PLACEMENT_3D('',#9677,#7901,#7902);
#6444=AXIS2_PLACEMENT_3D('',#9681,#7905,#7906);
#6445=AXIS2_PLACEMENT_3D('',#9684,#7907,#7908);
#6446=AXIS2_PLACEMENT_3D('',#9687,#7910,#7911);
#6447=AXIS2_PLACEMENT_3D('',#9689,#7913,#7914);
#6448=AXIS2_PLACEMENT_3D('',#9695,#7918,#7919);
#6449=AXIS2_PLACEMENT_3D('',#9697,#7920,#7921);
#6450=AXIS2_PLACEMENT_3D('',#9700,#7923,#7924);
#6451=AXIS2_PLACEMENT_3D('',#9701,#7925,#7926);
#6452=AXIS2_PLACEMENT_3D('',#9707,#7930,#7931);
#6453=AXIS2_PLACEMENT_3D('',#9708,#7932,#7933);
#6454=AXIS2_PLACEMENT_3D('',#9709,#7934,#7935);
#6455=AXIS2_PLACEMENT_3D('',#9710,#7936,#7937);
#6456=AXIS2_PLACEMENT_3D('',#9712,#7939,#7940);
#6457=AXIS2_PLACEMENT_3D('',#9713,#7941,#7942);
#6458=AXIS2_PLACEMENT_3D('',#9717,#7945,#7946);
#6459=AXIS2_PLACEMENT_3D('',#9723,#7950,#7951);
#6460=AXIS2_PLACEMENT_3D('',#9725,#7953,#7954);
#6461=AXIS2_PLACEMENT_3D('',#9727,#7956,#7957);
#6462=AXIS2_PLACEMENT_3D('',#9728,#7958,#7959);
#6463=AXIS2_PLACEMENT_3D('',#9740,#7966,#7967);
#6464=AXIS2_PLACEMENT_3D('',#9743,#7968,#7969);
#6465=AXIS2_PLACEMENT_3D('',#9748,#7972,#7973);
#6466=AXIS2_PLACEMENT_3D('',#9752,#7975,#7976);
#6467=AXIS2_PLACEMENT_3D('',#9754,#7978,#7979);
#6468=AXIS2_PLACEMENT_3D('',#9758,#7982,#7983);
#6469=AXIS2_PLACEMENT_3D('',#9761,#7985,#7986);
#6470=AXIS2_PLACEMENT_3D('',#9762,#7987,#7988);
#6471=AXIS2_PLACEMENT_3D('',#9766,#7991,#7992);
#6472=AXIS2_PLACEMENT_3D('',#9769,#7994,#7995);
#6473=AXIS2_PLACEMENT_3D('',#9770,#7996,#7997);
#6474=AXIS2_PLACEMENT_3D('',#9782,#8004,#8005);
#6475=AXIS2_PLACEMENT_3D('',#9788,#8009,#8010);
#6476=AXIS2_PLACEMENT_3D('',#9794,#8014,#8015);
#6477=AXIS2_PLACEMENT_3D('',#9800,#8019,#8020);
#6478=AXIS2_PLACEMENT_3D('',#9806,#8024,#8025);
#6479=AXIS2_PLACEMENT_3D('',#9809,#8028,#8029);
#6480=AXIS2_PLACEMENT_3D('',#9815,#8033,#8034);
#6481=AXIS2_PLACEMENT_3D('',#9817,#8035,#8036);
#6482=AXIS2_PLACEMENT_3D('',#9819,#8037,#8038);
#6483=AXIS2_PLACEMENT_3D('',#9821,#8040,#8041);
#6484=AXIS2_PLACEMENT_3D('',#9830,#8047,#8048);
#6485=AXIS2_PLACEMENT_3D('',#9832,#8049,#8050);
#6486=AXIS2_PLACEMENT_3D('',#9835,#8052,#8053);
#6487=AXIS2_PLACEMENT_3D('',#9836,#8054,#8055);
#6488=AXIS2_PLACEMENT_3D('',#9842,#8059,#8060);
#6489=AXIS2_PLACEMENT_3D('',#9844,#8061,#8062);
#6490=AXIS2_PLACEMENT_3D('',#9847,#8064,#8065);
#6491=AXIS2_PLACEMENT_3D('',#9848,#8066,#8067);
#6492=AXIS2_PLACEMENT_3D('',#9851,#8070,#8071);
#6493=AXIS2_PLACEMENT_3D('',#9854,#8074,#8075);
#6494=AXIS2_PLACEMENT_3D('',#9855,#8076,#8077);
#6495=AXIS2_PLACEMENT_3D('',#9856,#8078,#8079);
#6496=AXIS2_PLACEMENT_3D('',#9858,#8081,#8082);
#6497=AXIS2_PLACEMENT_3D('',#9862,#8085,#8086);
#6498=AXIS2_PLACEMENT_3D('',#9865,#8088,#8089);
#6499=AXIS2_PLACEMENT_3D('',#9866,#8090,#8091);
#6500=AXIS2_PLACEMENT_3D('',#9870,#8094,#8095);
#6501=AXIS2_PLACEMENT_3D('',#9872,#8096,#8097);
#6502=AXIS2_PLACEMENT_3D('',#9874,#8099,#8100);
#6503=AXIS2_PLACEMENT_3D('',#9878,#8103,#8104);
#6504=AXIS2_PLACEMENT_3D('',#9879,#8105,#8106);
#6505=AXIS2_PLACEMENT_3D('',#9880,#8107,#8108);
#6506=AXIS2_PLACEMENT_3D('',#9881,#8109,#8110);
#6507=AXIS2_PLACEMENT_3D('',#9885,#8113,#8114);
#6508=AXIS2_PLACEMENT_3D('',#9887,#8115,#8116);
#6509=AXIS2_PLACEMENT_3D('',#9889,#8118,#8119);
#6510=AXIS2_PLACEMENT_3D('',#9893,#8122,#8123);
#6511=AXIS2_PLACEMENT_3D('',#9895,#8124,#8125);
#6512=AXIS2_PLACEMENT_3D('',#9897,#8127,#8128);
#6513=AXIS2_PLACEMENT_3D('',#9899,#8130,#8131);
#6514=AXIS2_PLACEMENT_3D('',#9900,#8132,#8133);
#6515=AXIS2_PLACEMENT_3D('',#9904,#8136,#8137);
#6516=AXIS2_PLACEMENT_3D('',#9906,#8138,#8139);
#6517=AXIS2_PLACEMENT_3D('',#9908,#8141,#8142);
#6518=AXIS2_PLACEMENT_3D('',#9910,#8144,#8145);
#6519=AXIS2_PLACEMENT_3D('',#9912,#8147,#8148);
#6520=AXIS2_PLACEMENT_3D('',#9915,#8150,#8151);
#6521=AXIS2_PLACEMENT_3D('',#9916,#8152,#8153);
#6522=AXIS2_PLACEMENT_3D('',#9920,#8156,#8157);
#6523=AXIS2_PLACEMENT_3D('',#9922,#8158,#8159);
#6524=AXIS2_PLACEMENT_3D('',#9924,#8161,#8162);
#6525=AXIS2_PLACEMENT_3D('',#9926,#8164,#8165);
#6526=AXIS2_PLACEMENT_3D('',#9931,#8168,#8169);
#6527=AXIS2_PLACEMENT_3D('',#9932,#8170,#8171);
#6528=AXIS2_PLACEMENT_3D('',#9936,#8174,#8175);
#6529=AXIS2_PLACEMENT_3D('',#9938,#8176,#8177);
#6530=AXIS2_PLACEMENT_3D('',#9940,#8179,#8180);
#6531=AXIS2_PLACEMENT_3D('',#9942,#8182,#8183);
#6532=AXIS2_PLACEMENT_3D('',#9944,#8185,#8186);
#6533=AXIS2_PLACEMENT_3D('',#9946,#8188,#8189);
#6534=AXIS2_PLACEMENT_3D('',#9948,#8191,#8192);
#6535=AXIS2_PLACEMENT_3D('',#9950,#8194,#8195);
#6536=AXIS2_PLACEMENT_3D('',#9952,#8197,#8198);
#6537=AXIS2_PLACEMENT_3D('',#9954,#8200,#8201);
#6538=AXIS2_PLACEMENT_3D('',#9956,#8203,#8204);
#6539=AXIS2_PLACEMENT_3D('',#9958,#8206,#8207);
#6540=AXIS2_PLACEMENT_3D('',#9960,#8209,#8210);
#6541=AXIS2_PLACEMENT_3D('',#9962,#8212,#8213);
#6542=AXIS2_PLACEMENT_3D('',#9966,#8216,#8217);
#6543=AXIS2_PLACEMENT_3D('',#9970,#8220,#8221);
#6544=AXIS2_PLACEMENT_3D('',#9974,#8224,#8225);
#6545=AXIS2_PLACEMENT_3D('',#9975,#8226,#8227);
#6546=AXIS2_PLACEMENT_3D('',#9976,#8228,#8229);
#6547=AXIS2_PLACEMENT_3D('',#9977,#8230,#8231);
#6548=DIRECTION('axis',(0.,0.,1.));
#6549=DIRECTION('refdir',(1.,0.,0.));
#6550=DIRECTION('center_axis',(0.,0.,1.));
#6551=DIRECTION('ref_axis',(1.,0.,0.));
#6552=DIRECTION('center_axis',(0.,0.,1.));
#6553=DIRECTION('ref_axis',(1.,0.,0.));
#6554=DIRECTION('',(0.,0.,-1.));
#6555=DIRECTION('center_axis',(0.,0.,-1.));
#6556=DIRECTION('ref_axis',(1.,0.,0.));
#6557=DIRECTION('center_axis',(0.,0.,1.));
#6558=DIRECTION('ref_axis',(1.,0.,0.));
#6559=DIRECTION('center_axis',(0.,0.,1.));
#6560=DIRECTION('ref_axis',(1.,0.,0.));
#6561=DIRECTION('center_axis',(0.,0.,1.));
#6562=DIRECTION('ref_axis',(1.,0.,0.));
#6563=DIRECTION('',(0.,0.,-1.));
#6564=DIRECTION('center_axis',(0.,0.,-1.));
#6565=DIRECTION('ref_axis',(1.,0.,0.));
#6566=DIRECTION('center_axis',(0.,0.,1.));
#6567=DIRECTION('ref_axis',(1.,0.,0.));
#6568=DIRECTION('center_axis',(0.,0.,1.));
#6569=DIRECTION('ref_axis',(1.,0.,0.));
#6570=DIRECTION('center_axis',(0.,0.,1.));
#6571=DIRECTION('ref_axis',(1.,0.,0.));
#6572=DIRECTION('',(0.,0.,-1.));
#6573=DIRECTION('center_axis',(0.,0.,-1.));
#6574=DIRECTION('ref_axis',(1.,0.,0.));
#6575=DIRECTION('center_axis',(0.,0.,1.));
#6576=DIRECTION('ref_axis',(1.,0.,0.));
#6577=DIRECTION('center_axis',(0.,0.,1.));
#6578=DIRECTION('ref_axis',(1.,0.,0.));
#6579=DIRECTION('center_axis',(0.,0.,1.));
#6580=DIRECTION('ref_axis',(1.,0.,0.));
#6581=DIRECTION('',(0.,0.,-1.));
#6582=DIRECTION('center_axis',(0.,0.,-1.));
#6583=DIRECTION('ref_axis',(1.,0.,0.));
#6584=DIRECTION('center_axis',(0.,0.,1.));
#6585=DIRECTION('ref_axis',(1.,0.,0.));
#6586=DIRECTION('center_axis',(1.,0.,0.));
#6587=DIRECTION('ref_axis',(0.,1.,0.));
#6588=DIRECTION('',(0.,-1.,0.));
#6589=DIRECTION('',(0.,0.,1.));
#6590=DIRECTION('',(0.,1.,0.));
#6591=DIRECTION('',(0.,0.,1.));
#6592=DIRECTION('center_axis',(0.,0.,1.));
#6593=DIRECTION('ref_axis',(0.,-1.,0.));
#6594=DIRECTION('center_axis',(0.,0.,-1.));
#6595=DIRECTION('ref_axis',(0.,-1.,0.));
#6596=DIRECTION('center_axis',(0.,0.,1.));
#6597=DIRECTION('ref_axis',(0.,-1.,0.));
#6598=DIRECTION('',(0.,0.,1.));
#6599=DIRECTION('center_axis',(6.32745886671091E-16,-1.,0.));
#6600=DIRECTION('ref_axis',(1.,6.32745886671091E-16,0.));
#6601=DIRECTION('',(-1.,-6.32745886671091E-16,0.));
#6602=DIRECTION('',(1.,6.32745886671091E-16,0.));
#6603=DIRECTION('',(0.,0.,1.));
#6604=DIRECTION('center_axis',(0.,0.,1.));
#6605=DIRECTION('ref_axis',(-1.,1.11022302462517E-14,0.));
#6606=DIRECTION('center_axis',(0.,0.,-1.));
#6607=DIRECTION('ref_axis',(-1.,1.11022302462517E-14,0.));
#6608=DIRECTION('center_axis',(0.,0.,1.));
#6609=DIRECTION('ref_axis',(-1.,1.11022302462517E-14,0.));
#6610=DIRECTION('',(0.,0.,1.));
#6611=DIRECTION('center_axis',(-1.,0.,0.));
#6612=DIRECTION('ref_axis',(0.,-1.,0.));
#6613=DIRECTION('',(0.,1.,0.));
#6614=DIRECTION('',(0.,-1.,0.));
#6615=DIRECTION('',(0.,0.,1.));
#6616=DIRECTION('center_axis',(0.,0.,1.));
#6617=DIRECTION('ref_axis',(1.11022302462517E-14,1.,0.));
#6618=DIRECTION('center_axis',(0.,0.,-1.));
#6619=DIRECTION('ref_axis',(1.11022302462517E-14,1.,0.));
#6620=DIRECTION('center_axis',(0.,0.,1.));
#6621=DIRECTION('ref_axis',(1.11022302462517E-14,1.,0.));
#6622=DIRECTION('',(0.,0.,1.));
#6623=DIRECTION('center_axis',(0.,1.,0.));
#6624=DIRECTION('ref_axis',(-1.,0.,0.));
#6625=DIRECTION('',(1.,0.,0.));
#6626=DIRECTION('',(-1.,0.,0.));
#6627=DIRECTION('',(0.,0.,1.));
#6628=DIRECTION('center_axis',(0.,0.,1.));
#6629=DIRECTION('ref_axis',(1.,-1.11022302462518E-14,0.));
#6630=DIRECTION('center_axis',(0.,0.,-1.));
#6631=DIRECTION('ref_axis',(1.,-1.11022302462518E-14,0.));
#6632=DIRECTION('center_axis',(0.,0.,1.));
#6633=DIRECTION('ref_axis',(1.,-1.11022302462518E-14,0.));
#6634=DIRECTION('center_axis',(0.,-1.,0.));
#6635=DIRECTION('ref_axis',(1.,0.,0.));
#6636=DIRECTION('',(-1.,0.,0.));
#6637=DIRECTION('',(0.,0.,1.));
#6638=DIRECTION('',(1.,0.,0.));
#6639=DIRECTION('',(0.,0.,1.));
#6640=DIRECTION('center_axis',(0.,0.,1.));
#6641=DIRECTION('ref_axis',(-1.,1.11022302462517E-14,0.));
#6642=DIRECTION('center_axis',(0.,0.,-1.));
#6643=DIRECTION('ref_axis',(-1.,1.11022302462517E-14,0.));
#6644=DIRECTION('center_axis',(0.,0.,1.));
#6645=DIRECTION('ref_axis',(-1.,1.11022302462517E-14,0.));
#6646=DIRECTION('',(0.,0.,1.));
#6647=DIRECTION('center_axis',(-1.,0.,0.));
#6648=DIRECTION('ref_axis',(0.,-1.,0.));
#6649=DIRECTION('',(0.,1.,0.));
#6650=DIRECTION('',(0.,-1.,0.));
#6651=DIRECTION('',(0.,0.,1.));
#6652=DIRECTION('center_axis',(0.,0.,1.));
#6653=DIRECTION('ref_axis',(1.11022302462517E-14,1.,0.));
#6654=DIRECTION('center_axis',(0.,0.,-1.));
#6655=DIRECTION('ref_axis',(1.11022302462517E-14,1.,0.));
#6656=DIRECTION('center_axis',(0.,0.,1.));
#6657=DIRECTION('ref_axis',(1.11022302462517E-14,1.,0.));
#6658=DIRECTION('',(0.,0.,1.));
#6659=DIRECTION('center_axis',(0.,1.,0.));
#6660=DIRECTION('ref_axis',(-1.,0.,0.));
#6661=DIRECTION('',(1.,0.,0.));
#6662=DIRECTION('',(-1.,0.,0.));
#6663=DIRECTION('',(0.,0.,1.));
#6664=DIRECTION('center_axis',(0.,0.,1.));
#6665=DIRECTION('ref_axis',(1.,-1.11022302462517E-14,0.));
#6666=DIRECTION('center_axis',(0.,0.,-1.));
#6667=DIRECTION('ref_axis',(1.,-1.11022302462517E-14,0.));
#6668=DIRECTION('center_axis',(0.,0.,1.));
#6669=DIRECTION('ref_axis',(1.,-1.11022302462517E-14,0.));
#6670=DIRECTION('',(0.,0.,1.));
#6671=DIRECTION('center_axis',(1.,0.,0.));
#6672=DIRECTION('ref_axis',(0.,1.,0.));
#6673=DIRECTION('',(0.,-1.,0.));
#6674=DIRECTION('',(0.,1.,0.));
#6675=DIRECTION('',(0.,0.,1.));
#6676=DIRECTION('center_axis',(0.,0.,1.));
#6677=DIRECTION('ref_axis',(-1.11022302462517E-14,-1.,0.));
#6678=DIRECTION('center_axis',(0.,0.,-1.));
#6679=DIRECTION('ref_axis',(-1.11022302462517E-14,-1.,0.));
#6680=DIRECTION('center_axis',(0.,0.,1.));
#6681=DIRECTION('ref_axis',(-1.11022302462517E-14,-1.,0.));
#6682=DIRECTION('center_axis',(1.,0.,0.));
#6683=DIRECTION('ref_axis',(0.,1.,0.));
#6684=DIRECTION('',(0.,-1.,0.));
#6685=DIRECTION('',(0.,0.,1.));
#6686=DIRECTION('',(0.,1.,0.));
#6687=DIRECTION('',(0.,0.,1.));
#6688=DIRECTION('center_axis',(0.,0.,1.));
#6689=DIRECTION('ref_axis',(-1.11022302462517E-14,-1.,0.));
#6690=DIRECTION('center_axis',(0.,0.,-1.));
#6691=DIRECTION('ref_axis',(-1.11022302462517E-14,-1.,0.));
#6692=DIRECTION('center_axis',(0.,0.,1.));
#6693=DIRECTION('ref_axis',(-1.11022302462517E-14,-1.,0.));
#6694=DIRECTION('',(0.,0.,1.));
#6695=DIRECTION('center_axis',(0.,-1.,0.));
#6696=DIRECTION('ref_axis',(1.,0.,0.));
#6697=DIRECTION('',(-1.,0.,0.));
#6698=DIRECTION('',(1.,0.,0.));
#6699=DIRECTION('',(0.,0.,1.));
#6700=DIRECTION('center_axis',(0.,0.,1.));
#6701=DIRECTION('ref_axis',(-1.,1.11022302462517E-14,0.));
#6702=DIRECTION('center_axis',(0.,0.,-1.));
#6703=DIRECTION('ref_axis',(-1.,1.11022302462517E-14,0.));
#6704=DIRECTION('center_axis',(0.,0.,1.));
#6705=DIRECTION('ref_axis',(-1.,1.11022302462517E-14,0.));
#6706=DIRECTION('',(0.,0.,1.));
#6707=DIRECTION('center_axis',(-1.,0.,0.));
#6708=DIRECTION('ref_axis',(0.,-1.,0.));
#6709=DIRECTION('',(0.,1.,0.));
#6710=DIRECTION('',(0.,-1.,0.));
#6711=DIRECTION('',(0.,0.,1.));
#6712=DIRECTION('center_axis',(0.,0.,1.));
#6713=DIRECTION('ref_axis',(1.11022302462517E-14,1.,0.));
#6714=DIRECTION('center_axis',(0.,0.,-1.));
#6715=DIRECTION('ref_axis',(1.11022302462517E-14,1.,0.));
#6716=DIRECTION('center_axis',(0.,0.,1.));
#6717=DIRECTION('ref_axis',(1.11022302462517E-14,1.,0.));
#6718=DIRECTION('',(0.,0.,1.));
#6719=DIRECTION('center_axis',(0.,1.,0.));
#6720=DIRECTION('ref_axis',(-1.,0.,0.));
#6721=DIRECTION('',(1.,0.,0.));
#6722=DIRECTION('',(-1.,0.,0.));
#6723=DIRECTION('',(0.,0.,1.));
#6724=DIRECTION('center_axis',(0.,0.,1.));
#6725=DIRECTION('ref_axis',(1.,-1.11022302462517E-14,0.));
#6726=DIRECTION('center_axis',(0.,0.,-1.));
#6727=DIRECTION('ref_axis',(1.,-1.11022302462517E-14,0.));
#6728=DIRECTION('center_axis',(0.,0.,1.));
#6729=DIRECTION('ref_axis',(1.,-1.11022302462517E-14,0.));
#6730=DIRECTION('center_axis',(6.49181772912547E-16,-1.,0.));
#6731=DIRECTION('ref_axis',(1.,6.49181772912547E-16,0.));
#6732=DIRECTION('',(-1.,-6.49181772912547E-16,0.));
#6733=DIRECTION('',(0.,0.,1.));
#6734=DIRECTION('',(1.,6.49181772912547E-16,0.));
#6735=DIRECTION('',(0.,0.,1.));
#6736=DIRECTION('center_axis',(0.,0.,1.));
#6737=DIRECTION('ref_axis',(-1.,1.11022302462517E-14,0.));
#6738=DIRECTION('center_axis',(0.,0.,-1.));
#6739=DIRECTION('ref_axis',(-1.,1.11022302462517E-14,0.));
#6740=DIRECTION('center_axis',(0.,0.,1.));
#6741=DIRECTION('ref_axis',(-1.,1.11022302462517E-14,0.));
#6742=DIRECTION('',(0.,0.,1.));
#6743=DIRECTION('center_axis',(-1.,0.,0.));
#6744=DIRECTION('ref_axis',(0.,-1.,0.));
#6745=DIRECTION('',(0.,1.,0.));
#6746=DIRECTION('',(0.,-1.,0.));
#6747=DIRECTION('',(0.,0.,1.));
#6748=DIRECTION('center_axis',(0.,0.,1.));
#6749=DIRECTION('ref_axis',(1.11022302462517E-14,1.,0.));
#6750=DIRECTION('center_axis',(0.,0.,-1.));
#6751=DIRECTION('ref_axis',(1.11022302462517E-14,1.,0.));
#6752=DIRECTION('center_axis',(0.,0.,1.));
#6753=DIRECTION('ref_axis',(1.11022302462517E-14,1.,0.));
#6754=DIRECTION('',(0.,0.,1.));
#6755=DIRECTION('center_axis',(0.,1.,0.));
#6756=DIRECTION('ref_axis',(-1.,0.,0.));
#6757=DIRECTION('',(1.,0.,0.));
#6758=DIRECTION('',(-1.,0.,0.));
#6759=DIRECTION('',(0.,0.,1.));
#6760=DIRECTION('center_axis',(0.,0.,1.));
#6761=DIRECTION('ref_axis',(1.,-1.11022302462518E-14,0.));
#6762=DIRECTION('center_axis',(0.,0.,-1.));
#6763=DIRECTION('ref_axis',(1.,-1.11022302462518E-14,0.));
#6764=DIRECTION('center_axis',(0.,0.,1.));
#6765=DIRECTION('ref_axis',(1.,-1.11022302462518E-14,0.));
#6766=DIRECTION('',(0.,0.,1.));
#6767=DIRECTION('center_axis',(1.,0.,0.));
#6768=DIRECTION('ref_axis',(0.,1.,0.));
#6769=DIRECTION('',(0.,-1.,0.));
#6770=DIRECTION('',(0.,1.,0.));
#6771=DIRECTION('',(0.,0.,1.));
#6772=DIRECTION('center_axis',(0.,0.,1.));
#6773=DIRECTION('ref_axis',(0.,-1.,0.));
#6774=DIRECTION('center_axis',(0.,0.,-1.));
#6775=DIRECTION('ref_axis',(0.,-1.,0.));
#6776=DIRECTION('center_axis',(0.,0.,1.));
#6777=DIRECTION('ref_axis',(0.,-1.,0.));
#6778=DIRECTION('center_axis',(0.,0.,-1.));
#6779=DIRECTION('ref_axis',(1.,0.,0.));
#6780=DIRECTION('center_axis',(0.,0.,-1.));
#6781=DIRECTION('ref_axis',(1.,0.,0.));
#6782=DIRECTION('',(0.,0.,-1.));
#6783=DIRECTION('center_axis',(0.,0.,-1.));
#6784=DIRECTION('ref_axis',(1.,0.,0.));
#6785=DIRECTION('center_axis',(0.,0.,1.));
#6786=DIRECTION('ref_axis',(1.,0.,0.));
#6787=DIRECTION('center_axis',(0.,0.,-1.));
#6788=DIRECTION('ref_axis',(1.,0.,0.));
#6789=DIRECTION('center_axis',(0.,0.,-1.));
#6790=DIRECTION('ref_axis',(1.,0.,0.));
#6791=DIRECTION('',(0.,0.,-1.));
#6792=DIRECTION('center_axis',(0.,0.,-1.));
#6793=DIRECTION('ref_axis',(1.,0.,0.));
#6794=DIRECTION('center_axis',(0.,0.,1.));
#6795=DIRECTION('ref_axis',(1.,0.,0.));
#6796=DIRECTION('center_axis',(0.,0.,-1.));
#6797=DIRECTION('ref_axis',(1.,0.,0.));
#6798=DIRECTION('center_axis',(0.,0.,-1.));
#6799=DIRECTION('ref_axis',(1.,0.,0.));
#6800=DIRECTION('',(0.,0.,-1.));
#6801=DIRECTION('center_axis',(0.,0.,-1.));
#6802=DIRECTION('ref_axis',(1.,0.,0.));
#6803=DIRECTION('center_axis',(0.,0.,1.));
#6804=DIRECTION('ref_axis',(1.,0.,0.));
#6805=DIRECTION('center_axis',(0.,0.,-1.));
#6806=DIRECTION('ref_axis',(1.,0.,0.));
#6807=DIRECTION('center_axis',(0.,0.,-1.));
#6808=DIRECTION('ref_axis',(1.,0.,0.));
#6809=DIRECTION('',(0.,0.,-1.));
#6810=DIRECTION('center_axis',(0.,0.,-1.));
#6811=DIRECTION('ref_axis',(1.,0.,0.));
#6812=DIRECTION('center_axis',(0.,0.,1.));
#6813=DIRECTION('ref_axis',(1.,0.,0.));
#6814=DIRECTION('center_axis',(0.,0.,1.));
#6815=DIRECTION('ref_axis',(1.,0.,0.));
#6816=DIRECTION('',(-0.856521461508717,0.516111408491394,0.));
#6817=DIRECTION('center_axis',(0.,0.,-1.));
#6818=DIRECTION('ref_axis',(1.,0.,0.));
#6819=DIRECTION('center_axis',(0.,0.,-1.));
#6820=DIRECTION('ref_axis',(1.,0.,0.));
#6821=DIRECTION('center_axis',(0.,0.,-1.));
#6822=DIRECTION('ref_axis',(1.,0.,0.));
#6823=DIRECTION('center_axis',(0.,0.,-1.));
#6824=DIRECTION('ref_axis',(1.,0.,0.));
#6825=DIRECTION('',(0.,0.,-1.));
#6826=DIRECTION('center_axis',(0.,0.,1.));
#6827=DIRECTION('ref_axis',(1.,0.,0.));
#6828=DIRECTION('center_axis',(0.,0.,-1.));
#6829=DIRECTION('ref_axis',(1.,0.,0.));
#6830=DIRECTION('center_axis',(0.,0.,-1.));
#6831=DIRECTION('ref_axis',(1.,0.,0.));
#6832=DIRECTION('',(0.,0.,-1.));
#6833=DIRECTION('center_axis',(0.,0.,-1.));
#6834=DIRECTION('ref_axis',(1.,0.,0.));
#6835=DIRECTION('center_axis',(0.,0.,1.));
#6836=DIRECTION('ref_axis',(1.,0.,0.));
#6837=DIRECTION('center_axis',(0.,0.,-1.));
#6838=DIRECTION('ref_axis',(1.,0.,0.));
#6839=DIRECTION('center_axis',(0.,0.,-1.));
#6840=DIRECTION('ref_axis',(1.,0.,0.));
#6841=DIRECTION('',(0.,0.,-1.));
#6842=DIRECTION('center_axis',(0.,0.,-1.));
#6843=DIRECTION('ref_axis',(1.,0.,0.));
#6844=DIRECTION('center_axis',(0.,0.,1.));
#6845=DIRECTION('ref_axis',(1.,0.,0.));
#6846=DIRECTION('center_axis',(0.,0.,1.));
#6847=DIRECTION('ref_axis',(1.,0.,0.));
#6848=DIRECTION('',(-0.856521461508717,0.516111408491394,0.));
#6849=DIRECTION('center_axis',(0.,0.,-1.));
#6850=DIRECTION('ref_axis',(1.,0.,0.));
#6851=DIRECTION('center_axis',(0.,0.,-1.));
#6852=DIRECTION('ref_axis',(1.,0.,0.));
#6853=DIRECTION('center_axis',(0.,0.,-1.));
#6854=DIRECTION('ref_axis',(1.,0.,0.));
#6855=DIRECTION('center_axis',(0.,0.,-1.));
#6856=DIRECTION('ref_axis',(1.,0.,0.));
#6857=DIRECTION('',(0.,0.,-1.));
#6858=DIRECTION('center_axis',(0.,0.,1.));
#6859=DIRECTION('ref_axis',(1.,0.,0.));
#6860=DIRECTION('center_axis',(0.,0.,-1.));
#6861=DIRECTION('ref_axis',(1.,0.,0.));
#6862=DIRECTION('center_axis',(0.,0.,-1.));
#6863=DIRECTION('ref_axis',(1.,0.,0.));
#6864=DIRECTION('',(0.,0.,-1.));
#6865=DIRECTION('center_axis',(0.,0.,-1.));
#6866=DIRECTION('ref_axis',(1.,0.,0.));
#6867=DIRECTION('center_axis',(0.,0.,1.));
#6868=DIRECTION('ref_axis',(1.,0.,0.));
#6869=DIRECTION('center_axis',(0.,0.,-1.));
#6870=DIRECTION('ref_axis',(1.,0.,0.));
#6871=DIRECTION('center_axis',(0.,0.,-1.));
#6872=DIRECTION('ref_axis',(1.,0.,0.));
#6873=DIRECTION('',(0.,0.,-1.));
#6874=DIRECTION('center_axis',(0.,0.,1.));
#6875=DIRECTION('ref_axis',(1.,0.,0.));
#6876=DIRECTION('center_axis',(0.,0.,-1.));
#6877=DIRECTION('ref_axis',(1.,0.,0.));
#6878=DIRECTION('center_axis',(0.,0.,1.));
#6879=DIRECTION('ref_axis',(1.,0.,0.));
#6880=DIRECTION('center_axis',(0.,0.,1.));
#6881=DIRECTION('ref_axis',(1.,0.,0.));
#6882=DIRECTION('',(-0.0187048601821561,-0.999825048798822,0.));
#6883=DIRECTION('center_axis',(0.,0.,-1.));
#6884=DIRECTION('ref_axis',(1.,0.,0.));
#6885=DIRECTION('center_axis',(0.,0.,-1.));
#6886=DIRECTION('ref_axis',(1.,0.,0.));
#6887=DIRECTION('',(0.,0.,-1.));
#6888=DIRECTION('center_axis',(0.,0.,-1.));
#6889=DIRECTION('ref_axis',(1.,0.,0.));
#6890=DIRECTION('center_axis',(0.,0.,1.));
#6891=DIRECTION('ref_axis',(1.,0.,0.));
#6892=DIRECTION('center_axis',(0.,0.,1.));
#6893=DIRECTION('ref_axis',(1.,0.,0.));
#6894=DIRECTION('',(0.856521461508718,-0.516111408491394,0.));
#6895=DIRECTION('center_axis',(0.,0.,-1.));
#6896=DIRECTION('ref_axis',(1.,0.,0.));
#6897=DIRECTION('center_axis',(0.,0.,-1.));
#6898=DIRECTION('ref_axis',(1.,0.,0.));
#6899=DIRECTION('center_axis',(0.,0.,-1.));
#6900=DIRECTION('ref_axis',(1.,0.,0.));
#6901=DIRECTION('center_axis',(0.,0.,-1.));
#6902=DIRECTION('ref_axis',(1.,0.,0.));
#6903=DIRECTION('',(0.,0.,-1.));
#6904=DIRECTION('center_axis',(0.,0.,1.));
#6905=DIRECTION('ref_axis',(1.,0.,0.));
#6906=DIRECTION('center_axis',(0.,0.,-1.));
#6907=DIRECTION('ref_axis',(1.,0.,0.));
#6908=DIRECTION('center_axis',(0.,0.,-1.));
#6909=DIRECTION('ref_axis',(1.,0.,0.));
#6910=DIRECTION('',(0.,0.,-1.));
#6911=DIRECTION('center_axis',(0.,0.,-1.));
#6912=DIRECTION('ref_axis',(1.,0.,0.));
#6913=DIRECTION('center_axis',(0.,0.,1.));
#6914=DIRECTION('ref_axis',(1.,0.,0.));
#6915=DIRECTION('center_axis',(0.,0.,-1.));
#6916=DIRECTION('ref_axis',(1.,0.,0.));
#6917=DIRECTION('center_axis',(0.,0.,-1.));
#6918=DIRECTION('ref_axis',(1.,0.,0.));
#6919=DIRECTION('',(0.,0.,-1.));
#6920=DIRECTION('center_axis',(0.,0.,-1.));
#6921=DIRECTION('ref_axis',(1.,0.,0.));
#6922=DIRECTION('center_axis',(0.,0.,1.));
#6923=DIRECTION('ref_axis',(1.,0.,0.));
#6924=DIRECTION('center_axis',(0.,0.,-1.));
#6925=DIRECTION('ref_axis',(1.,0.,0.));
#6926=DIRECTION('center_axis',(0.,0.,-1.));
#6927=DIRECTION('ref_axis',(1.,0.,0.));
#6928=DIRECTION('',(0.,0.,-1.));
#6929=DIRECTION('center_axis',(0.,0.,-1.));
#6930=DIRECTION('ref_axis',(1.,0.,0.));
#6931=DIRECTION('center_axis',(0.,0.,1.));
#6932=DIRECTION('ref_axis',(1.,0.,0.));
#6933=DIRECTION('center_axis',(0.,0.,-1.));
#6934=DIRECTION('ref_axis',(1.,0.,0.));
#6935=DIRECTION('center_axis',(0.,0.,-1.));
#6936=DIRECTION('ref_axis',(1.,0.,0.));
#6937=DIRECTION('',(0.,0.,-1.));
#6938=DIRECTION('center_axis',(0.,0.,-1.));
#6939=DIRECTION('ref_axis',(1.,0.,0.));
#6940=DIRECTION('center_axis',(0.,0.,1.));
#6941=DIRECTION('ref_axis',(1.,0.,0.));
#6942=DIRECTION('center_axis',(0.,0.,-1.));
#6943=DIRECTION('ref_axis',(1.,0.,0.));
#6944=DIRECTION('center_axis',(0.,0.,-1.));
#6945=DIRECTION('ref_axis',(1.,0.,0.));
#6946=DIRECTION('',(0.,0.,-1.));
#6947=DIRECTION('center_axis',(0.,0.,-1.));
#6948=DIRECTION('ref_axis',(1.,0.,0.));
#6949=DIRECTION('center_axis',(0.,0.,1.));
#6950=DIRECTION('ref_axis',(1.,0.,0.));
#6951=DIRECTION('center_axis',(0.,0.,-1.));
#6952=DIRECTION('ref_axis',(1.,0.,0.));
#6953=DIRECTION('center_axis',(0.,0.,-1.));
#6954=DIRECTION('ref_axis',(1.,0.,0.));
#6955=DIRECTION('',(0.,0.,-1.));
#6956=DIRECTION('center_axis',(0.,0.,-1.));
#6957=DIRECTION('ref_axis',(1.,0.,0.));
#6958=DIRECTION('center_axis',(0.,0.,1.));
#6959=DIRECTION('ref_axis',(1.,0.,0.));
#6960=DIRECTION('center_axis',(0.,0.,-1.));
#6961=DIRECTION('ref_axis',(1.,0.,0.));
#6962=DIRECTION('center_axis',(0.,0.,-1.));
#6963=DIRECTION('ref_axis',(1.,0.,0.));
#6964=DIRECTION('',(0.,0.,-1.));
#6965=DIRECTION('center_axis',(0.,0.,-1.));
#6966=DIRECTION('ref_axis',(1.,0.,0.));
#6967=DIRECTION('center_axis',(0.,0.,1.));
#6968=DIRECTION('ref_axis',(1.,0.,0.));
#6969=DIRECTION('center_axis',(0.,0.,-1.));
#6970=DIRECTION('ref_axis',(1.,0.,0.));
#6971=DIRECTION('center_axis',(0.,0.,-1.));
#6972=DIRECTION('ref_axis',(1.,0.,0.));
#6973=DIRECTION('',(0.,0.,-1.));
#6974=DIRECTION('center_axis',(0.,0.,-1.));
#6975=DIRECTION('ref_axis',(1.,0.,0.));
#6976=DIRECTION('center_axis',(0.,0.,1.));
#6977=DIRECTION('ref_axis',(1.,0.,0.));
#6978=DIRECTION('center_axis',(0.,0.,-1.));
#6979=DIRECTION('ref_axis',(1.,0.,0.));
#6980=DIRECTION('center_axis',(0.,0.,-1.));
#6981=DIRECTION('ref_axis',(1.,0.,0.));
#6982=DIRECTION('',(0.,0.,-1.));
#6983=DIRECTION('center_axis',(0.,0.,-1.));
#6984=DIRECTION('ref_axis',(1.,0.,0.));
#6985=DIRECTION('center_axis',(0.,0.,1.));
#6986=DIRECTION('ref_axis',(1.,0.,0.));
#6987=DIRECTION('center_axis',(0.,0.,-1.));
#6988=DIRECTION('ref_axis',(1.,0.,0.));
#6989=DIRECTION('center_axis',(0.,0.,-1.));
#6990=DIRECTION('ref_axis',(1.,0.,0.));
#6991=DIRECTION('',(0.,0.,-1.));
#6992=DIRECTION('center_axis',(0.,0.,-1.));
#6993=DIRECTION('ref_axis',(1.,0.,0.));
#6994=DIRECTION('center_axis',(0.,0.,1.));
#6995=DIRECTION('ref_axis',(1.,0.,0.));
#6996=DIRECTION('center_axis',(0.,0.,-1.));
#6997=DIRECTION('ref_axis',(1.,0.,0.));
#6998=DIRECTION('center_axis',(0.,0.,-1.));
#6999=DIRECTION('ref_axis',(1.,0.,0.));
#7000=DIRECTION('',(0.,0.,-1.));
#7001=DIRECTION('center_axis',(0.,0.,-1.));
#7002=DIRECTION('ref_axis',(1.,0.,0.));
#7003=DIRECTION('center_axis',(0.,0.,1.));
#7004=DIRECTION('ref_axis',(1.,0.,0.));
#7005=DIRECTION('center_axis',(0.,0.,-1.));
#7006=DIRECTION('ref_axis',(1.,0.,0.));
#7007=DIRECTION('center_axis',(0.,0.,-1.));
#7008=DIRECTION('ref_axis',(1.,0.,0.));
#7009=DIRECTION('',(0.,0.,-1.));
#7010=DIRECTION('center_axis',(0.,0.,-1.));
#7011=DIRECTION('ref_axis',(1.,0.,0.));
#7012=DIRECTION('center_axis',(0.,0.,1.));
#7013=DIRECTION('ref_axis',(1.,0.,0.));
#7014=DIRECTION('center_axis',(0.,0.,-1.));
#7015=DIRECTION('ref_axis',(-0.64434507644887,-0.764734870694478,0.));
#7016=DIRECTION('',(-0.0187048601821561,-0.999825048798822,0.));
#7017=DIRECTION('',(-0.764734870694477,0.644345076448871,0.));
#7018=DIRECTION('',(-0.64434507644887,-0.764734870694478,0.));
#7019=DIRECTION('',(0.672102024480743,-0.740458552985166,0.));
#7020=DIRECTION('',(-0.875226321690874,-0.483713640307427,0.));
#7021=DIRECTION('',(-0.0187048601821561,-0.999825048798822,0.));
#7022=DIRECTION('center_axis',(0.,0.,-1.));
#7023=DIRECTION('ref_axis',(-0.57190838446462,0.820317499373912,0.));
#7024=DIRECTION('',(-0.856521461508717,0.516111408491394,0.));
#7025=DIRECTION('',(-0.882213134748276,-0.470850278621155,0.));
#7026=DIRECTION('',(-0.57190838446462,0.820317499373912,0.));
#7027=DIRECTION('',(0.820317499373912,0.57190838446462,0.));
#7028=DIRECTION('',(0.0187048601821563,0.999825048798822,0.));
#7029=DIRECTION('',(-0.856521461508717,0.516111408491394,0.));
#7030=DIRECTION('center_axis',(-0.57190838446462,0.820317499373913,0.));
#7031=DIRECTION('ref_axis',(0.,0.,1.));
#7032=DIRECTION('',(0.,0.,1.));
#7033=DIRECTION('',(0.,0.,1.));
#7034=DIRECTION('',(0.820317499373912,0.57190838446462,0.));
#7035=DIRECTION('center_axis',(0.820317499373913,0.57190838446462,0.));
#7036=DIRECTION('ref_axis',(0.,0.,-1.));
#7037=DIRECTION('',(0.,0.,1.));
#7038=DIRECTION('',(0.57190838446462,-0.820317499373913,0.));
#7039=DIRECTION('',(0.,0.,-1.));
#7040=DIRECTION('',(0.57190838446462,-0.820317499373912,0.));
#7041=DIRECTION('center_axis',(-0.457555927725508,0.889180843812579,0.));
#7042=DIRECTION('ref_axis',(0.,0.,1.));
#7043=DIRECTION('',(0.889180843812582,0.457555927725501,0.));
#7044=DIRECTION('',(0.,0.,-1.));
#7045=DIRECTION('',(0.889180843812579,0.457555927725508,0.));
#7046=DIRECTION('center_axis',(0.,0.,1.));
#7047=DIRECTION('ref_axis',(-1.,1.11022302462516E-16,0.));
#7048=DIRECTION('',(-0.882213134748278,-0.470850278621151,0.));
#7049=DIRECTION('',(-0.460132449248286,0.887850285323361,0.));
#7050=DIRECTION('',(-0.887850285323361,-0.460132449248285,0.));
#7051=DIRECTION('',(0.895245354701427,0.445573512324864,0.));
#7052=DIRECTION('',(-0.445573512324863,0.895245354701428,0.));
#7053=DIRECTION('center_axis',(0.,0.,1.));
#7054=DIRECTION('ref_axis',(0.895245354701428,0.445573512324862,0.));
#7055=DIRECTION('',(-0.882213134748278,-0.470850278621151,0.));
#7056=DIRECTION('center_axis',(0.,0.,1.));
#7057=DIRECTION('ref_axis',(-0.470850278621153,0.882213134748278,0.));
#7058=DIRECTION('',(0.589052288783982,-0.808094920834398,0.));
#7059=DIRECTION('center_axis',(0.,0.,1.));
#7060=DIRECTION('ref_axis',(-0.808094920834398,-0.589052288783982,0.));
#7061=DIRECTION('',(0.889180843812583,0.4575559277255,0.));
#7062=DIRECTION('center_axis',(0.,0.,1.));
#7063=DIRECTION('ref_axis',(0.457555927725498,-0.889180843812584,0.));
#7064=DIRECTION('',(-0.457555927725501,0.889180843812582,0.));
#7065=DIRECTION('',(-0.889180843812582,-0.457555927725501,0.));
#7066=DIRECTION('',(-0.457555927725501,0.889180843812582,0.));
#7067=DIRECTION('center_axis',(-0.889180843812582,-0.457555927725501,0.));
#7068=DIRECTION('ref_axis',(0.,0.,1.));
#7069=DIRECTION('',(0.,0.,-1.));
#7070=DIRECTION('',(-0.457555927725501,0.889180843812582,0.));
#7071=DIRECTION('center_axis',(-0.887850285323361,-0.460132449248285,0.));
#7072=DIRECTION('ref_axis',(0.,0.,1.));
#7073=DIRECTION('',(0.,0.,1.));
#7074=DIRECTION('',(-0.460132449248285,0.887850285323361,0.));
#7075=DIRECTION('',(0.,0.,1.));
#7076=DIRECTION('center_axis',(0.460132449248285,-0.887850285323361,0.));
#7077=DIRECTION('ref_axis',(0.,0.,1.));
#7078=DIRECTION('',(0.,0.,1.));
#7079=DIRECTION('',(-0.887850285323361,-0.460132449248285,0.));
#7080=DIRECTION('center_axis',(0.,0.,1.));
#7081=DIRECTION('ref_axis',(1.,0.,0.));
#7082=DIRECTION('',(0.889180843812582,0.457555927725501,0.));
#7083=DIRECTION('',(-0.455743570009167,0.890111115757633,0.));
#7084=DIRECTION('',(-0.895245354701427,-0.445573512324864,0.));
#7085=DIRECTION('',(-0.882213134748276,-0.470850278621155,0.));
#7086=DIRECTION('',(0.856521461508717,-0.516111408491394,0.));
#7087=DIRECTION('',(-0.0187048601821563,-0.999825048798822,0.));
#7088=DIRECTION('center_axis',(0.470850278621155,-0.882213134748277,0.));
#7089=DIRECTION('ref_axis',(0.,0.,-1.));
#7090=DIRECTION('',(0.,0.,1.));
#7091=DIRECTION('center_axis',(0.516111408491394,0.856521461508717,0.));
#7092=DIRECTION('ref_axis',(-0.856521461508717,0.516111408491394,0.));
#7093=DIRECTION('',(0.,0.,1.));
#7094=DIRECTION('center_axis',(0.,0.,-1.));
#7095=DIRECTION('ref_axis',(-0.996369985859043,-0.0851284398967219,0.));
#7096=DIRECTION('',(-0.875226321690874,-0.483713640307427,0.));
#7097=DIRECTION('',(-0.0333382647092328,-0.999444125554889,0.));
#7098=DIRECTION('',(-0.996369985859043,-0.0851284398967219,0.));
#7099=DIRECTION('center_axis',(0.,0.,-1.));
#7100=DIRECTION('ref_axis',(-0.996369985859043,-0.0851284398967219,0.));
#7101=DIRECTION('',(-0.856521461508717,0.516111408491394,0.));
#7102=DIRECTION('',(-0.996369985859043,-0.0851284398967219,0.));
#7103=DIRECTION('',(-0.0851284398967212,0.996369985859043,0.));
#7104=DIRECTION('',(-0.856521461508717,0.516111408491394,0.));
#7105=DIRECTION('center_axis',(-0.996369985859043,-0.0851284398967212,0.));
#7106=DIRECTION('ref_axis',(0.,0.,1.));
#7107=DIRECTION('',(0.,0.,1.));
#7108=DIRECTION('',(0.,0.,1.));
#7109=DIRECTION('',(-0.0851284398967212,0.996369985859043,0.));
#7110=DIRECTION('center_axis',(-0.0851284398967212,0.996369985859043,0.));
#7111=DIRECTION('ref_axis',(0.,0.,1.));
#7112=DIRECTION('',(0.,0.,1.));
#7113=DIRECTION('',(0.996369985859043,0.0851284398967212,0.));
#7114=DIRECTION('',(0.996369985859043,0.0851284398967212,0.));
#7115=DIRECTION('',(0.,0.,-1.));
#7116=DIRECTION('',(0.996369985859043,0.0851284398967219,0.));
#7117=DIRECTION('center_axis',(-0.99883116316293,0.0483353648438546,0.));
#7118=DIRECTION('ref_axis',(0.,0.,1.));
#7119=DIRECTION('',(0.0483353648438506,0.99883116316293,0.));
#7120=DIRECTION('',(0.,0.,1.));
#7121=DIRECTION('',(0.0483353648438546,0.99883116316293,0.));
#7122=DIRECTION('center_axis',(0.,0.,1.));
#7123=DIRECTION('ref_axis',(-0.5,-0.866025403784438,0.));
#7124=DIRECTION('',(-0.0333382647092414,-0.999444125554889,0.));
#7125=DIRECTION('',(-0.998967126471436,0.0454387525071112,0.));
#7126=DIRECTION('',(-0.0454387525071099,-0.998967126471436,0.));
#7127=DIRECTION('',(0.0617446964239231,0.998091975953879,0.));
#7128=DIRECTION('',(-0.998091975953878,0.0617446964239241,0.));
#7129=DIRECTION('center_axis',(0.,0.,1.));
#7130=DIRECTION('ref_axis',(0.061744696423925,0.998091975953878,0.));
#7131=DIRECTION('',(-0.0333382647092416,-0.999444125554889,0.));
#7132=DIRECTION('center_axis',(0.,0.,1.));
#7133=DIRECTION('ref_axis',(-0.999444125554889,0.0333382647092398,0.));
#7134=DIRECTION('',(0.994356874503755,0.106086785827096,0.));
#7135=DIRECTION('center_axis',(0.,0.,1.));
#7136=DIRECTION('ref_axis',(0.106086785827097,-0.994356874503755,0.));
#7137=DIRECTION('',(0.0483353648438515,0.99883116316293,0.));
#7138=DIRECTION('center_axis',(0.,0.,1.));
#7139=DIRECTION('ref_axis',(0.99883116316293,-0.0483353648438541,0.));
#7140=DIRECTION('',(-0.99883116316293,0.0483353648438513,0.));
#7141=DIRECTION('',(-0.0483353648438509,-0.99883116316293,0.));
#7142=DIRECTION('',(-0.99883116316293,0.0483353648438505,0.));
#7143=DIRECTION('center_axis',(0.,0.,1.));
#7144=DIRECTION('ref_axis',(1.,0.,0.));
#7145=DIRECTION('',(-0.99883116316293,0.0483353648438508,0.));
#7146=DIRECTION('',(0.0483353648438508,0.99883116316293,0.));
#7147=DIRECTION('',(0.99883116316293,-0.0483353648438512,0.));
#7148=DIRECTION('center_axis',(0.,0.,-1.));
#7149=DIRECTION('ref_axis',(0.99883116316293,-0.0483353648438541,0.));
#7150=DIRECTION('',(0.,1.,0.));
#7151=DIRECTION('',(-1.,2.8421709430404E-15,0.));
#7152=DIRECTION('',(0.,-1.,0.));
#7153=DIRECTION('',(0.0333382647092417,0.999444125554889,0.));
#7154=DIRECTION('center_axis',(0.,0.,-1.));
#7155=DIRECTION('ref_axis',(0.061744696423925,0.998091975953878,0.));
#7156=DIRECTION('',(0.998091975953878,-0.0617446964239241,0.));
#7157=DIRECTION('',(-0.0617446964239231,-0.998091975953879,0.));
#7158=DIRECTION('',(-0.0454387525071099,-0.998967126471436,0.));
#7159=DIRECTION('',(-0.998967126471436,0.0454387525071099,0.));
#7160=DIRECTION('',(-0.0333382647092328,-0.999444125554889,0.));
#7161=DIRECTION('',(0.875226321690874,0.483713640307427,0.));
#7162=DIRECTION('',(0.856521461508717,-0.516111408491394,0.));
#7163=DIRECTION('center_axis',(0.999444125554889,-0.0333382647092328,0.));
#7164=DIRECTION('ref_axis',(0.,0.,-1.));
#7165=DIRECTION('',(0.,0.,1.));
#7166=DIRECTION('',(0.,0.,-1.));
#7167=DIRECTION('center_axis',(0.,0.,1.));
#7168=DIRECTION('ref_axis',(1.,0.,0.));
#7169=DIRECTION('',(-0.856521461508717,0.516111408491394,0.));
#7170=DIRECTION('',(-0.875226321690874,-0.483713640307427,0.));
#7171=DIRECTION('center_axis',(-0.0483353648438508,-0.99883116316293,0.));
#7172=DIRECTION('ref_axis',(0.,0.,-1.));
#7173=DIRECTION('',(0.,0.,-1.));
#7174=DIRECTION('center_axis',(-0.0454387525071099,-0.998967126471436,0.));
#7175=DIRECTION('ref_axis',(0.,0.,-1.));
#7176=DIRECTION('',(0.,0.,1.));
#7177=DIRECTION('center_axis',(0.998967126471436,-0.0454387525071099,0.));
#7178=DIRECTION('ref_axis',(0.,0.,1.));
#7179=DIRECTION('',(0.,0.,1.));
#7180=DIRECTION('center_axis',(0.672102024480742,-0.740458552985167,0.));
#7181=DIRECTION('ref_axis',(0.,0.,-1.));
#7182=DIRECTION('',(0.,0.,-1.));
#7183=DIRECTION('',(-0.740458552985167,-0.672102024480742,0.));
#7184=DIRECTION('',(0.,0.,-1.));
#7185=DIRECTION('',(-0.740458552985167,-0.672102024480742,0.));
#7186=DIRECTION('center_axis',(0.674246379283956,-0.738506479336827,0.));
#7187=DIRECTION('ref_axis',(0.,0.,-1.));
#7188=DIRECTION('',(0.,0.,1.));
#7189=DIRECTION('',(-0.738506479336827,-0.674246379283956,0.));
#7190=DIRECTION('',(0.,0.,1.));
#7191=DIRECTION('',(-0.738506479336827,-0.674246379283956,0.));
#7192=DIRECTION('center_axis',(0.738506479336827,0.674246379283956,0.));
#7193=DIRECTION('ref_axis',(0.,0.,1.));
#7194=DIRECTION('',(0.,0.,1.));
#7195=DIRECTION('',(0.674246379283956,-0.738506479336827,0.));
#7196=DIRECTION('',(0.674246379283956,-0.738506479336827,0.));
#7197=DIRECTION('center_axis',(0.,0.,1.));
#7198=DIRECTION('ref_axis',(1.,0.,0.));
#7199=DIRECTION('',(-0.672102024480742,0.740458552985167,0.));
#7200=DIRECTION('',(-0.74182619937589,-0.670592193452564,0.));
#7201=DIRECTION('',(0.662097510901207,-0.749417697988529,0.));
#7202=DIRECTION('',(0.683140005548025,-0.730287431645818,0.));
#7203=DIRECTION('',(0.644345076448871,0.764734870694477,0.));
#7204=DIRECTION('',(0.764734870694477,-0.644345076448871,0.));
#7205=DIRECTION('',(0.0187048601821561,0.999825048798822,0.));
#7206=DIRECTION('',(0.875226321690874,0.483713640307427,0.));
#7207=DIRECTION('',(-0.672102024480743,0.740458552985166,0.));
#7208=DIRECTION('center_axis',(0.730287431645818,0.683140005548025,0.));
#7209=DIRECTION('ref_axis',(0.,0.,-1.));
#7210=DIRECTION('',(0.683140005548024,-0.730287431645818,0.));
#7211=DIRECTION('',(0.,0.,1.));
#7212=DIRECTION('center_axis',(-0.740458552985166,-0.672102024480744,0.));
#7213=DIRECTION('ref_axis',(0.,0.,1.));
#7214=DIRECTION('',(0.,0.,-1.));
#7215=DIRECTION('',(0.,0.,-1.));
#7216=DIRECTION('',(-0.672102024480742,0.740458552985167,0.));
#7217=DIRECTION('center_axis',(0.,0.,1.));
#7218=DIRECTION('ref_axis',(0.25881904510252,-0.965925826289068,0.));
#7219=DIRECTION('',(-0.662097510901207,0.749417697988529,0.));
#7220=DIRECTION('',(-0.749417697988529,-0.662097510901207,0.));
#7221=DIRECTION('center_axis',(0.,0.,1.));
#7222=DIRECTION('ref_axis',(-0.662097510901206,0.74941769798853,0.));
#7223=DIRECTION('',(0.683140005548024,-0.730287431645818,0.));
#7224=DIRECTION('center_axis',(0.,0.,1.));
#7225=DIRECTION('ref_axis',(-0.730287431645817,-0.683140005548026,0.));
#7226=DIRECTION('',(0.628101803228441,0.77813117453369,0.));
#7227=DIRECTION('center_axis',(0.,0.,1.));
#7228=DIRECTION('ref_axis',(0.778131174533691,-0.628101803228441,0.));
#7229=DIRECTION('',(-0.672102024480742,0.740458552985168,0.));
#7230=DIRECTION('center_axis',(0.,0.,1.));
#7231=DIRECTION('ref_axis',(0.74045855298517,0.67210202448074,0.));
#7232=DIRECTION('',(-0.740458552985168,-0.672102024480742,0.));
#7233=DIRECTION('',(0.672102024480742,-0.740458552985167,0.));
#7234=DIRECTION('',(0.64434507644887,0.764734870694478,0.));
#7235=DIRECTION('center_axis',(-0.764734870694477,0.644345076448871,0.));
#7236=DIRECTION('ref_axis',(0.,0.,1.));
#7237=DIRECTION('',(0.,0.,-1.));
#7238=DIRECTION('center_axis',(0.644345076448871,0.764734870694477,0.));
#7239=DIRECTION('ref_axis',(0.,0.,-1.));
#7240=DIRECTION('',(0.,0.,-1.));
#7241=DIRECTION('center_axis',(-0.672102024480743,0.740458552985167,0.));
#7242=DIRECTION('ref_axis',(0.,0.,1.));
#7243=DIRECTION('',(0.,0.,-1.));
#7244=DIRECTION('',(0.740458552985167,0.672102024480742,0.));
#7245=DIRECTION('',(0.,0.,-1.));
#7246=DIRECTION('',(0.740458552985167,0.672102024480743,0.));
#7247=DIRECTION('center_axis',(-0.674246379283957,0.738506479336827,0.));
#7248=DIRECTION('ref_axis',(0.,0.,1.));
#7249=DIRECTION('',(0.,0.,1.));
#7250=DIRECTION('',(0.738506479336826,0.674246379283957,0.));
#7251=DIRECTION('',(0.,0.,1.));
#7252=DIRECTION('',(0.738506479336827,0.674246379283956,0.));
#7253=DIRECTION('center_axis',(-0.738506479336826,-0.674246379283957,0.));
#7254=DIRECTION('ref_axis',(0.,0.,1.));
#7255=DIRECTION('',(0.,0.,1.));
#7256=DIRECTION('',(-0.674246379283957,0.738506479336826,0.));
#7257=DIRECTION('',(-0.674246379283957,0.738506479336826,0.));
#7258=DIRECTION('center_axis',(0.,0.,1.));
#7259=DIRECTION('ref_axis',(1.,0.,0.));
#7260=DIRECTION('',(0.672102024480743,-0.740458552985167,0.));
#7261=DIRECTION('',(0.74182619937589,0.670592193452565,0.));
#7262=DIRECTION('',(-0.662097510901208,0.749417697988529,0.));
#7263=DIRECTION('',(-0.683140005548027,0.730287431645816,0.));
#7264=DIRECTION('',(-0.644345076448871,-0.764734870694477,0.));
#7265=DIRECTION('',(0.672102024480744,-0.740458552985165,0.));
#7266=DIRECTION('center_axis',(-0.730287431645816,-0.683140005548027,0.));
#7267=DIRECTION('ref_axis',(0.,0.,1.));
#7268=DIRECTION('',(-0.683140005548025,0.730287431645818,0.));
#7269=DIRECTION('',(0.,0.,1.));
#7270=DIRECTION('center_axis',(0.740458552985165,0.672102024480745,0.));
#7271=DIRECTION('ref_axis',(0.,0.,-1.));
#7272=DIRECTION('',(0.,0.,-1.));
#7273=DIRECTION('',(0.672102024480742,-0.740458552985167,0.));
#7274=DIRECTION('center_axis',(0.764734870694477,-0.644345076448871,0.));
#7275=DIRECTION('ref_axis',(0.,0.,-1.));
#7276=DIRECTION('',(-0.64434507644887,-0.764734870694478,0.));
#7277=DIRECTION('center_axis',(0.,0.,-1.));
#7278=DIRECTION('ref_axis',(0.996369985859043,0.0851284398967218,0.));
#7279=DIRECTION('',(0.856521461508718,-0.516111408491394,0.));
#7280=DIRECTION('',(0.875226321690874,0.483713640307427,0.));
#7281=DIRECTION('',(0.0851284398967209,-0.996369985859043,0.));
#7282=DIRECTION('',(0.996369985859043,0.0851284398967218,0.));
#7283=DIRECTION('',(0.0851284398967209,-0.996369985859043,0.));
#7284=DIRECTION('center_axis',(-0.996369985859043,-0.0851284398967209,0.));
#7285=DIRECTION('ref_axis',(0.,0.,-1.));
#7286=DIRECTION('',(0.,0.,-1.));
#7287=DIRECTION('',(-0.0851284398967209,0.996369985859043,0.));
#7288=DIRECTION('',(0.,0.,-1.));
#7289=DIRECTION('center_axis',(0.996369985859043,0.0851284398967209,0.));
#7290=DIRECTION('ref_axis',(0.,0.,1.));
#7291=DIRECTION('',(0.,0.,1.));
#7292=DIRECTION('',(0.,0.,1.));
#7293=DIRECTION('',(0.0851284398967209,-0.996369985859043,0.));
#7294=DIRECTION('center_axis',(0.0851284398967209,-0.996369985859043,0.));
#7295=DIRECTION('ref_axis',(0.,0.,-1.));
#7296=DIRECTION('',(0.,0.,1.));
#7297=DIRECTION('',(-0.996369985859043,-0.0851284398967209,0.));
#7298=DIRECTION('',(-0.996369985859043,-0.0851284398967209,0.));
#7299=DIRECTION('',(0.,0.,-1.));
#7300=DIRECTION('',(-0.996369985859043,-0.0851284398967218,0.));
#7301=DIRECTION('center_axis',(0.99883116316293,-0.0483353648438502,0.));
#7302=DIRECTION('ref_axis',(0.,0.,-1.));
#7303=DIRECTION('',(-0.0483353648438508,-0.99883116316293,0.));
#7304=DIRECTION('',(0.,0.,1.));
#7305=DIRECTION('',(-0.0483353648438502,-0.99883116316293,0.));
#7306=DIRECTION('center_axis',(0.,0.,1.));
#7307=DIRECTION('ref_axis',(0.5,0.866025403784438,0.));
#7308=DIRECTION('',(0.0333382647092416,0.999444125554889,0.));
#7309=DIRECTION('',(0.998967126471436,-0.0454387525071113,0.));
#7310=DIRECTION('',(0.0454387525071098,0.998967126471436,0.));
#7311=DIRECTION('',(-0.0617446964239232,-0.998091975953879,0.));
#7312=DIRECTION('',(0.998091975953878,-0.0617446964239242,0.));
#7313=DIRECTION('center_axis',(0.,0.,1.));
#7314=DIRECTION('ref_axis',(-0.0617446964239251,-0.998091975953878,0.));
#7315=DIRECTION('',(0.0333382647092417,0.999444125554889,0.));
#7316=DIRECTION('center_axis',(0.,0.,1.));
#7317=DIRECTION('ref_axis',(0.999444125554889,-0.0333382647092399,0.));
#7318=DIRECTION('',(-0.994356874503755,-0.106086785827096,0.));
#7319=DIRECTION('center_axis',(0.,0.,1.));
#7320=DIRECTION('ref_axis',(-0.106086785827097,0.994356874503755,0.));
#7321=DIRECTION('',(-0.0483353648438517,-0.99883116316293,0.));
#7322=DIRECTION('center_axis',(0.,0.,1.));
#7323=DIRECTION('ref_axis',(-0.99883116316293,0.0483353648438542,0.));
#7324=DIRECTION('',(0.99883116316293,-0.0483353648438514,0.));
#7325=DIRECTION('',(0.048335364843851,0.99883116316293,0.));
#7326=DIRECTION('',(0.99883116316293,-0.0483353648438506,0.));
#7327=DIRECTION('center_axis',(0.,0.,1.));
#7328=DIRECTION('ref_axis',(1.,0.,0.));
#7329=DIRECTION('',(0.99883116316293,-0.048335364843851,0.));
#7330=DIRECTION('',(-0.048335364843851,-0.99883116316293,0.));
#7331=DIRECTION('',(-0.99883116316293,0.0483353648438513,0.));
#7332=DIRECTION('center_axis',(0.,0.,-1.));
#7333=DIRECTION('ref_axis',(-0.99883116316293,0.0483353648438542,0.));
#7334=DIRECTION('',(0.,-1.,0.));
#7335=DIRECTION('',(1.,7.10542735760102E-16,0.));
#7336=DIRECTION('',(-0.998091975953878,0.0617446964239242,0.));
#7337=DIRECTION('',(0.0617446964239232,0.998091975953879,0.));
#7338=DIRECTION('',(0.0454387525071098,0.998967126471436,0.));
#7339=DIRECTION('',(0.998967126471436,-0.0454387525071098,0.));
#7340=DIRECTION('',(0.0333382647092416,0.999444125554889,0.));
#7341=DIRECTION('',(-0.875226321690874,-0.483713640307427,0.));
#7342=DIRECTION('',(-0.856521461508718,0.516111408491394,0.));
#7343=DIRECTION('center_axis',(-0.999444125554889,0.0333382647092416,0.));
#7344=DIRECTION('ref_axis',(0.,0.,1.));
#7345=DIRECTION('',(0.,0.,-1.));
#7346=DIRECTION('center_axis',(0.0454387525071098,0.998967126471436,0.));
#7347=DIRECTION('ref_axis',(0.,0.,1.));
#7348=DIRECTION('',(0.,0.,1.));
#7349=DIRECTION('center_axis',(-0.998967126471436,0.0454387525071098,0.));
#7350=DIRECTION('ref_axis',(0.,0.,1.));
#7351=DIRECTION('',(0.,0.,1.));
#7352=DIRECTION('center_axis',(0.048335364843851,0.99883116316293,0.));
#7353=DIRECTION('ref_axis',(0.,0.,1.));
#7354=DIRECTION('',(0.,0.,-1.));
#7355=DIRECTION('center_axis',(0.889180843812582,0.457555927725502,0.));
#7356=DIRECTION('ref_axis',(0.,0.,-1.));
#7357=DIRECTION('',(0.,0.,-1.));
#7358=DIRECTION('',(0.457555927725501,-0.889180843812582,0.));
#7359=DIRECTION('',(0.,0.,-1.));
#7360=DIRECTION('',(0.457555927725502,-0.889180843812582,0.));
#7361=DIRECTION('center_axis',(0.887850285323361,0.460132449248286,0.));
#7362=DIRECTION('ref_axis',(0.,0.,-1.));
#7363=DIRECTION('',(0.,0.,1.));
#7364=DIRECTION('',(0.460132449248286,-0.887850285323361,0.));
#7365=DIRECTION('',(0.,0.,1.));
#7366=DIRECTION('',(0.460132449248286,-0.887850285323361,0.));
#7367=DIRECTION('center_axis',(-0.470850278621151,0.882213134748279,0.));
#7368=DIRECTION('ref_axis',(0.,0.,1.));
#7369=DIRECTION('',(0.882213134748278,0.470850278621151,0.));
#7370=DIRECTION('',(0.,0.,-1.));
#7371=DIRECTION('',(0.882213134748279,0.470850278621151,0.));
#7372=DIRECTION('',(0.,0.,1.));
#7373=DIRECTION('',(0.882213134748279,0.470850278621151,0.));
#7374=DIRECTION('center_axis',(0.,0.,1.));
#7375=DIRECTION('ref_axis',(1.,0.,0.));
#7376=DIRECTION('',(0.887850285323361,0.460132449248286,0.));
#7377=DIRECTION('',(-0.895245354701427,-0.445573512324864,0.));
#7378=DIRECTION('',(0.445573512324863,-0.895245354701428,0.));
#7379=DIRECTION('center_axis',(0.,0.,1.));
#7380=DIRECTION('ref_axis',(-0.895245354701428,-0.445573512324862,0.));
#7381=DIRECTION('',(0.882213134748278,0.470850278621151,0.));
#7382=DIRECTION('center_axis',(0.,0.,1.));
#7383=DIRECTION('ref_axis',(0.470850278621153,-0.882213134748278,0.));
#7384=DIRECTION('',(-0.589052288783982,0.808094920834398,0.));
#7385=DIRECTION('center_axis',(0.,0.,1.));
#7386=DIRECTION('ref_axis',(0.808094920834398,0.589052288783982,0.));
#7387=DIRECTION('',(-0.889180843812583,-0.457555927725501,0.));
#7388=DIRECTION('center_axis',(0.,0.,1.));
#7389=DIRECTION('ref_axis',(-0.457555927725498,0.889180843812584,0.));
#7390=DIRECTION('',(0.457555927725501,-0.889180843812582,0.));
#7391=DIRECTION('',(0.889180843812582,0.457555927725501,0.));
#7392=DIRECTION('',(-0.889180843812582,-0.457555927725501,0.));
#7393=DIRECTION('',(-0.57190838446462,0.820317499373912,0.));
#7394=DIRECTION('center_axis',(-0.460132449248286,0.887850285323361,0.));
#7395=DIRECTION('ref_axis',(0.,0.,1.));
#7396=DIRECTION('',(0.,0.,1.));
#7397=DIRECTION('',(0.887850285323361,0.460132449248286,0.));
#7398=DIRECTION('center_axis',(0.,0.,1.));
#7399=DIRECTION('ref_axis',(1.,0.,0.));
#7400=DIRECTION('',(-0.889180843812582,-0.457555927725502,0.));
#7401=DIRECTION('',(0.455743570009167,-0.890111115757634,0.));
#7402=DIRECTION('',(0.890111115757634,0.455743570009166,0.));
#7403=DIRECTION('center_axis',(0.,0.,-1.));
#7404=DIRECTION('ref_axis',(0.307177426470699,0.95165226247135,0.));
#7405=DIRECTION('',(0.862155334494265,-0.506644035988861,0.));
#7406=DIRECTION('center_axis',(0.,0.,-1.));
#7407=DIRECTION('ref_axis',(0.993906777104409,0.110223946699106,0.));
#7408=DIRECTION('',(0.0483353648438517,0.99883116316293,0.));
#7409=DIRECTION('center_axis',(0.,0.,-1.));
#7410=DIRECTION('ref_axis',(-0.106086785827097,0.994356874503755,0.));
#7411=DIRECTION('',(0.994356874503755,0.106086785827096,0.));
#7412=DIRECTION('',(-0.856521461508718,0.516111408491394,0.));
#7413=DIRECTION('center_axis',(0.,0.,1.));
#7414=DIRECTION('ref_axis',(0.470850278621153,-0.882213134748278,0.));
#7415=DIRECTION('',(0.882213134748278,0.470850278621151,0.));
#7416=DIRECTION('center_axis',(0.,0.,1.));
#7417=DIRECTION('ref_axis',(-0.895245354701428,-0.445573512324862,0.));
#7418=DIRECTION('',(0.445573512324863,-0.895245354701428,0.));
#7419=DIRECTION('',(-0.895245354701427,-0.445573512324864,0.));
#7420=DIRECTION('',(-0.856521461508718,0.516111408491394,0.));
#7421=DIRECTION('',(0.0187048601821561,0.999825048798822,0.));
#7422=DIRECTION('',(0.889180843812582,0.457555927725501,0.));
#7423=DIRECTION('center_axis',(0.,0.,-1.));
#7424=DIRECTION('ref_axis',(0.57190838446462,-0.820317499373912,0.));
#7425=DIRECTION('',(-0.0187048601821561,-0.999825048798822,0.));
#7426=DIRECTION('',(0.57190838446462,-0.820317499373912,0.));
#7427=DIRECTION('',(-0.889180843812582,-0.457555927725501,0.));
#7428=DIRECTION('center_axis',(0.,0.,-1.));
#7429=DIRECTION('ref_axis',(0.57190838446462,-0.820317499373912,0.));
#7430=DIRECTION('',(0.856521461508718,-0.516111408491394,0.));
#7431=DIRECTION('',(0.57190838446462,-0.820317499373912,0.));
#7432=DIRECTION('',(0.856521461508718,-0.516111408491394,0.));
#7433=DIRECTION('center_axis',(-0.820317499373912,-0.57190838446462,0.));
#7434=DIRECTION('ref_axis',(0.,0.,1.));
#7435=DIRECTION('',(0.,0.,1.));
#7436=DIRECTION('',(-0.57190838446462,0.820317499373912,0.));
#7437=DIRECTION('center_axis',(0.,0.,1.));
#7438=DIRECTION('ref_axis',(1.,0.,0.));
#7439=DIRECTION('',(-0.0187048601821561,-0.999825048798822,0.));
#7440=DIRECTION('',(0.856521461508718,-0.516111408491394,0.));
#7441=DIRECTION('center_axis',(0.457555927725501,-0.889180843812582,0.));
#7442=DIRECTION('ref_axis',(0.,0.,-1.));
#7443=DIRECTION('',(0.,0.,1.));
#7444=DIRECTION('center_axis',(-0.516111408491394,-0.856521461508718,0.));
#7445=DIRECTION('ref_axis',(0.856521461508718,-0.516111408491394,0.));
#7446=DIRECTION('',(0.,0.,1.));
#7447=DIRECTION('',(0.,0.,-1.));
#7448=DIRECTION('',(0.856521461508718,-0.516111408491394,0.));
#7449=DIRECTION('center_axis',(-0.516111408491394,-0.856521461508718,0.));
#7450=DIRECTION('ref_axis',(0.856521461508718,-0.516111408491394,0.));
#7451=DIRECTION('',(0.,0.,1.));
#7452=DIRECTION('center_axis',(0.,0.,1.));
#7453=DIRECTION('ref_axis',(1.,0.,0.));
#7454=DIRECTION('center_axis',(0.,0.,1.));
#7455=DIRECTION('ref_axis',(0.470850278621153,-0.882213134748278,0.));
#7456=DIRECTION('',(-0.994356874503755,-0.106086785827096,0.));
#7457=DIRECTION('',(0.875226321690874,0.483713640307427,0.));
#7458=DIRECTION('',(0.0187048601821563,0.999825048798822,0.));
#7459=DIRECTION('',(0.589052288783982,-0.808094920834398,0.));
#7460=DIRECTION('center_axis',(0.,0.,1.));
#7461=DIRECTION('ref_axis',(-0.470850278621153,0.882213134748278,0.));
#7462=DIRECTION('',(-0.856521461508717,0.516111408491394,0.));
#7463=DIRECTION('center_axis',(0.,0.,1.));
#7464=DIRECTION('ref_axis',(0.106086785827097,-0.994356874503755,0.));
#7465=DIRECTION('',(0.994356874503755,0.106086785827096,0.));
#7466=DIRECTION('',(0.85062741801296,-0.525768956600334,0.));
#7467=DIRECTION('',(-0.0300155639306469,-0.999549431454956,0.));
#7468=DIRECTION('',(-0.880642981943608,-0.473780474854622,0.));
#7469=DIRECTION('',(-0.850627418012961,0.525768956600334,0.));
#7470=DIRECTION('',(0.0300155639306468,0.999549431454956,0.));
#7471=DIRECTION('',(0.880642981943608,0.473780474854622,0.));
#7472=DIRECTION('',(0.994356874503755,0.106086785827096,0.));
#7473=DIRECTION('center_axis',(0.,0.,1.));
#7474=DIRECTION('ref_axis',(-0.999444125554889,0.0333382647092398,0.));
#7475=DIRECTION('',(-0.0333382647092417,-0.999444125554889,0.));
#7476=DIRECTION('',(-0.875226321690874,-0.483713640307427,0.));
#7477=DIRECTION('',(-0.672102024480742,0.740458552985168,0.));
#7478=DIRECTION('center_axis',(0.,0.,1.));
#7479=DIRECTION('ref_axis',(0.778131174533691,-0.628101803228441,0.));
#7480=DIRECTION('',(0.628101803228441,0.77813117453369,0.));
#7481=DIRECTION('',(-0.0187048601821561,-0.999825048798822,0.));
#7482=DIRECTION('',(-0.889180843812583,-0.457555927725501,0.));
#7483=DIRECTION('center_axis',(0.,0.,1.));
#7484=DIRECTION('ref_axis',(0.808094920834398,0.589052288783982,0.));
#7485=DIRECTION('',(-0.589052288783982,0.808094920834398,0.));
#7486=DIRECTION('center_axis',(-0.890111115757634,-0.455743570009167,0.));
#7487=DIRECTION('ref_axis',(0.455743570009167,-0.890111115757634,0.));
#7488=DIRECTION('',(0.,0.,-1.));
#7489=DIRECTION('',(0.455743570009167,-0.890111115757634,0.));
#7490=DIRECTION('',(0.,0.,1.));
#7491=DIRECTION('',(-0.455743570009167,0.890111115757634,0.));
#7492=DIRECTION('center_axis',(-0.890111115757634,-0.455743570009167,0.));
#7493=DIRECTION('ref_axis',(0.455743570009167,-0.890111115757634,0.));
#7494=DIRECTION('',(0.,0.,1.));
#7495=DIRECTION('',(-0.455743570009167,0.890111115757634,0.));
#7496=DIRECTION('',(0.,0.,1.));
#7497=DIRECTION('center_axis',(-0.455743570009165,0.890111115757635,0.));
#7498=DIRECTION('ref_axis',(-0.890111115757635,-0.455743570009165,0.));
#7499=DIRECTION('',(0.,0.,1.));
#7500=DIRECTION('',(0.890111115757635,0.455743570009165,0.));
#7501=DIRECTION('',(-0.890111115757635,-0.455743570009165,0.));
#7502=DIRECTION('center_axis',(0.,0.,1.));
#7503=DIRECTION('ref_axis',(1.,0.,0.));
#7504=DIRECTION('center_axis',(0.,0.,1.));
#7505=DIRECTION('ref_axis',(-0.457555927725498,0.889180843812584,0.));
#7506=DIRECTION('center_axis',(0.,0.,1.));
#7507=DIRECTION('ref_axis',(1.,0.,0.));
#7508=DIRECTION('',(-0.889180843812583,-0.457555927725501,0.));
#7509=DIRECTION('',(0.0187048601821561,0.999825048798822,0.));
#7510=DIRECTION('',(-0.628101803228441,-0.77813117453369,0.));
#7511=DIRECTION('center_axis',(0.,0.,-1.));
#7512=DIRECTION('ref_axis',(-0.730287431645817,-0.683140005548026,0.));
#7513=DIRECTION('',(-0.683140005548024,0.730287431645818,0.));
#7514=DIRECTION('center_axis',(0.,0.,-1.));
#7515=DIRECTION('ref_axis',(-0.662097510901206,0.74941769798853,0.));
#7516=DIRECTION('',(-0.74182619937589,-0.670592193452564,0.));
#7517=DIRECTION('',(0.670592193452564,-0.741826199375891,0.));
#7518=DIRECTION('center_axis',(0.,0.,-1.));
#7519=DIRECTION('ref_axis',(0.979187980717762,0.202955409925113,0.));
#7520=DIRECTION('',(-0.0076889385950981,-0.999970439674734,0.));
#7521=DIRECTION('center_axis',(0.,0.,-1.));
#7522=DIRECTION('ref_axis',(0.784882765533425,-0.619644288579022,0.));
#7523=DIRECTION('center_axis',(0.999825048798822,-0.0187048601821563,0.));
#7524=DIRECTION('ref_axis',(0.0187048601821563,0.999825048798822,0.));
#7525=DIRECTION('',(0.,0.,-1.));
#7526=DIRECTION('',(0.,0.,1.));
#7527=DIRECTION('',(-0.0187048601821563,-0.999825048798822,0.));
#7528=DIRECTION('center_axis',(0.483713640307427,-0.875226321690874,0.));
#7529=DIRECTION('ref_axis',(0.875226321690874,0.483713640307427,0.));
#7530=DIRECTION('',(-0.875226321690874,-0.483713640307427,0.));
#7531=DIRECTION('',(0.,0.,1.));
#7532=DIRECTION('center_axis',(-0.525768956600334,-0.85062741801296,0.));
#7533=DIRECTION('ref_axis',(0.85062741801296,-0.525768956600334,0.));
#7534=DIRECTION('',(0.,0.,1.));
#7535=DIRECTION('',(-0.85062741801296,0.525768956600334,0.));
#7536=DIRECTION('',(0.,0.,1.));
#7537=DIRECTION('center_axis',(-0.999549431454956,0.0300155639306469,0.));
#7538=DIRECTION('ref_axis',(-0.0300155639306469,-0.999549431454956,0.));
#7539=DIRECTION('',(0.0300155639306469,0.999549431454956,0.));
#7540=DIRECTION('',(0.,0.,1.));
#7541=DIRECTION('center_axis',(-0.473780474854622,0.880642981943608,0.));
#7542=DIRECTION('ref_axis',(-0.880642981943608,-0.473780474854622,0.));
#7543=DIRECTION('',(0.880642981943608,0.473780474854622,0.));
#7544=DIRECTION('',(0.,0.,1.));
#7545=DIRECTION('center_axis',(0.525768956600334,0.850627418012961,0.));
#7546=DIRECTION('ref_axis',(-0.850627418012961,0.525768956600334,0.));
#7547=DIRECTION('',(0.850627418012961,-0.525768956600334,0.));
#7548=DIRECTION('',(0.,0.,1.));
#7549=DIRECTION('center_axis',(0.999549431454956,-0.0300155639306468,0.));
#7550=DIRECTION('ref_axis',(0.0300155639306468,0.999549431454956,0.));
#7551=DIRECTION('',(-0.0300155639306468,-0.999549431454956,0.));
#7552=DIRECTION('',(0.,0.,1.));
#7553=DIRECTION('center_axis',(0.473780474854622,-0.880642981943608,0.));
#7554=DIRECTION('ref_axis',(0.880642981943608,0.473780474854622,0.));
#7555=DIRECTION('',(-0.880642981943608,-0.473780474854622,0.));
#7556=DIRECTION('',(0.,0.,-1.));
#7557=DIRECTION('center_axis',(0.516111408491394,0.856521461508717,0.));
#7558=DIRECTION('ref_axis',(-0.856521461508717,0.516111408491394,0.));
#7559=DIRECTION('',(0.,0.,1.));
#7560=DIRECTION('center_axis',(0.516111408491394,0.856521461508717,0.));
#7561=DIRECTION('ref_axis',(-0.856521461508717,0.516111408491394,0.));
#7562=DIRECTION('',(0.,0.,1.));
#7563=DIRECTION('',(0.856521461508717,-0.516111408491394,0.));
#7564=DIRECTION('',(0.,0.,-1.));
#7565=DIRECTION('center_axis',(-0.999825048798822,0.0187048601821561,0.));
#7566=DIRECTION('ref_axis',(-0.0187048601821561,-0.999825048798822,0.));
#7567=DIRECTION('',(0.,0.,1.));
#7568=DIRECTION('center_axis',(-0.999825048798822,0.0187048601821561,0.));
#7569=DIRECTION('ref_axis',(-0.0187048601821561,-0.999825048798822,0.));
#7570=DIRECTION('',(0.,0.,-1.));
#7571=DIRECTION('',(0.,0.,1.));
#7572=DIRECTION('center_axis',(-0.483713640307427,0.875226321690874,0.));
#7573=DIRECTION('ref_axis',(-0.875226321690874,-0.483713640307427,0.));
#7574=DIRECTION('center_axis',(-0.483713640307427,0.875226321690874,0.));
#7575=DIRECTION('ref_axis',(-0.875226321690874,-0.483713640307427,0.));
#7576=DIRECTION('center_axis',(-0.483713640307427,0.875226321690874,0.));
#7577=DIRECTION('ref_axis',(-0.875226321690874,-0.483713640307427,0.));
#7578=DIRECTION('',(0.,0.,1.));
#7579=DIRECTION('',(0.875226321690874,0.483713640307427,0.));
#7580=DIRECTION('',(0.,0.,-1.));
#7581=DIRECTION('center_axis',(0.999825048798822,-0.0187048601821563,0.));
#7582=DIRECTION('ref_axis',(0.0187048601821563,0.999825048798822,0.));
#7583=DIRECTION('center_axis',(0.483713640307427,-0.875226321690874,0.));
#7584=DIRECTION('ref_axis',(0.875226321690874,0.483713640307427,0.));
#7585=DIRECTION('',(0.,0.,1.));
#7586=DIRECTION('center_axis',(-0.516111408491394,-0.856521461508718,0.));
#7587=DIRECTION('ref_axis',(0.856521461508718,-0.516111408491394,0.));
#7588=DIRECTION('center_axis',(-0.999825048798822,0.0187048601821561,0.));
#7589=DIRECTION('ref_axis',(-0.0187048601821561,-0.999825048798822,0.));
#7590=DIRECTION('center_axis',(0.,0.,-1.));
#7591=DIRECTION('ref_axis',(0.889180843812582,0.457555927725501,0.));
#7592=DIRECTION('',(-0.57190838446462,0.820317499373912,0.));
#7593=DIRECTION('',(0.882213134748278,0.470850278621151,0.));
#7594=DIRECTION('',(0.460132449248286,-0.887850285323361,0.));
#7595=DIRECTION('',(0.895245354701427,0.445573512324864,0.));
#7596=DIRECTION('',(0.455743570009167,-0.890111115757633,0.));
#7597=DIRECTION('',(-0.889180843812582,-0.457555927725501,0.));
#7598=DIRECTION('',(0.457555927725501,-0.889180843812582,0.));
#7599=DIRECTION('',(-0.889180843812582,-0.457555927725501,0.));
#7600=DIRECTION('center_axis',(-0.808094920834398,-0.589052288783982,0.));
#7601=DIRECTION('ref_axis',(0.589052288783982,-0.808094920834398,0.));
#7602=DIRECTION('',(-0.589052288783982,0.808094920834398,0.));
#7603=DIRECTION('',(0.,0.,1.));
#7604=DIRECTION('',(0.,0.,1.));
#7605=DIRECTION('center_axis',(-0.106086785827096,0.994356874503755,0.));
#7606=DIRECTION('ref_axis',(-0.994356874503755,-0.106086785827096,0.));
#7607=DIRECTION('',(0.,0.,1.));
#7608=DIRECTION('',(0.,0.,1.));
#7609=DIRECTION('',(0.994356874503755,0.106086785827096,0.));
#7610=DIRECTION('center_axis',(0.778131174533691,-0.628101803228441,0.));
#7611=DIRECTION('ref_axis',(0.628101803228441,0.77813117453369,0.));
#7612=DIRECTION('',(0.,0.,1.));
#7613=DIRECTION('',(0.,0.,1.));
#7614=DIRECTION('center_axis',(0.,0.,1.));
#7615=DIRECTION('ref_axis',(0.778131174533691,-0.628101803228441,0.));
#7616=DIRECTION('',(0.,0.,1.));
#7617=DIRECTION('center_axis',(0.740458552985168,0.672102024480742,0.));
#7618=DIRECTION('ref_axis',(-0.672102024480742,0.740458552985168,0.));
#7619=DIRECTION('',(0.672102024480742,-0.740458552985168,0.));
#7620=DIRECTION('',(0.,0.,1.));
#7621=DIRECTION('',(0.672102024480742,-0.740458552985168,0.));
#7622=DIRECTION('',(0.,0.,1.));
#7623=DIRECTION('center_axis',(0.,0.,1.));
#7624=DIRECTION('ref_axis',(1.,0.,0.));
#7625=DIRECTION('',(0.0333382647092417,0.999444125554889,0.));
#7626=DIRECTION('center_axis',(0.,0.,-1.));
#7627=DIRECTION('ref_axis',(0.665358531189514,-0.746523961419412,0.));
#7628=DIRECTION('',(-0.869844273089364,-0.493326403685872,0.));
#7629=DIRECTION('center_axis',(0.,0.,-1.));
#7630=DIRECTION('ref_axis',(-0.395387813558205,-0.918514276911177,0.));
#7631=DIRECTION('center_axis',(0.,0.,1.));
#7632=DIRECTION('ref_axis',(1.,0.,0.));
#7633=DIRECTION('',(-0.994356874503755,-0.106086785827096,0.));
#7634=DIRECTION('center_axis',(0.,0.,1.));
#7635=DIRECTION('ref_axis',(1.,0.,0.));
#7636=DIRECTION('center_axis',(0.,0.,-1.));
#7637=DIRECTION('ref_axis',(-0.470850278621153,0.882213134748278,0.));
#7638=DIRECTION('',(0.882213134748278,0.470850278621151,0.));
#7639=DIRECTION('center_axis',(0.,0.,-1.));
#7640=DIRECTION('ref_axis',(-0.307177426470699,-0.95165226247135,0.));
#7641=DIRECTION('',(-0.862155334494265,0.506644035988861,0.));
#7642=DIRECTION('center_axis',(0.,0.,-1.));
#7643=DIRECTION('ref_axis',(-0.993913824484156,-0.110160380805797,0.));
#7644=DIRECTION('',(0.,1.,0.));
#7645=DIRECTION('',(-0.0483353648438516,-0.99883116316293,0.));
#7646=DIRECTION('center_axis',(0.,0.,-1.));
#7647=DIRECTION('ref_axis',(0.106086785827097,-0.994356874503755,0.));
#7648=DIRECTION('center_axis',(0.,0.,1.));
#7649=DIRECTION('ref_axis',(1.,0.,0.));
#7650=DIRECTION('center_axis',(0.,0.,-1.));
#7651=DIRECTION('ref_axis',(0.999444125554889,-0.0333382647092399,0.));
#7652=DIRECTION('',(-0.0333382647092418,-0.999444125554889,0.));
#7653=DIRECTION('center_axis',(0.,0.,-1.));
#7654=DIRECTION('ref_axis',(-0.0617446964239251,-0.998091975953878,0.));
#7655=DIRECTION('',(1.,7.10542735760102E-16,0.));
#7656=DIRECTION('',(0.,1.,0.));
#7657=DIRECTION('center_axis',(0.,0.,-1.));
#7658=DIRECTION('ref_axis',(-0.665358531189514,0.746523961419413,0.));
#7659=DIRECTION('',(0.869844273089364,0.493326403685873,0.));
#7660=DIRECTION('center_axis',(0.,0.,-1.));
#7661=DIRECTION('ref_axis',(0.395387813558205,0.918514276911177,0.));
#7662=DIRECTION('',(-0.672102024480742,0.740458552985168,0.));
#7663=DIRECTION('center_axis',(0.,0.,-1.));
#7664=DIRECTION('ref_axis',(-0.778131174533691,0.628101803228441,0.));
#7665=DIRECTION('',(0.628101803228441,0.778131174533691,0.));
#7666=DIRECTION('center_axis',(0.,0.,-1.));
#7667=DIRECTION('ref_axis',(0.730287431645817,0.683140005548026,0.));
#7668=DIRECTION('',(0.683140005548025,-0.730287431645818,0.));
#7669=DIRECTION('center_axis',(0.,0.,-1.));
#7670=DIRECTION('ref_axis',(0.662097510901206,-0.74941769798853,0.));
#7671=DIRECTION('',(0.74182619937589,0.670592193452565,0.));
#7672=DIRECTION('',(-0.670592193452563,0.741826199375892,0.));
#7673=DIRECTION('center_axis',(0.,0.,-1.));
#7674=DIRECTION('ref_axis',(-0.979187980717763,-0.202955409925113,0.));
#7675=DIRECTION('',(0.00768893859509809,0.999970439674734,0.));
#7676=DIRECTION('center_axis',(0.,0.,-1.));
#7677=DIRECTION('ref_axis',(-0.784882765533426,0.61964428857902,0.));
#7678=DIRECTION('',(0.890111115757634,0.455743570009167,0.));
#7679=DIRECTION('',(-0.455743570009168,0.890111115757633,0.));
#7680=DIRECTION('center_axis',(0.,0.,-1.));
#7681=DIRECTION('ref_axis',(0.457555927725498,-0.889180843812584,0.));
#7682=DIRECTION('',(-0.889180843812583,-0.457555927725501,0.));
#7683=DIRECTION('center_axis',(0.,0.,-1.));
#7684=DIRECTION('ref_axis',(-0.808094920834398,-0.589052288783982,0.));
#7685=DIRECTION('center_axis',(0.99883116316293,-0.0483353648438509,0.));
#7686=DIRECTION('ref_axis',(0.0483353648438509,0.99883116316293,0.));
#7687=DIRECTION('',(0.,0.,1.));
#7688=DIRECTION('center_axis',(-0.0617446964239242,-0.998091975953878,0.));
#7689=DIRECTION('ref_axis',(0.998091975953878,-0.0617446964239242,0.));
#7690=DIRECTION('',(0.,0.,1.));
#7691=DIRECTION('',(-0.998091975953878,0.0617446964239242,0.));
#7692=DIRECTION('',(0.,0.,1.));
#7693=DIRECTION('',(0.,0.,1.));
#7694=DIRECTION('center_axis',(0.999444125554889,-0.0333382647092418,0.));
#7695=DIRECTION('ref_axis',(0.0333382647092418,0.999444125554889,0.));
#7696=DIRECTION('',(0.,0.,1.));
#7697=DIRECTION('',(0.,0.,1.));
#7698=DIRECTION('center_axis',(0.,0.,1.));
#7699=DIRECTION('ref_axis',(0.999444125554889,-0.0333382647092399,0.));
#7700=DIRECTION('center_axis',(0.,0.,1.));
#7701=DIRECTION('ref_axis',(-0.106086785827097,0.994356874503755,0.));
#7702=DIRECTION('',(0.,0.,1.));
#7703=DIRECTION('center_axis',(-0.99883116316293,0.0483353648438517,0.));
#7704=DIRECTION('ref_axis',(-0.0483353648438517,-0.99883116316293,0.));
#7705=DIRECTION('',(0.,0.,1.));
#7706=DIRECTION('',(0.0483353648438517,0.99883116316293,0.));
#7707=DIRECTION('',(0.,0.,1.));
#7708=DIRECTION('center_axis',(-0.998091975953879,0.0617446964239232,0.));
#7709=DIRECTION('ref_axis',(-0.0617446964239232,-0.998091975953879,0.));
#7710=DIRECTION('center_axis',(-0.0483353648438513,-0.99883116316293,0.));
#7711=DIRECTION('ref_axis',(0.99883116316293,-0.0483353648438513,0.));
#7712=DIRECTION('',(0.,0.,1.));
#7713=DIRECTION('center_axis',(0.,0.,1.));
#7714=DIRECTION('ref_axis',(-0.99883116316293,0.0483353648438542,0.));
#7715=DIRECTION('center_axis',(0.,0.,1.));
#7716=DIRECTION('ref_axis',(-0.99883116316293,0.0483353648438542,0.));
#7717=DIRECTION('',(0.,0.,-1.));
#7718=DIRECTION('center_axis',(0.,0.,1.));
#7719=DIRECTION('ref_axis',(-0.0617446964239251,-0.998091975953878,0.));
#7720=DIRECTION('center_axis',(0.,0.,1.));
#7721=DIRECTION('ref_axis',(-0.0617446964239251,-0.998091975953878,0.));
#7722=DIRECTION('',(0.,0.,-1.));
#7723=DIRECTION('center_axis',(7.10542735760102E-16,-1.,0.));
#7724=DIRECTION('ref_axis',(1.,7.10542735760102E-16,0.));
#7725=DIRECTION('',(-1.,-7.10542735760102E-16,0.));
#7726=DIRECTION('',(0.,0.,1.));
#7727=DIRECTION('center_axis',(-1.,0.,0.));
#7728=DIRECTION('ref_axis',(0.,-1.,0.));
#7729=DIRECTION('',(0.,1.,0.));
#7730=DIRECTION('',(0.,0.,1.));
#7731=DIRECTION('center_axis',(-0.99883116316293,0.0483353648438508,0.));
#7732=DIRECTION('ref_axis',(-0.0483353648438508,-0.99883116316293,0.));
#7733=DIRECTION('',(0.,0.,1.));
#7734=DIRECTION('center_axis',(0.998091975953879,-0.0617446964239231,0.));
#7735=DIRECTION('ref_axis',(0.0617446964239231,0.998091975953879,0.));
#7736=DIRECTION('',(0.,0.,1.));
#7737=DIRECTION('center_axis',(0.0617446964239241,0.998091975953878,0.));
#7738=DIRECTION('ref_axis',(-0.998091975953878,0.0617446964239241,0.));
#7739=DIRECTION('',(0.,0.,1.));
#7740=DIRECTION('center_axis',(0.,0.,1.));
#7741=DIRECTION('ref_axis',(0.061744696423925,0.998091975953878,0.));
#7742=DIRECTION('',(0.,0.,1.));
#7743=DIRECTION('center_axis',(0.0483353648438512,0.99883116316293,0.));
#7744=DIRECTION('ref_axis',(-0.99883116316293,0.0483353648438512,0.));
#7745=DIRECTION('',(0.,0.,1.));
#7746=DIRECTION('center_axis',(0.,0.,1.));
#7747=DIRECTION('ref_axis',(0.99883116316293,-0.0483353648438541,0.));
#7748=DIRECTION('',(0.,0.,1.));
#7749=DIRECTION('center_axis',(0.,0.,1.));
#7750=DIRECTION('ref_axis',(0.99883116316293,-0.0483353648438541,0.));
#7751=DIRECTION('',(0.,0.,-1.));
#7752=DIRECTION('center_axis',(0.99883116316293,-0.0483353648438516,0.));
#7753=DIRECTION('ref_axis',(0.0483353648438516,0.99883116316293,0.));
#7754=DIRECTION('',(0.,0.,1.));
#7755=DIRECTION('',(-0.0483353648438515,-0.99883116316293,0.));
#7756=DIRECTION('',(0.,0.,1.));
#7757=DIRECTION('center_axis',(0.,0.,1.));
#7758=DIRECTION('ref_axis',(0.106086785827097,-0.994356874503755,0.));
#7759=DIRECTION('',(0.,0.,1.));
#7760=DIRECTION('center_axis',(0.106086785827096,-0.994356874503755,0.));
#7761=DIRECTION('ref_axis',(0.994356874503755,0.106086785827096,0.));
#7762=DIRECTION('',(0.,0.,1.));
#7763=DIRECTION('center_axis',(0.,0.,1.));
#7764=DIRECTION('ref_axis',(-0.999444125554889,0.0333382647092398,0.));
#7765=DIRECTION('',(0.,0.,1.));
#7766=DIRECTION('center_axis',(-0.999444125554889,0.0333382647092417,0.));
#7767=DIRECTION('ref_axis',(-0.0333382647092417,-0.999444125554889,0.));
#7768=DIRECTION('',(0.,0.,1.));
#7769=DIRECTION('',(-0.0333382647092416,-0.999444125554889,0.));
#7770=DIRECTION('',(0.,0.,-1.));
#7771=DIRECTION('center_axis',(1.,0.,0.));
#7772=DIRECTION('ref_axis',(0.,1.,0.));
#7773=DIRECTION('',(0.,0.,1.));
#7774=DIRECTION('',(0.,-1.,0.));
#7775=DIRECTION('center_axis',(1.,0.,0.));
#7776=DIRECTION('ref_axis',(0.,1.,0.));
#7777=DIRECTION('',(0.,-1.,0.));
#7778=DIRECTION('',(0.,0.,1.));
#7779=DIRECTION('center_axis',(0.,0.,1.));
#7780=DIRECTION('ref_axis',(0.665358531189514,-0.746523961419412,0.));
#7781=DIRECTION('center_axis',(0.,0.,1.));
#7782=DIRECTION('ref_axis',(0.665358531189514,-0.746523961419412,0.));
#7783=DIRECTION('',(0.,0.,1.));
#7784=DIRECTION('center_axis',(0.749417697988529,0.662097510901207,0.));
#7785=DIRECTION('ref_axis',(-0.662097510901207,0.749417697988529,0.));
#7786=DIRECTION('',(0.,0.,1.));
#7787=DIRECTION('',(0.662097510901207,-0.749417697988529,0.));
#7788=DIRECTION('',(0.,0.,1.));
#7789=DIRECTION('center_axis',(0.,0.,1.));
#7790=DIRECTION('ref_axis',(-0.662097510901206,0.74941769798853,0.));
#7791=DIRECTION('',(0.,0.,-1.));
#7792=DIRECTION('',(0.,0.,1.));
#7793=DIRECTION('',(0.,0.,1.));
#7794=DIRECTION('center_axis',(0.,0.,1.));
#7795=DIRECTION('ref_axis',(-0.662097510901206,0.74941769798853,0.));
#7796=DIRECTION('center_axis',(-0.730287431645818,-0.683140005548024,0.));
#7797=DIRECTION('ref_axis',(0.683140005548024,-0.730287431645818,0.));
#7798=DIRECTION('',(0.,0.,1.));
#7799=DIRECTION('center_axis',(0.,0.,1.));
#7800=DIRECTION('ref_axis',(-0.730287431645817,-0.683140005548026,0.));
#7801=DIRECTION('center_axis',(-0.740458552985167,-0.672102024480742,0.));
#7802=DIRECTION('ref_axis',(0.672102024480742,-0.740458552985167,0.));
#7803=DIRECTION('',(0.,0.,1.));
#7804=DIRECTION('',(0.672102024480742,-0.740458552985167,0.));
#7805=DIRECTION('',(0.,0.,-1.));
#7806=DIRECTION('center_axis',(-0.672102024480742,0.740458552985168,0.));
#7807=DIRECTION('ref_axis',(-0.740458552985168,-0.672102024480742,0.));
#7808=DIRECTION('',(-0.740458552985168,-0.672102024480742,0.));
#7809=DIRECTION('',(0.,0.,1.));
#7810=DIRECTION('center_axis',(0.,0.,1.));
#7811=DIRECTION('ref_axis',(0.74045855298517,0.67210202448074,0.));
#7812=DIRECTION('',(0.,0.,1.));
#7813=DIRECTION('center_axis',(0.,0.,1.));
#7814=DIRECTION('ref_axis',(0.74045855298517,0.67210202448074,0.));
#7815=DIRECTION('center_axis',(0.,0.,1.));
#7816=DIRECTION('ref_axis',(0.74045855298517,0.67210202448074,0.));
#7817=DIRECTION('',(0.,0.,-1.));
#7818=DIRECTION('center_axis',(0.,0.,-1.));
#7819=DIRECTION('ref_axis',(0.74045855298517,0.67210202448074,0.));
#7820=DIRECTION('center_axis',(-0.662097510901207,0.749417697988529,0.));
#7821=DIRECTION('ref_axis',(-0.749417697988529,-0.662097510901207,0.));
#7822=DIRECTION('',(0.749417697988529,0.662097510901207,0.));
#7823=DIRECTION('center_axis',(-0.670592193452564,0.74182619937589,0.));
#7824=DIRECTION('ref_axis',(-0.74182619937589,-0.670592193452564,0.));
#7825=DIRECTION('',(-0.74182619937589,-0.670592193452564,0.));
#7826=DIRECTION('',(0.,0.,1.));
#7827=DIRECTION('',(0.74182619937589,0.670592193452564,0.));
#7828=DIRECTION('center_axis',(-0.670592193452564,0.74182619937589,0.));
#7829=DIRECTION('ref_axis',(-0.74182619937589,-0.670592193452564,0.));
#7830=DIRECTION('',(0.74182619937589,0.670592193452564,0.));
#7831=DIRECTION('',(0.,0.,1.));
#7832=DIRECTION('center_axis',(0.,0.,1.));
#7833=DIRECTION('ref_axis',(1.,0.,0.));
#7834=DIRECTION('',(-0.670592193452565,0.74182619937589,0.));
#7835=DIRECTION('center_axis',(0.74182619937589,0.670592193452565,0.));
#7836=DIRECTION('ref_axis',(-0.670592193452565,0.74182619937589,0.));
#7837=DIRECTION('',(0.670592193452565,-0.74182619937589,0.));
#7838=DIRECTION('center_axis',(0.,0.,1.));
#7839=DIRECTION('ref_axis',(-0.395387813558205,-0.918514276911177,0.));
#7840=DIRECTION('',(0.,0.,1.));
#7841=DIRECTION('center_axis',(0.,0.,1.));
#7842=DIRECTION('ref_axis',(-0.395387813558205,-0.918514276911177,0.));
#7843=DIRECTION('center_axis',(-0.457555927725501,0.889180843812582,0.));
#7844=DIRECTION('ref_axis',(-0.889180843812582,-0.457555927725501,0.));
#7845=DIRECTION('',(0.,0.,-1.));
#7846=DIRECTION('',(0.,0.,1.));
#7847=DIRECTION('',(-0.889180843812582,-0.457555927725501,0.));
#7848=DIRECTION('',(0.,0.,1.));
#7849=DIRECTION('center_axis',(-0.470850278621151,0.882213134748279,0.));
#7850=DIRECTION('ref_axis',(-0.882213134748278,-0.470850278621151,0.));
#7851=DIRECTION('',(-0.882213134748278,-0.470850278621151,0.));
#7852=DIRECTION('',(0.,0.,-1.));
#7853=DIRECTION('',(0.,0.,1.));
#7854=DIRECTION('',(0.,0.,1.));
#7855=DIRECTION('',(-0.882213134748278,-0.470850278621151,0.));
#7856=DIRECTION('',(0.,0.,1.));
#7857=DIRECTION('center_axis',(0.,0.,1.));
#7858=DIRECTION('ref_axis',(-0.470850278621153,0.882213134748278,0.));
#7859=DIRECTION('center_axis',(0.,0.,1.));
#7860=DIRECTION('ref_axis',(-0.808094920834398,-0.589052288783982,0.));
#7861=DIRECTION('',(0.,0.,1.));
#7862=DIRECTION('center_axis',(0.457555927725501,-0.889180843812583,0.));
#7863=DIRECTION('ref_axis',(0.889180843812583,0.457555927725501,0.));
#7864=DIRECTION('',(0.,0.,1.));
#7865=DIRECTION('center_axis',(0.,0.,1.));
#7866=DIRECTION('ref_axis',(0.895245354701428,0.445573512324862,0.));
#7867=DIRECTION('center_axis',(0.,0.,1.));
#7868=DIRECTION('ref_axis',(0.895245354701428,0.445573512324862,0.));
#7869=DIRECTION('',(0.,0.,1.));
#7870=DIRECTION('center_axis',(0.,0.,-1.));
#7871=DIRECTION('ref_axis',(0.895245354701428,0.445573512324862,0.));
#7872=DIRECTION('',(0.,0.,1.));
#7873=DIRECTION('center_axis',(0.,0.,1.));
#7874=DIRECTION('ref_axis',(0.895245354701428,0.445573512324862,0.));
#7875=DIRECTION('',(0.,0.,-1.));
#7876=DIRECTION('center_axis',(0.445573512324864,-0.895245354701427,0.));
#7877=DIRECTION('ref_axis',(0.895245354701427,0.445573512324864,0.));
#7878=DIRECTION('',(0.,0.,1.));
#7879=DIRECTION('',(-0.895245354701427,-0.445573512324864,0.));
#7880=DIRECTION('',(0.,0.,1.));
#7881=DIRECTION('',(0.,0.,1.));
#7882=DIRECTION('center_axis',(-0.887850285323361,-0.460132449248286,0.));
#7883=DIRECTION('ref_axis',(0.460132449248286,-0.887850285323361,0.));
#7884=DIRECTION('',(0.,0.,1.));
#7885=DIRECTION('',(-0.460132449248286,0.887850285323361,0.));
#7886=DIRECTION('center_axis',(0.470850278621151,-0.882213134748278,0.));
#7887=DIRECTION('ref_axis',(0.882213134748278,0.470850278621151,0.));
#7888=DIRECTION('',(0.,0.,1.));
#7889=DIRECTION('',(-0.882213134748278,-0.470850278621151,0.));
#7890=DIRECTION('center_axis',(0.820317499373912,0.57190838446462,0.));
#7891=DIRECTION('ref_axis',(-0.57190838446462,0.820317499373912,0.));
#7892=DIRECTION('',(0.,0.,1.));
#7893=DIRECTION('',(0.57190838446462,-0.820317499373912,0.));
#7894=DIRECTION('center_axis',(-0.457555927725501,0.889180843812582,0.));
#7895=DIRECTION('ref_axis',(-0.889180843812582,-0.457555927725501,0.));
#7896=DIRECTION('',(0.,0.,1.));
#7897=DIRECTION('',(-0.889180843812582,-0.457555927725501,0.));
#7898=DIRECTION('center_axis',(-0.889180843812582,-0.457555927725501,0.));
#7899=DIRECTION('ref_axis',(0.457555927725501,-0.889180843812582,0.));
#7900=DIRECTION('',(0.457555927725501,-0.889180843812582,0.));
#7901=DIRECTION('center_axis',(0.889180843812583,0.457555927725501,0.));
#7902=DIRECTION('ref_axis',(-0.457555927725501,0.889180843812582,0.));
#7903=DIRECTION('',(-0.457555927725501,0.889180843812582,0.));
#7904=DIRECTION('',(0.,0.,1.));
#7905=DIRECTION('center_axis',(0.,0.,1.));
#7906=DIRECTION('ref_axis',(0.457555927725498,-0.889180843812584,0.));
#7907=DIRECTION('center_axis',(0.,0.,1.));
#7908=DIRECTION('ref_axis',(0.457555927725498,-0.889180843812584,0.));
#7909=DIRECTION('',(0.,0.,1.));
#7910=DIRECTION('center_axis',(0.,0.,1.));
#7911=DIRECTION('ref_axis',(0.457555927725498,-0.889180843812584,0.));
#7912=DIRECTION('',(0.,0.,1.));
#7913=DIRECTION('center_axis',(0.457555927725501,-0.889180843812583,0.));
#7914=DIRECTION('ref_axis',(0.889180843812583,0.457555927725501,0.));
#7915=DIRECTION('',(0.889180843812583,0.457555927725501,0.));
#7916=DIRECTION('',(0.,0.,1.));
#7917=DIRECTION('',(-0.889180843812583,-0.4575559277255,0.));
#7918=DIRECTION('center_axis',(0.,0.,1.));
#7919=DIRECTION('ref_axis',(-0.808094920834398,-0.589052288783982,0.));
#7920=DIRECTION('center_axis',(0.,0.,1.));
#7921=DIRECTION('ref_axis',(-0.808094920834398,-0.589052288783982,0.));
#7922=DIRECTION('',(0.,0.,1.));
#7923=DIRECTION('center_axis',(0.,0.,1.));
#7924=DIRECTION('ref_axis',(-0.808094920834398,-0.589052288783982,0.));
#7925=DIRECTION('center_axis',(-0.808094920834398,-0.589052288783982,0.));
#7926=DIRECTION('ref_axis',(0.589052288783982,-0.808094920834398,0.));
#7927=DIRECTION('',(0.589052288783982,-0.808094920834398,0.));
#7928=DIRECTION('',(0.,0.,1.));
#7929=DIRECTION('',(0.589052288783982,-0.808094920834398,0.));
#7930=DIRECTION('center_axis',(0.,0.,1.));
#7931=DIRECTION('ref_axis',(-0.470850278621153,0.882213134748278,0.));
#7932=DIRECTION('center_axis',(0.,0.,1.));
#7933=DIRECTION('ref_axis',(-0.470850278621153,0.882213134748278,0.));
#7934=DIRECTION('center_axis',(0.,0.,1.));
#7935=DIRECTION('ref_axis',(-0.470850278621153,0.882213134748278,0.));
#7936=DIRECTION('center_axis',(0.895245354701428,0.445573512324863,0.));
#7937=DIRECTION('ref_axis',(-0.445573512324863,0.895245354701428,0.));
#7938=DIRECTION('',(0.445573512324863,-0.895245354701428,0.));
#7939=DIRECTION('center_axis',(0.,0.,1.));
#7940=DIRECTION('ref_axis',(-1.,1.11022302462516E-16,0.));
#7941=DIRECTION('center_axis',(0.890111115757633,0.455743570009168,0.));
#7942=DIRECTION('ref_axis',(-0.455743570009168,0.890111115757633,0.));
#7943=DIRECTION('',(0.,0.,1.));
#7944=DIRECTION('',(0.455743570009168,-0.890111115757633,0.));
#7945=DIRECTION('center_axis',(0.890111115757633,0.455743570009168,0.));
#7946=DIRECTION('ref_axis',(-0.455743570009168,0.890111115757633,0.));
#7947=DIRECTION('',(0.455743570009168,-0.890111115757633,0.));
#7948=DIRECTION('',(0.,0.,1.));
#7949=DIRECTION('',(-0.455743570009168,0.890111115757633,0.));
#7950=DIRECTION('center_axis',(0.,0.,-1.));
#7951=DIRECTION('ref_axis',(0.889180843812582,0.457555927725501,0.));
#7952=DIRECTION('',(0.890111115757634,0.455743570009167,0.));
#7953=DIRECTION('center_axis',(-0.455743570009167,0.890111115757634,0.));
#7954=DIRECTION('ref_axis',(-0.890111115757634,-0.455743570009167,0.));
#7955=DIRECTION('',(-0.890111115757634,-0.455743570009167,0.));
#7956=DIRECTION('center_axis',(0.,0.,1.));
#7957=DIRECTION('ref_axis',(1.,0.,0.));
#7958=DIRECTION('center_axis',(0.740458552985167,0.672102024480742,0.));
#7959=DIRECTION('ref_axis',(-0.672102024480742,0.740458552985167,0.));
#7960=DIRECTION('',(-0.672102024480742,0.740458552985167,0.));
#7961=DIRECTION('',(0.,0.,-1.));
#7962=DIRECTION('',(-0.672102024480742,0.740458552985167,0.));
#7963=DIRECTION('',(0.,0.,1.));
#7964=DIRECTION('',(-0.672102024480742,0.740458552985167,0.));
#7965=DIRECTION('',(0.,0.,1.));
#7966=DIRECTION('center_axis',(0.,0.,1.));
#7967=DIRECTION('ref_axis',(0.662097510901206,-0.74941769798853,0.));
#7968=DIRECTION('center_axis',(0.,0.,1.));
#7969=DIRECTION('ref_axis',(0.662097510901206,-0.74941769798853,0.));
#7970=DIRECTION('',(0.,0.,-1.));
#7971=DIRECTION('',(0.,0.,1.));
#7972=DIRECTION('center_axis',(0.,0.,1.));
#7973=DIRECTION('ref_axis',(0.662097510901206,-0.74941769798853,0.));
#7974=DIRECTION('',(0.,0.,1.));
#7975=DIRECTION('center_axis',(0.,0.,1.));
#7976=DIRECTION('ref_axis',(0.662097510901206,-0.74941769798853,0.));
#7977=DIRECTION('',(0.,0.,1.));
#7978=DIRECTION('center_axis',(0.730287431645818,0.683140005548025,0.));
#7979=DIRECTION('ref_axis',(-0.683140005548025,0.730287431645818,0.));
#7980=DIRECTION('',(0.,0.,1.));
#7981=DIRECTION('',(-0.683140005548024,0.730287431645818,0.));
#7982=DIRECTION('center_axis',(0.,0.,1.));
#7983=DIRECTION('ref_axis',(0.730287431645817,0.683140005548026,0.));
#7984=DIRECTION('',(0.,0.,1.));
#7985=DIRECTION('center_axis',(0.,0.,1.));
#7986=DIRECTION('ref_axis',(0.730287431645817,0.683140005548026,0.));
#7987=DIRECTION('center_axis',(-0.778131174533691,0.628101803228441,0.));
#7988=DIRECTION('ref_axis',(-0.628101803228441,-0.778131174533691,0.));
#7989=DIRECTION('',(0.,0.,1.));
#7990=DIRECTION('',(-0.628101803228441,-0.778131174533691,0.));
#7991=DIRECTION('center_axis',(0.,0.,1.));
#7992=DIRECTION('ref_axis',(-0.778131174533691,0.628101803228441,0.));
#7993=DIRECTION('',(0.,0.,1.));
#7994=DIRECTION('center_axis',(0.,0.,1.));
#7995=DIRECTION('ref_axis',(-0.778131174533691,0.628101803228441,0.));
#7996=DIRECTION('center_axis',(-0.749417697988529,-0.662097510901208,0.));
#7997=DIRECTION('ref_axis',(0.662097510901208,-0.749417697988529,0.));
#7998=DIRECTION('',(0.662097510901208,-0.749417697988529,0.));
#7999=DIRECTION('',(0.,0.,1.));
#8000=DIRECTION('',(-0.662097510901208,0.749417697988529,0.));
#8001=DIRECTION('',(0.,0.,1.));
#8002=DIRECTION('',(0.662097510901208,-0.749417697988529,0.));
#8003=DIRECTION('',(0.,0.,1.));
#8004=DIRECTION('center_axis',(-0.674246379283956,0.738506479336827,0.));
#8005=DIRECTION('ref_axis',(-0.738506479336827,-0.674246379283956,0.));
#8006=DIRECTION('',(-0.738506479336827,-0.674246379283956,0.));
#8007=DIRECTION('',(0.,0.,1.));
#8008=DIRECTION('',(0.738506479336827,0.674246379283956,0.));
#8009=DIRECTION('center_axis',(-0.730287431645818,-0.683140005548025,0.));
#8010=DIRECTION('ref_axis',(0.683140005548025,-0.730287431645818,0.));
#8011=DIRECTION('',(0.683140005548025,-0.730287431645818,0.));
#8012=DIRECTION('',(0.,0.,1.));
#8013=DIRECTION('',(-0.683140005548025,0.730287431645818,0.));
#8014=DIRECTION('center_axis',(0.764734870694478,-0.64434507644887,0.));
#8015=DIRECTION('ref_axis',(0.64434507644887,0.764734870694478,0.));
#8016=DIRECTION('',(0.64434507644887,0.764734870694478,0.));
#8017=DIRECTION('',(0.,0.,1.));
#8018=DIRECTION('',(-0.64434507644887,-0.764734870694478,0.));
#8019=DIRECTION('center_axis',(0.740458552985167,0.672102024480742,0.));
#8020=DIRECTION('ref_axis',(-0.672102024480742,0.740458552985167,0.));
#8021=DIRECTION('',(-0.672102024480742,0.740458552985167,0.));
#8022=DIRECTION('',(0.,0.,1.));
#8023=DIRECTION('',(-0.672102024480742,0.740458552985167,0.));
#8024=DIRECTION('center_axis',(-0.672102024480742,0.740458552985167,0.));
#8025=DIRECTION('ref_axis',(-0.740458552985167,-0.672102024480742,0.));
#8026=DIRECTION('',(-0.740458552985167,-0.672102024480742,0.));
#8027=DIRECTION('',(-0.740458552985167,-0.672102024480742,0.));
#8028=DIRECTION('center_axis',(0.672102024480742,-0.740458552985167,0.));
#8029=DIRECTION('ref_axis',(0.740458552985167,0.672102024480742,0.));
#8030=DIRECTION('',(0.740458552985167,0.672102024480742,0.));
#8031=DIRECTION('',(0.740458552985167,0.672102024480742,0.));
#8032=DIRECTION('',(0.,0.,1.));
#8033=DIRECTION('center_axis',(0.,0.,1.));
#8034=DIRECTION('ref_axis',(-0.740458552985169,-0.67210202448074,0.));
#8035=DIRECTION('center_axis',(0.,0.,1.));
#8036=DIRECTION('ref_axis',(-0.740458552985169,-0.67210202448074,0.));
#8037=DIRECTION('center_axis',(0.,0.,1.));
#8038=DIRECTION('ref_axis',(-0.740458552985169,-0.67210202448074,0.));
#8039=DIRECTION('',(0.,0.,1.));
#8040=DIRECTION('center_axis',(-0.740458552985168,-0.672102024480742,0.));
#8041=DIRECTION('ref_axis',(0.672102024480742,-0.740458552985168,0.));
#8042=DIRECTION('',(0.672102024480742,-0.740458552985168,0.));
#8043=DIRECTION('',(0.,0.,1.));
#8044=DIRECTION('',(-0.672102024480742,0.740458552985168,0.));
#8045=DIRECTION('',(0.672102024480742,-0.740458552985168,0.));
#8046=DIRECTION('',(0.,0.,1.));
#8047=DIRECTION('center_axis',(0.,0.,1.));
#8048=DIRECTION('ref_axis',(-0.778131174533691,0.628101803228441,0.));
#8049=DIRECTION('center_axis',(0.,0.,1.));
#8050=DIRECTION('ref_axis',(-0.778131174533691,0.628101803228441,0.));
#8051=DIRECTION('',(0.,0.,1.));
#8052=DIRECTION('center_axis',(0.,0.,1.));
#8053=DIRECTION('ref_axis',(-0.778131174533691,0.628101803228441,0.));
#8054=DIRECTION('center_axis',(-0.778131174533691,0.628101803228441,0.));
#8055=DIRECTION('ref_axis',(-0.628101803228441,-0.778131174533691,0.));
#8056=DIRECTION('',(-0.628101803228441,-0.778131174533691,0.));
#8057=DIRECTION('',(0.,0.,1.));
#8058=DIRECTION('',(-0.628101803228441,-0.778131174533691,0.));
#8059=DIRECTION('center_axis',(0.,0.,1.));
#8060=DIRECTION('ref_axis',(0.730287431645817,0.683140005548026,0.));
#8061=DIRECTION('center_axis',(0.,0.,1.));
#8062=DIRECTION('ref_axis',(0.730287431645817,0.683140005548026,0.));
#8063=DIRECTION('',(0.,0.,1.));
#8064=DIRECTION('center_axis',(0.,0.,1.));
#8065=DIRECTION('ref_axis',(0.730287431645817,0.683140005548026,0.));
#8066=DIRECTION('center_axis',(0.730287431645818,0.683140005548025,0.));
#8067=DIRECTION('ref_axis',(-0.683140005548025,0.730287431645818,0.));
#8068=DIRECTION('',(-0.683140005548025,0.730287431645818,0.));
#8069=DIRECTION('',(-0.683140005548024,0.730287431645818,0.));
#8070=DIRECTION('center_axis',(0.662097510901207,-0.749417697988529,0.));
#8071=DIRECTION('ref_axis',(0.749417697988529,0.662097510901207,0.));
#8072=DIRECTION('',(-0.749417697988529,-0.662097510901207,0.));
#8073=DIRECTION('',(0.749417697988529,0.662097510901207,0.));
#8074=DIRECTION('center_axis',(0.,0.,1.));
#8075=DIRECTION('ref_axis',(-0.258819045102521,0.965925826289068,0.));
#8076=DIRECTION('center_axis',(0.,0.,1.));
#8077=DIRECTION('ref_axis',(-0.258819045102521,0.965925826289068,0.));
#8078=DIRECTION('center_axis',(0.,0.,-1.));
#8079=DIRECTION('ref_axis',(0.889180843812582,0.457555927725501,0.));
#8080=DIRECTION('',(-0.74182619937589,-0.670592193452565,0.));
#8081=DIRECTION('center_axis',(0.670592193452565,-0.74182619937589,0.));
#8082=DIRECTION('ref_axis',(0.74182619937589,0.670592193452565,0.));
#8083=DIRECTION('',(-0.74182619937589,-0.670592193452565,0.));
#8084=DIRECTION('',(0.,0.,1.));
#8085=DIRECTION('center_axis',(0.,0.,1.));
#8086=DIRECTION('ref_axis',(0.395387813558205,0.918514276911177,0.));
#8087=DIRECTION('',(0.,0.,1.));
#8088=DIRECTION('center_axis',(0.,0.,1.));
#8089=DIRECTION('ref_axis',(0.395387813558205,0.918514276911177,0.));
#8090=DIRECTION('center_axis',(2.8421709430404E-15,1.,0.));
#8091=DIRECTION('ref_axis',(-1.,2.8421709430404E-15,0.));
#8092=DIRECTION('',(1.,-2.8421709430404E-15,0.));
#8093=DIRECTION('',(0.,0.,1.));
#8094=DIRECTION('center_axis',(0.,0.,1.));
#8095=DIRECTION('ref_axis',(-0.993913824484156,-0.110160380805797,0.));
#8096=DIRECTION('center_axis',(0.,0.,1.));
#8097=DIRECTION('ref_axis',(-0.993913824484156,-0.110160380805797,0.));
#8098=DIRECTION('',(0.,0.,1.));
#8099=DIRECTION('center_axis',(0.506644035988861,0.862155334494265,0.));
#8100=DIRECTION('ref_axis',(-0.862155334494265,0.506644035988861,0.));
#8101=DIRECTION('',(0.862155334494265,-0.506644035988861,0.));
#8102=DIRECTION('',(0.,0.,1.));
#8103=DIRECTION('center_axis',(0.,0.,1.));
#8104=DIRECTION('ref_axis',(-0.307177426470699,-0.95165226247135,0.));
#8105=DIRECTION('center_axis',(0.,0.,1.));
#8106=DIRECTION('ref_axis',(-0.307177426470699,-0.95165226247135,0.));
#8107=DIRECTION('center_axis',(0.890111115757633,0.455743570009168,0.));
#8108=DIRECTION('ref_axis',(-0.455743570009168,0.890111115757633,0.));
#8109=DIRECTION('center_axis',(0.455743570009167,-0.890111115757634,0.));
#8110=DIRECTION('ref_axis',(0.890111115757634,0.455743570009167,0.));
#8111=DIRECTION('',(-0.890111115757634,-0.455743570009167,0.));
#8112=DIRECTION('',(0.,0.,1.));
#8113=DIRECTION('center_axis',(0.,0.,1.));
#8114=DIRECTION('ref_axis',(-0.784882765533426,0.61964428857902,0.));
#8115=DIRECTION('center_axis',(0.,0.,1.));
#8116=DIRECTION('ref_axis',(-0.784882765533426,0.61964428857902,0.));
#8117=DIRECTION('',(0.,0.,1.));
#8118=DIRECTION('center_axis',(0.999970439674734,-0.00768893859509809,0.));
#8119=DIRECTION('ref_axis',(0.00768893859509809,0.999970439674734,0.));
#8120=DIRECTION('',(-0.00768893859509809,-0.999970439674734,0.));
#8121=DIRECTION('',(0.,0.,1.));
#8122=DIRECTION('center_axis',(0.,0.,1.));
#8123=DIRECTION('ref_axis',(-0.979187980717763,-0.202955409925113,0.));
#8124=DIRECTION('center_axis',(0.,0.,1.));
#8125=DIRECTION('ref_axis',(-0.979187980717763,-0.202955409925113,0.));
#8126=DIRECTION('',(0.,0.,1.));
#8127=DIRECTION('center_axis',(0.741826199375892,0.670592193452563,0.));
#8128=DIRECTION('ref_axis',(-0.670592193452563,0.741826199375892,0.));
#8129=DIRECTION('',(0.670592193452563,-0.741826199375892,0.));
#8130=DIRECTION('center_axis',(0.670592193452565,-0.74182619937589,0.));
#8131=DIRECTION('ref_axis',(0.74182619937589,0.670592193452565,0.));
#8132=DIRECTION('center_axis',(0.493326403685873,-0.869844273089364,0.));
#8133=DIRECTION('ref_axis',(0.869844273089364,0.493326403685873,0.));
#8134=DIRECTION('',(-0.869844273089364,-0.493326403685873,0.));
#8135=DIRECTION('',(0.,0.,1.));
#8136=DIRECTION('center_axis',(0.,0.,1.));
#8137=DIRECTION('ref_axis',(-0.665358531189514,0.746523961419413,0.));
#8138=DIRECTION('center_axis',(0.,0.,1.));
#8139=DIRECTION('ref_axis',(-0.665358531189514,0.746523961419413,0.));
#8140=DIRECTION('',(0.,0.,1.));
#8141=DIRECTION('center_axis',(1.,0.,0.));
#8142=DIRECTION('ref_axis',(0.,1.,0.));
#8143=DIRECTION('',(0.,-1.,0.));
#8144=DIRECTION('center_axis',(7.10542735760102E-16,-1.,0.));
#8145=DIRECTION('ref_axis',(1.,7.10542735760102E-16,0.));
#8146=DIRECTION('',(-1.,-7.10542735760102E-16,0.));
#8147=DIRECTION('center_axis',(0.,0.,1.));
#8148=DIRECTION('ref_axis',(0.993906777104409,0.110223946699106,0.));
#8149=DIRECTION('',(0.,0.,1.));
#8150=DIRECTION('center_axis',(0.,0.,1.));
#8151=DIRECTION('ref_axis',(0.993906777104409,0.110223946699106,0.));
#8152=DIRECTION('center_axis',(-0.506644035988861,-0.862155334494265,0.));
#8153=DIRECTION('ref_axis',(0.862155334494265,-0.506644035988861,0.));
#8154=DIRECTION('',(-0.862155334494265,0.506644035988861,0.));
#8155=DIRECTION('',(0.,0.,1.));
#8156=DIRECTION('center_axis',(0.,0.,1.));
#8157=DIRECTION('ref_axis',(0.307177426470699,0.95165226247135,0.));
#8158=DIRECTION('center_axis',(0.,0.,1.));
#8159=DIRECTION('ref_axis',(0.307177426470699,0.95165226247135,0.));
#8160=DIRECTION('',(0.,0.,1.));
#8161=DIRECTION('center_axis',(0.455743570009166,-0.890111115757634,0.));
#8162=DIRECTION('ref_axis',(0.890111115757634,0.455743570009166,0.));
#8163=DIRECTION('',(-0.890111115757634,-0.455743570009166,0.));
#8164=DIRECTION('center_axis',(0.,0.,1.));
#8165=DIRECTION('ref_axis',(0.784882765533425,-0.619644288579022,0.));
#8166=DIRECTION('',(0.,0.,-1.));
#8167=DIRECTION('',(0.,0.,1.));
#8168=DIRECTION('center_axis',(0.,0.,1.));
#8169=DIRECTION('ref_axis',(0.784882765533425,-0.619644288579022,0.));
#8170=DIRECTION('center_axis',(-0.999970439674734,0.0076889385950981,0.));
#8171=DIRECTION('ref_axis',(-0.0076889385950981,-0.999970439674734,0.));
#8172=DIRECTION('',(0.0076889385950981,0.999970439674734,0.));
#8173=DIRECTION('',(0.,0.,1.));
#8174=DIRECTION('center_axis',(0.,0.,1.));
#8175=DIRECTION('ref_axis',(0.979187980717762,0.202955409925113,0.));
#8176=DIRECTION('center_axis',(0.,0.,1.));
#8177=DIRECTION('ref_axis',(0.979187980717762,0.202955409925113,0.));
#8178=DIRECTION('',(0.,0.,1.));
#8179=DIRECTION('center_axis',(-0.741826199375891,-0.670592193452564,0.));
#8180=DIRECTION('ref_axis',(0.670592193452564,-0.741826199375891,0.));
#8181=DIRECTION('',(-0.670592193452564,0.741826199375891,0.));
#8182=DIRECTION('center_axis',(-0.670592193452564,0.74182619937589,0.));
#8183=DIRECTION('ref_axis',(-0.74182619937589,-0.670592193452564,0.));
#8184=DIRECTION('',(0.74182619937589,0.670592193452564,0.));
#8185=DIRECTION('center_axis',(-0.493326403685872,0.869844273089364,0.));
#8186=DIRECTION('ref_axis',(-0.869844273089364,-0.493326403685872,0.));
#8187=DIRECTION('',(0.869844273089364,0.493326403685872,0.));
#8188=DIRECTION('center_axis',(-1.,0.,0.));
#8189=DIRECTION('ref_axis',(0.,-1.,0.));
#8190=DIRECTION('',(0.,1.,0.));
#8191=DIRECTION('center_axis',(-0.445573512324864,0.895245354701427,0.));
#8192=DIRECTION('ref_axis',(-0.895245354701427,-0.445573512324864,0.));
#8193=DIRECTION('',(0.,0.,1.));
#8194=DIRECTION('center_axis',(-0.895245354701428,-0.445573512324863,0.));
#8195=DIRECTION('ref_axis',(0.445573512324863,-0.895245354701428,0.));
#8196=DIRECTION('',(0.,0.,1.));
#8197=DIRECTION('center_axis',(0.,0.,1.));
#8198=DIRECTION('ref_axis',(-0.895245354701428,-0.445573512324862,0.));
#8199=DIRECTION('',(0.,0.,1.));
#8200=DIRECTION('center_axis',(0.470850278621151,-0.882213134748279,0.));
#8201=DIRECTION('ref_axis',(0.882213134748278,0.470850278621151,0.));
#8202=DIRECTION('',(0.,0.,1.));
#8203=DIRECTION('center_axis',(0.,0.,1.));
#8204=DIRECTION('ref_axis',(0.470850278621153,-0.882213134748278,0.));
#8205=DIRECTION('',(0.,0.,1.));
#8206=DIRECTION('center_axis',(0.808094920834398,0.589052288783982,0.));
#8207=DIRECTION('ref_axis',(-0.589052288783982,0.808094920834398,0.));
#8208=DIRECTION('',(0.,0.,1.));
#8209=DIRECTION('center_axis',(0.,0.,1.));
#8210=DIRECTION('ref_axis',(0.808094920834398,0.589052288783982,0.));
#8211=DIRECTION('',(0.,0.,1.));
#8212=DIRECTION('center_axis',(-0.457555927725501,0.889180843812583,0.));
#8213=DIRECTION('ref_axis',(-0.889180843812583,-0.457555927725501,0.));
#8214=DIRECTION('',(0.889180843812583,0.457555927725501,0.));
#8215=DIRECTION('',(0.,0.,1.));
#8216=DIRECTION('center_axis',(0.457555927725501,-0.889180843812582,0.));
#8217=DIRECTION('ref_axis',(0.889180843812582,0.457555927725501,0.));
#8218=DIRECTION('',(0.,0.,1.));
#8219=DIRECTION('',(0.889180843812582,0.457555927725501,0.));
#8220=DIRECTION('center_axis',(-0.889180843812583,-0.457555927725501,0.));
#8221=DIRECTION('ref_axis',(0.457555927725501,-0.889180843812582,0.));
#8222=DIRECTION('',(0.457555927725501,-0.889180843812582,0.));
#8223=DIRECTION('',(0.,0.,1.));
#8224=DIRECTION('center_axis',(0.,0.,1.));
#8225=DIRECTION('ref_axis',(-0.457555927725498,0.889180843812584,0.));
#8226=DIRECTION('center_axis',(0.,0.,1.));
#8227=DIRECTION('ref_axis',(-0.457555927725498,0.889180843812584,0.));
#8228=DIRECTION('center_axis',(0.,0.,1.));
#8229=DIRECTION('ref_axis',(-0.457555927725498,0.889180843812584,0.));
#8230=DIRECTION('center_axis',(0.,0.,1.));
#8231=DIRECTION('ref_axis',(1.,0.,0.));
#8232=CARTESIAN_POINT('',(0.,0.,0.));
#8233=CARTESIAN_POINT('Origin',(62.7714177078616,83.4639583481105,0.));
#8234=CARTESIAN_POINT('',(61.0214177078616,83.4639583481105,40.));
#8235=CARTESIAN_POINT('Origin',(62.7714177078616,83.4639583481105,40.));
#8236=CARTESIAN_POINT('',(61.0214177078616,83.4639583481105,5.));
#8237=CARTESIAN_POINT('',(61.0214177078616,83.4639583481105,0.));
#8238=CARTESIAN_POINT('Origin',(62.7714177078616,83.4639583481105,5.));
#8239=CARTESIAN_POINT('Origin',(118.78507694577,107.400027848031,40.));
#8240=CARTESIAN_POINT('Origin',(174.798736183678,131.336097347951,0.));
#8241=CARTESIAN_POINT('',(173.048736183678,131.336097347951,40.));
#8242=CARTESIAN_POINT('Origin',(174.798736183678,131.336097347951,40.));
#8243=CARTESIAN_POINT('',(173.048736183678,131.336097347951,5.));
#8244=CARTESIAN_POINT('',(173.048736183678,131.336097347951,0.));
#8245=CARTESIAN_POINT('Origin',(174.798736183678,131.336097347951,5.));
#8246=CARTESIAN_POINT('Origin',(118.78507694577,107.400027848031,40.));
#8247=CARTESIAN_POINT('Origin',(63.0970785173843,128.405150062246,0.));
#8248=CARTESIAN_POINT('',(61.3470785173843,128.405150062246,40.));
#8249=CARTESIAN_POINT('Origin',(63.0970785173843,128.405150062246,40.));
#8250=CARTESIAN_POINT('',(61.3470785173843,128.405150062246,5.));
#8251=CARTESIAN_POINT('',(61.3470785173843,128.405150062246,0.));
#8252=CARTESIAN_POINT('Origin',(63.0970785173843,128.405150062246,5.));
#8253=CARTESIAN_POINT('Origin',(118.78507694577,107.400027848031,40.));
#8254=CARTESIAN_POINT('Origin',(174.147414564633,85.0922623957241,0.));
#8255=CARTESIAN_POINT('',(172.397414564633,85.0922623957241,40.));
#8256=CARTESIAN_POINT('Origin',(174.147414564633,85.0922623957241,40.));
#8257=CARTESIAN_POINT('',(172.397414564633,85.0922623957241,5.));
#8258=CARTESIAN_POINT('',(172.397414564633,85.0922623957241,0.));
#8259=CARTESIAN_POINT('Origin',(174.147414564633,85.0922623957241,5.));
#8260=CARTESIAN_POINT('Origin',(118.78507694577,107.400027848031,40.));
#8261=CARTESIAN_POINT('Origin',(165.525503839401,117.716622444955,0.));
#8262=CARTESIAN_POINT('',(165.525503839401,120.558147997229,5.));
#8263=CARTESIAN_POINT('',(165.525503839401,117.716622444955,5.));
#8264=CARTESIAN_POINT('',(165.525503839401,107.858311222478,5.));
#8265=CARTESIAN_POINT('',(165.525503839401,120.558147997229,0.));
#8266=CARTESIAN_POINT('',(165.525503839401,120.558147997229,0.));
#8267=CARTESIAN_POINT('',(165.525503839401,117.716622444955,0.));
#8268=CARTESIAN_POINT('',(165.525503839401,77.6971740890254,0.));
#8269=CARTESIAN_POINT('',(165.525503839401,117.716622444955,0.));
#8270=CARTESIAN_POINT('Origin',(163.925503839402,117.716622444955,0.));
#8271=CARTESIAN_POINT('',(163.925503839402,116.116622444955,5.));
#8272=CARTESIAN_POINT('Origin',(163.925503839402,117.716622444955,5.));
#8273=CARTESIAN_POINT('',(163.925503839402,116.116622444955,0.));
#8274=CARTESIAN_POINT('Origin',(163.925503839402,117.716622444955,0.));
#8275=CARTESIAN_POINT('',(163.925503839402,116.116622444955,0.));
#8276=CARTESIAN_POINT('Origin',(135.851724509981,116.116622444955,0.));
#8277=CARTESIAN_POINT('',(135.851724509981,116.116622444955,5.));
#8278=CARTESIAN_POINT('',(129.175862254991,116.116622444955,5.));
#8279=CARTESIAN_POINT('',(135.851724509981,116.116622444955,0.));
#8280=CARTESIAN_POINT('',(74.4156086303707,116.116622444955,0.));
#8281=CARTESIAN_POINT('',(135.851724509981,116.116622444955,0.));
#8282=CARTESIAN_POINT('Origin',(135.851724509981,117.716622444955,0.));
#8283=CARTESIAN_POINT('',(134.251724509981,117.716622444955,5.));
#8284=CARTESIAN_POINT('Origin',(135.851724509981,117.716622444955,5.));
#8285=CARTESIAN_POINT('',(134.251724509981,117.716622444955,0.));
#8286=CARTESIAN_POINT('Origin',(135.851724509981,117.716622444955,0.));
#8287=CARTESIAN_POINT('',(134.251724509981,117.716622444955,0.));
#8288=CARTESIAN_POINT('Origin',(134.251724509981,120.558147997229,0.));
#8289=CARTESIAN_POINT('',(134.251724509981,120.558147997229,5.));
#8290=CARTESIAN_POINT('',(134.251724509981,109.279073998615,5.));
#8291=CARTESIAN_POINT('',(134.251724509981,120.558147997229,0.));
#8292=CARTESIAN_POINT('',(134.251724509981,79.1179368651626,0.));
#8293=CARTESIAN_POINT('',(134.251724509981,120.558147997229,0.));
#8294=CARTESIAN_POINT('Origin',(135.851724509981,120.558147997229,0.));
#8295=CARTESIAN_POINT('',(135.851724509981,122.158147997229,5.));
#8296=CARTESIAN_POINT('Origin',(135.851724509981,120.558147997229,5.));
#8297=CARTESIAN_POINT('',(135.851724509981,122.158147997229,0.));
#8298=CARTESIAN_POINT('Origin',(135.851724509981,120.558147997229,0.));
#8299=CARTESIAN_POINT('',(135.851724509981,122.158147997229,0.));
#8300=CARTESIAN_POINT('Origin',(163.925503839402,122.158147997229,0.));
#8301=CARTESIAN_POINT('',(163.925503839402,122.158147997229,5.));
#8302=CARTESIAN_POINT('',(143.212751919701,122.158147997229,5.));
#8303=CARTESIAN_POINT('',(163.925503839402,122.158147997229,0.));
#8304=CARTESIAN_POINT('',(88.4524982950808,122.158147997229,0.));
#8305=CARTESIAN_POINT('',(163.925503839402,122.158147997229,0.));
#8306=CARTESIAN_POINT('Origin',(163.925503839402,120.558147997229,0.));
#8307=CARTESIAN_POINT('Origin',(163.925503839402,120.558147997229,5.));
#8308=CARTESIAN_POINT('Origin',(163.925503839402,120.558147997229,0.));
#8309=CARTESIAN_POINT('Origin',(89.2964393718673,92.3059040918739,0.));
#8310=CARTESIAN_POINT('',(116.659450989255,92.3059040918739,5.));
#8311=CARTESIAN_POINT('',(89.2964393718673,92.3059040918739,5.));
#8312=CARTESIAN_POINT('',(105.898219685934,92.3059040918739,5.));
#8313=CARTESIAN_POINT('',(116.659450989255,92.3059040918739,0.));
#8314=CARTESIAN_POINT('',(116.659450989255,92.3059040918739,0.));
#8315=CARTESIAN_POINT('',(89.2964393718673,92.3059040918739,0.));
#8316=CARTESIAN_POINT('',(51.1379660613137,92.3059040918739,0.));
#8317=CARTESIAN_POINT('',(89.2964393718673,92.3059040918739,0.));
#8318=CARTESIAN_POINT('Origin',(89.2964393718673,93.9059040918738,0.));
#8319=CARTESIAN_POINT('',(87.6964393718673,93.9059040918739,5.));
#8320=CARTESIAN_POINT('Origin',(89.2964393718673,93.9059040918738,5.));
#8321=CARTESIAN_POINT('',(87.6964393718673,93.9059040918739,0.));
#8322=CARTESIAN_POINT('Origin',(89.2964393718673,93.9059040918738,0.));
#8323=CARTESIAN_POINT('',(87.6964393718673,93.9059040918739,0.));
#8324=CARTESIAN_POINT('Origin',(87.6964393718673,98.5243489242289,0.));
#8325=CARTESIAN_POINT('',(87.6964393718673,98.5243489242289,5.));
#8326=CARTESIAN_POINT('',(87.6964393718673,98.2621744621144,5.));
#8327=CARTESIAN_POINT('',(87.6964393718673,98.5243489242289,0.));
#8328=CARTESIAN_POINT('',(87.6964393718673,68.1010373286623,0.));
#8329=CARTESIAN_POINT('',(87.6964393718673,98.5243489242289,0.));
#8330=CARTESIAN_POINT('Origin',(89.2964393718673,98.5243489242289,0.));
#8331=CARTESIAN_POINT('',(89.2964393718673,100.124348924229,5.));
#8332=CARTESIAN_POINT('Origin',(89.2964393718673,98.5243489242289,5.));
#8333=CARTESIAN_POINT('',(89.2964393718673,100.124348924229,0.));
#8334=CARTESIAN_POINT('Origin',(89.2964393718673,98.5243489242289,0.));
#8335=CARTESIAN_POINT('',(89.2964393718673,100.124348924229,0.));
#8336=CARTESIAN_POINT('Origin',(116.659450989255,100.124348924229,0.));
#8337=CARTESIAN_POINT('',(116.659450989255,100.124348924229,5.));
#8338=CARTESIAN_POINT('',(119.579725494628,100.124348924229,5.));
#8339=CARTESIAN_POINT('',(116.659450989255,100.124348924229,0.));
#8340=CARTESIAN_POINT('',(64.8194718700076,100.124348924229,0.));
#8341=CARTESIAN_POINT('',(116.659450989255,100.124348924229,0.));
#8342=CARTESIAN_POINT('Origin',(116.659450989255,98.5243489242289,0.));
#8343=CARTESIAN_POINT('',(118.259450989255,98.5243489242289,5.));
#8344=CARTESIAN_POINT('Origin',(116.659450989255,98.5243489242289,5.));
#8345=CARTESIAN_POINT('',(118.259450989255,98.5243489242289,0.));
#8346=CARTESIAN_POINT('Origin',(116.659450989255,98.5243489242289,0.));
#8347=CARTESIAN_POINT('',(118.259450989255,98.5243489242289,0.));
#8348=CARTESIAN_POINT('Origin',(118.259450989255,93.9059040918739,0.));
#8349=CARTESIAN_POINT('',(118.259450989255,93.9059040918739,5.));
#8350=CARTESIAN_POINT('',(118.259450989255,95.9529520459369,5.));
#8351=CARTESIAN_POINT('',(118.259450989255,93.9059040918739,0.));
#8352=CARTESIAN_POINT('',(118.259450989255,65.7918149124848,0.));
#8353=CARTESIAN_POINT('',(118.259450989255,93.9059040918739,0.));
#8354=CARTESIAN_POINT('Origin',(116.659450989255,93.9059040918738,0.));
#8355=CARTESIAN_POINT('Origin',(116.659450989255,93.9059040918738,5.));
#8356=CARTESIAN_POINT('Origin',(116.659450989255,93.9059040918738,0.));
#8357=CARTESIAN_POINT('Origin',(118.259450989255,117.716622444955,0.));
#8358=CARTESIAN_POINT('',(118.259450989255,120.558147997229,5.));
#8359=CARTESIAN_POINT('',(118.259450989255,117.716622444955,5.));
#8360=CARTESIAN_POINT('',(118.259450989255,107.858311222478,5.));
#8361=CARTESIAN_POINT('',(118.259450989255,120.558147997229,0.));
#8362=CARTESIAN_POINT('',(118.259450989255,120.558147997229,0.));
#8363=CARTESIAN_POINT('',(118.259450989255,117.716622444955,0.));
#8364=CARTESIAN_POINT('',(118.259450989255,77.6971740890254,0.));
#8365=CARTESIAN_POINT('',(118.259450989255,117.716622444955,0.));
#8366=CARTESIAN_POINT('Origin',(116.659450989255,117.716622444955,0.));
#8367=CARTESIAN_POINT('',(116.659450989255,116.116622444955,5.));
#8368=CARTESIAN_POINT('Origin',(116.659450989255,117.716622444955,5.));
#8369=CARTESIAN_POINT('',(116.659450989255,116.116622444955,0.));
#8370=CARTESIAN_POINT('Origin',(116.659450989255,117.716622444955,0.));
#8371=CARTESIAN_POINT('',(116.659450989255,116.116622444955,0.));
#8372=CARTESIAN_POINT('Origin',(89.6518232278834,116.116622444955,0.));
#8373=CARTESIAN_POINT('',(89.6518232278834,116.116622444955,5.));
#8374=CARTESIAN_POINT('',(106.075911613942,116.116622444955,5.));
#8375=CARTESIAN_POINT('',(89.6518232278834,116.116622444955,0.));
#8376=CARTESIAN_POINT('',(51.3156579893217,116.116622444955,0.));
#8377=CARTESIAN_POINT('',(89.6518232278834,116.116622444955,0.));
#8378=CARTESIAN_POINT('Origin',(89.6518232278834,117.716622444955,0.));
#8379=CARTESIAN_POINT('',(88.0518232278834,117.716622444955,5.));
#8380=CARTESIAN_POINT('Origin',(89.6518232278834,117.716622444955,5.));
#8381=CARTESIAN_POINT('',(88.0518232278834,117.716622444955,0.));
#8382=CARTESIAN_POINT('Origin',(89.6518232278834,117.716622444955,0.));
#8383=CARTESIAN_POINT('',(88.0518232278834,117.716622444955,0.));
#8384=CARTESIAN_POINT('Origin',(88.0518232278834,120.558147997229,0.));
#8385=CARTESIAN_POINT('',(88.0518232278834,120.558147997229,5.));
#8386=CARTESIAN_POINT('',(88.0518232278834,109.279073998615,5.));
#8387=CARTESIAN_POINT('',(88.0518232278834,120.558147997229,0.));
#8388=CARTESIAN_POINT('',(88.0518232278834,79.1179368651626,0.));
#8389=CARTESIAN_POINT('',(88.0518232278834,120.558147997229,0.));
#8390=CARTESIAN_POINT('Origin',(89.6518232278834,120.558147997229,0.));
#8391=CARTESIAN_POINT('',(89.6518232278834,122.158147997229,5.));
#8392=CARTESIAN_POINT('Origin',(89.6518232278834,120.558147997229,5.));
#8393=CARTESIAN_POINT('',(89.6518232278834,122.158147997229,0.));
#8394=CARTESIAN_POINT('Origin',(89.6518232278834,120.558147997229,0.));
#8395=CARTESIAN_POINT('',(89.6518232278834,122.158147997229,0.));
#8396=CARTESIAN_POINT('Origin',(116.659450989255,122.158147997229,0.));
#8397=CARTESIAN_POINT('',(116.659450989255,122.158147997229,5.));
#8398=CARTESIAN_POINT('',(119.579725494628,122.158147997229,5.));
#8399=CARTESIAN_POINT('',(116.659450989255,122.158147997229,0.));
#8400=CARTESIAN_POINT('',(64.8194718700076,122.158147997229,0.));
#8401=CARTESIAN_POINT('',(116.659450989255,122.158147997229,0.));
#8402=CARTESIAN_POINT('Origin',(116.659450989255,120.558147997229,0.));
#8403=CARTESIAN_POINT('Origin',(116.659450989255,120.558147997229,5.));
#8404=CARTESIAN_POINT('Origin',(116.659450989255,120.558147997229,0.));
#8405=CARTESIAN_POINT('Origin',(136.562492222014,91.9505202358577,0.));
#8406=CARTESIAN_POINT('',(163.925503839402,91.9505202358577,5.));
#8407=CARTESIAN_POINT('',(136.562492222014,91.9505202358577,5.));
#8408=CARTESIAN_POINT('',(129.531246111007,91.9505202358577,5.));
#8409=CARTESIAN_POINT('',(163.925503839402,91.9505202358577,0.));
#8410=CARTESIAN_POINT('',(163.925503839402,91.9505202358577,0.));
#8411=CARTESIAN_POINT('',(136.562492222014,91.9505202358577,0.));
#8412=CARTESIAN_POINT('',(74.7709924863868,91.9505202358577,0.));
#8413=CARTESIAN_POINT('',(136.562492222014,91.9505202358577,0.));
#8414=CARTESIAN_POINT('Origin',(136.562492222014,93.5505202358577,0.));
#8415=CARTESIAN_POINT('',(134.962492222014,93.5505202358577,5.));
#8416=CARTESIAN_POINT('Origin',(136.562492222014,93.5505202358577,5.));
#8417=CARTESIAN_POINT('',(134.962492222014,93.5505202358577,0.));
#8418=CARTESIAN_POINT('Origin',(136.562492222014,93.5505202358577,0.));
#8419=CARTESIAN_POINT('',(134.962492222014,93.5505202358577,0.));
#8420=CARTESIAN_POINT('Origin',(134.962492222014,98.5243489242289,0.));
#8421=CARTESIAN_POINT('',(134.962492222014,98.5243489242289,5.));
#8422=CARTESIAN_POINT('',(134.962492222014,98.2621744621144,5.));
#8423=CARTESIAN_POINT('',(134.962492222014,98.5243489242289,0.));
#8424=CARTESIAN_POINT('',(134.962492222014,68.1010373286623,0.));
#8425=CARTESIAN_POINT('',(134.962492222014,98.5243489242289,0.));
#8426=CARTESIAN_POINT('Origin',(136.562492222014,98.5243489242289,0.));
#8427=CARTESIAN_POINT('',(136.562492222014,100.124348924229,5.));
#8428=CARTESIAN_POINT('Origin',(136.562492222014,98.5243489242289,5.));
#8429=CARTESIAN_POINT('',(136.562492222014,100.124348924229,0.));
#8430=CARTESIAN_POINT('Origin',(136.562492222014,98.5243489242289,0.));
#8431=CARTESIAN_POINT('',(136.562492222014,100.124348924229,0.));
#8432=CARTESIAN_POINT('Origin',(163.925503839402,100.124348924229,0.));
#8433=CARTESIAN_POINT('',(163.925503839402,100.124348924229,5.));
#8434=CARTESIAN_POINT('',(143.212751919701,100.124348924229,5.));
#8435=CARTESIAN_POINT('',(163.925503839402,100.124348924229,0.));
#8436=CARTESIAN_POINT('',(88.4524982950808,100.124348924229,0.));
#8437=CARTESIAN_POINT('',(163.925503839402,100.124348924229,0.));
#8438=CARTESIAN_POINT('Origin',(163.925503839402,98.5243489242289,0.));
#8439=CARTESIAN_POINT('',(165.525503839401,98.5243489242289,5.));
#8440=CARTESIAN_POINT('Origin',(163.925503839402,98.5243489242289,5.));
#8441=CARTESIAN_POINT('',(165.525503839401,98.5243489242289,0.));
#8442=CARTESIAN_POINT('Origin',(163.925503839402,98.5243489242289,0.));
#8443=CARTESIAN_POINT('',(165.525503839401,98.5243489242289,0.));
#8444=CARTESIAN_POINT('Origin',(165.525503839401,93.5505202358577,0.));
#8445=CARTESIAN_POINT('',(165.525503839401,93.5505202358577,5.));
#8446=CARTESIAN_POINT('',(165.525503839401,95.7752601179289,5.));
#8447=CARTESIAN_POINT('',(165.525503839401,93.5505202358577,0.));
#8448=CARTESIAN_POINT('',(165.525503839401,65.6141229844767,0.));
#8449=CARTESIAN_POINT('',(165.525503839401,93.5505202358577,0.));
#8450=CARTESIAN_POINT('Origin',(163.925503839402,93.5505202358577,0.));
#8451=CARTESIAN_POINT('Origin',(163.925503839402,93.5505202358577,5.));
#8452=CARTESIAN_POINT('Origin',(163.925503839402,93.5505202358577,0.));
#8453=CARTESIAN_POINT('Origin',(110.47761779505,-50.2787860796894,35.));
#8454=CARTESIAN_POINT('',(108.72761779505,-50.2787860796894,34.0000000000011));
#8455=CARTESIAN_POINT('Origin',(110.47761779505,-50.2787860796894,34.0000000000011));
#8456=CARTESIAN_POINT('',(108.72761779505,-50.2787860796894,10.));
#8457=CARTESIAN_POINT('',(108.72761779505,-50.2787860796894,35.));
#8458=CARTESIAN_POINT('Origin',(110.47761779505,-50.2787860796894,10.));
#8459=CARTESIAN_POINT('Origin',(122.35486267727,98.0504723236762,10.));
#8460=CARTESIAN_POINT('Origin',(114.000001698732,-8.00000011920929,35.));
#8461=CARTESIAN_POINT('',(112.250001698732,-8.00000011920929,34.0000000000011));
#8462=CARTESIAN_POINT('Origin',(114.000001698732,-8.00000011920929,34.0000000000011));
#8463=CARTESIAN_POINT('',(112.250001698732,-8.00000011920929,10.));
#8464=CARTESIAN_POINT('',(112.250001698732,-8.00000011920929,35.));
#8465=CARTESIAN_POINT('Origin',(114.000001698732,-8.00000011920929,10.));
#8466=CARTESIAN_POINT('Origin',(122.35486267727,98.0504723236762,10.));
#8467=CARTESIAN_POINT('Origin',(242.556069021764,8.22122070993815,35.));
#8468=CARTESIAN_POINT('',(240.806069021764,8.22122070993815,33.8836731306125));
#8469=CARTESIAN_POINT('Origin',(242.556069021764,8.22122070993815,33.8836731306125));
#8470=CARTESIAN_POINT('',(240.806069021764,8.22122070993815,10.));
#8471=CARTESIAN_POINT('',(240.806069021764,8.22122070993815,35.));
#8472=CARTESIAN_POINT('Origin',(242.556069021764,8.22122070993815,10.));
#8473=CARTESIAN_POINT('Origin',(122.35486267727,98.0504723236762,10.));
#8474=CARTESIAN_POINT('Origin',(215.00000320375,40.0000005960464,35.));
#8475=CARTESIAN_POINT('',(213.25000320375,40.0000005960464,33.8836731306125));
#8476=CARTESIAN_POINT('Origin',(215.00000320375,40.0000005960464,33.8836731306125));
#8477=CARTESIAN_POINT('',(213.25000320375,40.0000005960464,10.));
#8478=CARTESIAN_POINT('',(213.25000320375,40.0000005960464,35.));
#8479=CARTESIAN_POINT('Origin',(215.00000320375,40.0000005960464,10.));
#8480=CARTESIAN_POINT('Origin',(122.35486267727,98.0504723236762,10.));
#8481=CARTESIAN_POINT('Origin',(122.35486267727,98.0504723236762,10.));
#8482=CARTESIAN_POINT('',(213.025706965304,153.417899194175,10.));
#8483=CARTESIAN_POINT('',(212.774327266162,153.569372258681,10.));
#8484=CARTESIAN_POINT('',(214.761395867307,152.372030661776,10.));
#8485=CARTESIAN_POINT('',(210.250003159046,152.000002264977,10.));
#8486=CARTESIAN_POINT('Origin',(212.000003159046,152.000002264977,10.));
#8487=CARTESIAN_POINT('Origin',(212.000003159046,152.000002264977,10.));
#8488=CARTESIAN_POINT('Origin',(212.000003159046,152.000002264977,35.));
#8489=CARTESIAN_POINT('',(210.250003159046,152.000002264977,33.8836731306119));
#8490=CARTESIAN_POINT('Origin',(212.000003159046,152.000002264977,33.8836731306119));
#8491=CARTESIAN_POINT('',(210.250003159046,152.000002264977,35.));
#8492=CARTESIAN_POINT('Origin',(212.000003159046,152.000002264977,10.));
#8493=CARTESIAN_POINT('Origin',(249.295758734577,173.535862642562,35.));
#8494=CARTESIAN_POINT('',(247.545758734577,173.535862642562,33.8836731306119));
#8495=CARTESIAN_POINT('Origin',(249.295758734577,173.535862642562,33.8836731306119));
#8496=CARTESIAN_POINT('',(247.545758734577,173.535862642562,10.));
#8497=CARTESIAN_POINT('',(247.545758734577,173.535862642562,35.));
#8498=CARTESIAN_POINT('Origin',(249.295758734577,173.535862642562,10.));
#8499=CARTESIAN_POINT('Origin',(122.35486267727,98.0504723236762,10.));
#8500=CARTESIAN_POINT('Origin',(131.000001952052,246.000003665686,35.));
#8501=CARTESIAN_POINT('',(129.250001952052,246.000003665686,34.));
#8502=CARTESIAN_POINT('Origin',(131.000001952052,246.000003665686,34.));
#8503=CARTESIAN_POINT('',(129.250001952052,246.000003665686,10.));
#8504=CARTESIAN_POINT('',(129.250001952052,246.000003665686,35.));
#8505=CARTESIAN_POINT('Origin',(131.000001952052,246.000003665686,10.));
#8506=CARTESIAN_POINT('Origin',(122.35486267727,98.0504723236762,10.));
#8507=CARTESIAN_POINT('Origin',(122.35486267727,98.0504723236762,10.));
#8508=CARTESIAN_POINT('',(130.520143288185,203.133013865987,10.));
#8509=CARTESIAN_POINT('',(127.523180333509,204.938884286337,10.));
#8510=CARTESIAN_POINT('',(214.761395867307,152.372030661776,10.));
#8511=CARTESIAN_POINT('',(127.25000192225,204.000003039837,10.));
#8512=CARTESIAN_POINT('Origin',(129.00000192225,204.000003039837,10.));
#8513=CARTESIAN_POINT('Origin',(129.00000192225,204.000003039837,10.));
#8514=CARTESIAN_POINT('Origin',(129.00000192225,204.000003039837,35.));
#8515=CARTESIAN_POINT('',(127.25000192225,204.000003039837,34.));
#8516=CARTESIAN_POINT('Origin',(129.00000192225,204.000003039837,34.));
#8517=CARTESIAN_POINT('',(127.25000192225,204.000003039837,35.));
#8518=CARTESIAN_POINT('Origin',(129.00000192225,204.000003039837,10.));
#8519=CARTESIAN_POINT('Origin',(1.77685746928965,186.627043628036,35.));
#8520=CARTESIAN_POINT('',(0.0268574692896478,186.627043628036,34.));
#8521=CARTESIAN_POINT('Origin',(1.77685746928965,186.627043628036,34.));
#8522=CARTESIAN_POINT('',(0.0268574692896478,186.627043628036,10.));
#8523=CARTESIAN_POINT('',(0.0268574692896478,186.627043628036,35.));
#8524=CARTESIAN_POINT('Origin',(1.77685746928965,186.627043628036,10.));
#8525=CARTESIAN_POINT('Origin',(122.35486267727,98.0504723236762,10.));
#8526=CARTESIAN_POINT('Origin',(28.4350780697426,154.429452513204,35.));
#8527=CARTESIAN_POINT('',(26.6850780697426,154.429452513204,34.));
#8528=CARTESIAN_POINT('Origin',(28.4350780697426,154.429452513204,34.));
#8529=CARTESIAN_POINT('',(26.6850780697426,154.429452513204,10.));
#8530=CARTESIAN_POINT('',(26.6850780697426,154.429452513204,35.));
#8531=CARTESIAN_POINT('',(27.2609370957513,155.727101530926,10.));
#8532=CARTESIAN_POINT('Origin',(28.4350780697426,154.429452513204,10.));
#8533=CARTESIAN_POINT('',(27.2132224994376,153.176628117961,10.));
#8534=CARTESIAN_POINT('Origin',(28.4350780697426,154.429452513204,10.));
#8535=CARTESIAN_POINT('Origin',(28.4350780697426,154.429452513204,10.));
#8536=CARTESIAN_POINT('Origin',(122.35486267727,98.0504723236762,10.));
#8537=CARTESIAN_POINT('',(27.2637930654708,155.879760788273,10.));
#8538=CARTESIAN_POINT('Origin',(-4.92401325945154,23.7009210730301,35.));
#8539=CARTESIAN_POINT('',(-6.67401325945154,23.7009210730301,34.));
#8540=CARTESIAN_POINT('Origin',(-4.92401325945154,23.7009210730301,34.));
#8541=CARTESIAN_POINT('',(-6.67401325945154,23.7009210730301,10.));
#8542=CARTESIAN_POINT('',(-6.67401325945154,23.7009210730301,35.));
#8543=CARTESIAN_POINT('Origin',(-4.92401325945154,23.7009210730301,10.));
#8544=CARTESIAN_POINT('Origin',(122.35486267727,98.0504723236762,10.));
#8545=CARTESIAN_POINT('Origin',(122.35486267727,98.0504723236762,10.));
#8546=CARTESIAN_POINT('',(30.9788648085532,44.1690787491807,10.));
#8547=CARTESIAN_POINT('',(31.5805778614863,43.8065064317167,10.));
#8548=CARTESIAN_POINT('',(25.2386041326933,47.6279693382237,10.));
#8549=CARTESIAN_POINT('',(30.4145357071908,45.4562013230345,10.));
#8550=CARTESIAN_POINT('Origin',(32.1645357071908,45.4562013230345,10.));
#8551=CARTESIAN_POINT('Origin',(32.1645357071908,45.4562013230345,10.));
#8552=CARTESIAN_POINT('Origin',(32.1645357071908,45.4562013230345,35.));
#8553=CARTESIAN_POINT('',(30.4145357071908,45.4562013230345,34.));
#8554=CARTESIAN_POINT('Origin',(32.1645357071908,45.4562013230345,34.));
#8555=CARTESIAN_POINT('',(30.4145357071908,45.4562013230345,35.));
#8556=CARTESIAN_POINT('Origin',(32.1645357071908,45.4562013230345,10.));
#8557=CARTESIAN_POINT('Origin',(-10.290278445257,33.7410301303435,35.));
#8558=CARTESIAN_POINT('',(-12.040278445257,33.7410301303435,34.));
#8559=CARTESIAN_POINT('Origin',(-10.290278445257,33.7410301303435,34.));
#8560=CARTESIAN_POINT('',(-12.040278445257,33.7410301303435,10.));
#8561=CARTESIAN_POINT('',(-12.040278445257,33.7410301303435,35.));
#8562=CARTESIAN_POINT('Origin',(-10.290278445257,33.7410301303435,10.));
#8563=CARTESIAN_POINT('Origin',(122.35486267727,98.0504723236762,10.));
#8564=CARTESIAN_POINT('Origin',(23.5881288696602,147.851450027378,35.));
#8565=CARTESIAN_POINT('',(21.8381288696602,147.851450027378,34.));
#8566=CARTESIAN_POINT('Origin',(23.5881288696602,147.851450027378,34.));
#8567=CARTESIAN_POINT('',(21.8381288696602,147.851450027378,10.));
#8568=CARTESIAN_POINT('',(21.8381288696602,147.851450027378,35.));
#8569=CARTESIAN_POINT('Origin',(23.5881288696602,147.851450027378,10.));
#8570=CARTESIAN_POINT('Origin',(122.35486267727,98.0504723236762,10.));
#8571=CARTESIAN_POINT('Origin',(-7.91704093087504,178.144882527892,35.));
#8572=CARTESIAN_POINT('',(-9.66704093087505,178.144882527892,34.));
#8573=CARTESIAN_POINT('Origin',(-7.91704093087504,178.144882527892,34.));
#8574=CARTESIAN_POINT('',(-9.66704093087505,178.144882527892,10.));
#8575=CARTESIAN_POINT('',(-9.66704093087505,178.144882527892,35.));
#8576=CARTESIAN_POINT('Origin',(-7.91704093087504,178.144882527892,10.));
#8577=CARTESIAN_POINT('Origin',(122.35486267727,98.0504723236762,10.));
#8578=CARTESIAN_POINT('Origin',(118.65864011994,203.688106233824,35.));
#8579=CARTESIAN_POINT('',(116.90864011994,203.688106233824,34.));
#8580=CARTESIAN_POINT('Origin',(118.65864011994,203.688106233824,34.));
#8581=CARTESIAN_POINT('',(116.90864011994,203.688106233824,10.));
#8582=CARTESIAN_POINT('',(116.90864011994,203.688106233824,35.));
#8583=CARTESIAN_POINT('Origin',(118.65864011994,203.688106233824,10.));
#8584=CARTESIAN_POINT('Origin',(122.35486267727,98.0504723236762,10.));
#8585=CARTESIAN_POINT('Origin',(118.000001758337,247.000003680587,35.));
#8586=CARTESIAN_POINT('',(116.250001758337,247.000003680587,34.));
#8587=CARTESIAN_POINT('Origin',(118.000001758337,247.000003680587,34.));
#8588=CARTESIAN_POINT('',(116.250001758337,247.000003680587,10.));
#8589=CARTESIAN_POINT('',(116.250001758337,247.000003680587,35.));
#8590=CARTESIAN_POINT('Origin',(118.000001758337,247.000003680587,10.));
#8591=CARTESIAN_POINT('Origin',(122.35486267727,98.0504723236762,10.));
#8592=CARTESIAN_POINT('Origin',(28.3468285695274,50.6858338925524,35.));
#8593=CARTESIAN_POINT('',(26.5968285695274,50.6858338925524,34.));
#8594=CARTESIAN_POINT('Origin',(28.3468285695274,50.6858338925524,34.));
#8595=CARTESIAN_POINT('',(26.5968285695274,50.6858338925524,10.));
#8596=CARTESIAN_POINT('',(26.5968285695274,50.6858338925524,35.));
#8597=CARTESIAN_POINT('Origin',(28.3468285695274,50.6858338925524,10.));
#8598=CARTESIAN_POINT('Origin',(122.35486267727,98.0504723236762,10.));
#8599=CARTESIAN_POINT('Origin',(255.000003799796,163.000002428889,35.));
#8600=CARTESIAN_POINT('',(253.250003799796,163.000002428889,33.8836731306119));
#8601=CARTESIAN_POINT('Origin',(255.000003799796,163.000002428889,33.8836731306119));
#8602=CARTESIAN_POINT('',(253.250003799796,163.000002428889,10.));
#8603=CARTESIAN_POINT('',(253.250003799796,163.000002428889,35.));
#8604=CARTESIAN_POINT('Origin',(255.000003799796,163.000002428889,10.));
#8605=CARTESIAN_POINT('Origin',(122.35486267727,98.0504723236762,10.));
#8606=CARTESIAN_POINT('Origin',(216.917268378183,145.438344988083,35.));
#8607=CARTESIAN_POINT('',(215.167268378183,145.438344988083,33.8836731306119));
#8608=CARTESIAN_POINT('Origin',(216.917268378183,145.438344988083,33.8836731306119));
#8609=CARTESIAN_POINT('',(215.167268378183,145.438344988083,10.));
#8610=CARTESIAN_POINT('',(215.167268378183,145.438344988083,35.));
#8611=CARTESIAN_POINT('Origin',(216.917268378183,145.438344988083,10.));
#8612=CARTESIAN_POINT('Origin',(122.35486267727,98.0504723236762,10.));
#8613=CARTESIAN_POINT('Origin',(222.000003308058,48.0000007152557,35.));
#8614=CARTESIAN_POINT('',(220.250003308058,48.0000007152557,33.8836731306125));
#8615=CARTESIAN_POINT('Origin',(222.000003308058,48.0000007152557,33.8836731306125));
#8616=CARTESIAN_POINT('',(220.250003308058,48.0000007152557,10.));
#8617=CARTESIAN_POINT('',(220.250003308058,48.0000007152557,35.));
#8618=CARTESIAN_POINT('Origin',(222.000003308058,48.0000007152557,10.));
#8619=CARTESIAN_POINT('Origin',(122.35486267727,98.0504723236762,10.));
#8620=CARTESIAN_POINT('Origin',(252.435677651765,16.8201393323461,35.));
#8621=CARTESIAN_POINT('',(250.685677651765,16.8201393323461,33.8836731306125));
#8622=CARTESIAN_POINT('Origin',(252.435677651765,16.8201393323461,33.8836731306125));
#8623=CARTESIAN_POINT('',(250.685677651765,16.8201393323461,10.));
#8624=CARTESIAN_POINT('',(250.685677651765,16.8201393323461,35.));
#8625=CARTESIAN_POINT('Origin',(252.435677651765,16.8201393323461,10.));
#8626=CARTESIAN_POINT('Origin',(122.35486267727,98.0504723236762,10.));
#8627=CARTESIAN_POINT('Origin',(123.000001832843,-7.00000010430813,35.));
#8628=CARTESIAN_POINT('',(121.250001832843,-7.00000010430813,34.0000000000011));
#8629=CARTESIAN_POINT('Origin',(123.000001832843,-7.00000010430813,34.0000000000011));
#8630=CARTESIAN_POINT('',(121.250001832843,-7.00000010430813,10.));
#8631=CARTESIAN_POINT('',(121.250001832843,-7.00000010430813,35.));
#8632=CARTESIAN_POINT('Origin',(123.000001832843,-7.00000010430813,10.));
#8633=CARTESIAN_POINT('Origin',(122.35486267727,98.0504723236762,10.));
#8634=CARTESIAN_POINT('Origin',(123.503349819495,-50.8990590332344,35.));
#8635=CARTESIAN_POINT('',(121.753349819495,-50.8990590332344,34.0000000000011));
#8636=CARTESIAN_POINT('Origin',(123.503349819495,-50.8990590332344,34.0000000000011));
#8637=CARTESIAN_POINT('',(121.753349819495,-50.8990590332344,10.));
#8638=CARTESIAN_POINT('',(121.753349819495,-50.8990590332344,35.));
#8639=CARTESIAN_POINT('Origin',(123.503349819495,-50.8990590332344,10.));
#8640=CARTESIAN_POINT('Origin',(122.35486267727,98.0504723236762,10.));
#8641=CARTESIAN_POINT('Origin',(33.1854446250625,158.104066210962,10.));
#8642=CARTESIAN_POINT('',(27.1718831263445,150.966927520495,10.));
#8643=CARTESIAN_POINT('',(27.2637930654708,155.879760788273,10.));
#8644=CARTESIAN_POINT('',(23.3482087728721,154.188652902739,10.));
#8645=CARTESIAN_POINT('',(27.1718831263445,150.966927520495,10.));
#8646=CARTESIAN_POINT('',(28.4944507737034,160.296421635539,10.));
#8647=CARTESIAN_POINT('',(33.0681481020166,165.72467112918,10.));
#8648=CARTESIAN_POINT('',(30.7530092797606,157.80815511898,10.));
#8649=CARTESIAN_POINT('',(16.9011322638439,173.068845367991,10.));
#8650=CARTESIAN_POINT('',(27.2637930654708,155.879760788273,10.));
#8651=CARTESIAN_POINT('',(122.025188932778,208.251791450049,10.));
#8652=CARTESIAN_POINT('',(27.2637930654708,155.879760788273,10.));
#8653=CARTESIAN_POINT('Origin',(214.655781862626,146.726678258403,10.));
#8654=CARTESIAN_POINT('',(209.408093671777,155.597752912037,10.));
#8655=CARTESIAN_POINT('',(214.761395867307,152.372030661776,10.));
#8656=CARTESIAN_POINT('',(213.167424902367,157.604163934083,10.));
#8657=CARTESIAN_POINT('',(209.161186216173,155.465974728641,10.));
#8658=CARTESIAN_POINT('',(218.757369359495,149.586220180726,10.));
#8659=CARTESIAN_POINT('',(216.566829250261,152.728224098657,10.));
#8660=CARTESIAN_POINT('',(214.655781862626,146.726678258403,10.));
#8661=CARTESIAN_POINT('',(214.655781862626,146.726678258403,10.));
#8662=CARTESIAN_POINT('',(214.761395867307,152.372030661776,10.));
#8663=CARTESIAN_POINT('',(212.736206934529,44.1202392117268,10.));
#8664=CARTESIAN_POINT('',(214.761395867307,152.372030661776,10.));
#8665=CARTESIAN_POINT('Origin',(214.655781862626,146.726678258403,5.));
#8666=CARTESIAN_POINT('',(214.655781862626,146.726678258403,5.));
#8667=CARTESIAN_POINT('',(214.655781862626,146.726678258403,-0.0581634346940518));
#8668=CARTESIAN_POINT('',(218.757369359495,149.586220180726,5.));
#8669=CARTESIAN_POINT('',(218.757369359495,149.586220180726,-0.0581634346940518));
#8670=CARTESIAN_POINT('',(172.21903644071,117.140657559457,5.));
#8671=CARTESIAN_POINT('Origin',(223.414571072004,142.906157138004,-0.116326869388104));
#8672=CARTESIAN_POINT('',(222.644754849329,144.010343990157,5.));
#8673=CARTESIAN_POINT('',(222.644754849329,144.010343990157,33.8836731306119));
#8674=CARTESIAN_POINT('',(222.644754849329,144.010343990157,-0.116326869388104));
#8675=CARTESIAN_POINT('',(217.444824706352,151.468870229109,5.));
#8676=CARTESIAN_POINT('',(213.167424902367,157.604163934083,33.8836731306119));
#8677=CARTESIAN_POINT('',(213.167424902367,157.604163934083,-0.116326869388104));
#8678=CARTESIAN_POINT('',(211.674848266253,159.74504308015,33.8836731306119));
#8679=CARTESIAN_POINT('Origin',(257.567209126522,161.98078957099,-0.116326869388104));
#8680=CARTESIAN_POINT('',(253.121304907459,159.693009932362,33.8836731306119));
#8681=CARTESIAN_POINT('',(257.567209126522,161.980789570989,33.8836731306119));
#8682=CARTESIAN_POINT('',(253.121304907459,159.693009932362,5.));
#8683=CARTESIAN_POINT('',(253.121304907459,159.693009932362,-0.116326869388104));
#8684=CARTESIAN_POINT('',(191.15697522263,127.807318115988,5.));
#8685=CARTESIAN_POINT('Origin',(232.593768584867,159.207776020777,33.8836731306119));
#8686=CARTESIAN_POINT('',(245.333023490488,174.77142257114,33.8836731306119));
#8687=CARTESIAN_POINT('',(249.765780803547,177.137251114953,33.8836731306119));
#8688=CARTESIAN_POINT('',(248.454268258957,168.748813075165,33.8836731306119));
#8689=CARTESIAN_POINT('',(248.454268258957,168.748813075165,33.8836731306119));
#8690=CARTESIAN_POINT('',(252.893519685574,171.049475321406,33.8836731306119));
#8691=CARTESIAN_POINT('',(252.893519685574,171.049475321406,33.8836731306119));
#8692=CARTESIAN_POINT('',(254.573261469738,171.885501381344,33.8836731306119));
#8693=CARTESIAN_POINT('',(254.573261469738,171.885501381344,33.8836731306119));
#8694=CARTESIAN_POINT('',(250.930683410979,179.204161481282,33.8836731306119));
#8695=CARTESIAN_POINT('',(250.930683410979,179.204161481282,33.8836731306119));
#8696=CARTESIAN_POINT('',(247.515444327672,180.29576053734,33.8836731306119));
#8697=CARTESIAN_POINT('Origin',(248.692570024225,178.09022770047,33.8836731306119));
#8698=CARTESIAN_POINT('',(206.189775433906,158.23963606308,33.8836731306119));
#8699=CARTESIAN_POINT('',(247.515444327672,180.29576053734,33.8836731306119));
#8700=CARTESIAN_POINT('',(205.346663828373,154.56147250425,33.8836731306119));
#8701=CARTESIAN_POINT('Origin',(207.366901130459,156.03410322621,33.8836731306119));
#8702=CARTESIAN_POINT('',(216.797412889795,138.852693619125,33.8836731306119));
#8703=CARTESIAN_POINT('',(205.346663828373,154.56147250425,33.8836731306119));
#8704=CARTESIAN_POINT('',(219.961540011195,138.102372231553,33.8836731306119));
#8705=CARTESIAN_POINT('Origin',(218.817650191881,140.325324341085,33.8836731306119));
#8706=CARTESIAN_POINT('',(258.964525858589,158.172583480088,33.8836731306119));
#8707=CARTESIAN_POINT('',(258.964525858589,158.172583480088,33.8836731306119));
#8708=CARTESIAN_POINT('',(260.043588148806,161.539425408933,33.8836731306119));
#8709=CARTESIAN_POINT('Origin',(257.820636039275,160.39553558962,33.8836731306119));
#8710=CARTESIAN_POINT('',(256.862976227777,167.720394817067,33.8836731306119));
#8711=CARTESIAN_POINT('',(260.043588148806,161.539425408933,33.8836731306119));
#8712=CARTESIAN_POINT('',(250.638710321089,164.517503322988,33.8836731306119));
#8713=CARTESIAN_POINT('',(256.862976227777,167.720394817067,33.8836731306119));
#8714=CARTESIAN_POINT('',(250.638710321089,164.517503322988,33.8836731306119));
#8715=CARTESIAN_POINT('Origin',(250.638710321089,164.517503322988,-0.116326869388104));
#8716=CARTESIAN_POINT('',(250.638710321089,164.517503322988,5.));
#8717=CARTESIAN_POINT('',(250.638710321089,164.517503322988,-0.116326869388104));
#8718=CARTESIAN_POINT('',(250.756636954905,164.288333297181,5.));
#8719=CARTESIAN_POINT('Origin',(244.384828819688,176.601015138208,-0.116326869388104));
#8720=CARTESIAN_POINT('',(245.333023490488,174.77142257114,5.));
#8721=CARTESIAN_POINT('',(245.333023490488,174.77142257114,-0.116326869388104));
#8722=CARTESIAN_POINT('',(248.454268258957,168.748813075165,4.99999999999999));
#8723=CARTESIAN_POINT('',(247.537373128824,170.518011496684,5.));
#8724=CARTESIAN_POINT('',(248.454268258957,168.748813075165,-0.116326869388104));
#8725=CARTESIAN_POINT('Origin',(252.893519685574,171.049475321406,5.));
#8726=CARTESIAN_POINT('',(252.893519685574,171.049475321406,5.));
#8727=CARTESIAN_POINT('',(252.893519685574,171.049475321406,-0.116326869388104));
#8728=CARTESIAN_POINT('',(186.578935253285,136.681640270705,5.));
#8729=CARTESIAN_POINT('Origin',(122.5,98.,5.));
#8730=CARTESIAN_POINT('',(256.040210042536,167.297014637648,5.));
#8731=CARTESIAN_POINT('',(188.674380636259,132.631811506614,5.));
#8732=CARTESIAN_POINT('',(253.870066769498,171.535513603369,5.));
#8733=CARTESIAN_POINT('',(249.195498091602,180.665396755607,5.));
#8734=CARTESIAN_POINT('',(186.071016956688,137.791176814873,5.));
#8735=CARTESIAN_POINT('',(209.408093671777,155.597752912037,5.));
#8736=CARTESIAN_POINT('',(163.178468250348,130.924313861005,5.));
#8737=CARTESIAN_POINT('',(214.761395867307,152.372030661776,5.));
#8738=CARTESIAN_POINT('',(192.936440899108,165.523024250492,5.));
#8739=CARTESIAN_POINT('',(213.224239919722,70.2069139307141,5.));
#8740=CARTESIAN_POINT('Origin',(208.514961326625,155.12107488833,-0.116326869388104));
#8741=CARTESIAN_POINT('',(209.408093671777,155.597752912037,-0.0581634346940518));
#8742=CARTESIAN_POINT('Origin',(214.761395867307,152.372030661776,0.));
#8743=CARTESIAN_POINT('',(214.761395867307,152.372030661776,0.));
#8744=CARTESIAN_POINT('Origin',(131.045600300256,202.816390908141,10.));
#8745=CARTESIAN_POINT('',(119.482832484443,206.846700604282,10.));
#8746=CARTESIAN_POINT('',(115.330608203324,204.551879856075,10.));
#8747=CARTESIAN_POINT('',(122.025188932778,208.251791450049,10.));
#8748=CARTESIAN_POINT('',(115.395507389742,206.497485339269,10.));
#8749=CARTESIAN_POINT('',(115.254971119883,202.284364153673,10.));
#8750=CARTESIAN_POINT('',(122.090752236147,207.069517572867,10.));
#8751=CARTESIAN_POINT('Origin',(131.045600300256,202.816390908141,10.));
#8752=CARTESIAN_POINT('',(123.751738633129,207.211429897276,10.));
#8753=CARTESIAN_POINT('',(214.761395867307,152.372030661776,10.));
#8754=CARTESIAN_POINT('',(130.619958100772,207.798240837436,10.));
#8755=CARTESIAN_POINT('',(122.090752236147,207.069517572867,10.));
#8756=CARTESIAN_POINT('',(131.045600300256,202.816390908141,10.));
#8757=CARTESIAN_POINT('',(131.045600300256,202.816390908141,10.));
#8758=CARTESIAN_POINT('',(214.761395867307,152.372030661776,10.));
#8759=CARTESIAN_POINT('Origin',(131.045600300256,202.816390908141,5.));
#8760=CARTESIAN_POINT('',(131.045600300256,202.816390908141,5.));
#8761=CARTESIAN_POINT('',(131.045600300256,202.816390908141,0.));
#8762=CARTESIAN_POINT('',(130.619958100772,207.798240837436,5.));
#8763=CARTESIAN_POINT('',(130.619958100773,207.798240837436,0.));
#8764=CARTESIAN_POINT('',(135.459868823403,151.150406293344,5.));
#8765=CARTESIAN_POINT('Origin',(133.247927744961,208.022770840427,0.));
#8766=CARTESIAN_POINT('',(131.906765769133,207.908183861422,5.));
#8767=CARTESIAN_POINT('',(131.906765769133,207.908183861422,34.));
#8768=CARTESIAN_POINT('',(131.906765769133,207.908183861422,0.));
#8769=CARTESIAN_POINT('',(123.246874249592,207.168294999658,5.));
#8770=CARTESIAN_POINT('',(122.090752236147,207.069517572867,10.));
#8771=CARTESIAN_POINT('',(115.395507389742,206.497485339269,34.));
#8772=CARTESIAN_POINT('',(115.395507389742,206.497485339269,0.));
#8773=CARTESIAN_POINT('',(112.795163344758,206.275315628332,34.));
#8774=CARTESIAN_POINT('Origin',(133.805130517404,247.137139218388,0.));
#8775=CARTESIAN_POINT('',(133.563453693184,242.142983402574,34.));
#8776=CARTESIAN_POINT('',(133.805130517404,247.137139218388,34.));
#8777=CARTESIAN_POINT('',(133.563453693184,242.142983402574,4.99999999999999));
#8778=CARTESIAN_POINT('',(133.563453693184,242.142983402574,0.));
#8779=CARTESIAN_POINT('',(130.191838206345,172.469885261353,5.));
#8780=CARTESIAN_POINT('Origin',(123.719910426098,224.122998514309,34.));
#8781=CARTESIAN_POINT('',(116.611024590772,242.937340163043,34.));
#8782=CARTESIAN_POINT('',(116.778535627362,247.959134876871,34.));
#8783=CARTESIAN_POINT('',(123.387379795595,242.629112675979,34.));
#8784=CARTESIAN_POINT('',(123.387379795595,242.629112675979,34.));
#8785=CARTESIAN_POINT('',(123.61457355813,247.623948308336,34.));
#8786=CARTESIAN_POINT('',(123.61457355813,247.623948308336,34.));
#8787=CARTESIAN_POINT('',(123.73042464408,249.496660395189,34.));
#8788=CARTESIAN_POINT('',(123.73042464408,249.496660395189,34.));
#8789=CARTESIAN_POINT('',(115.570990046491,250.001425311005,34.));
#8790=CARTESIAN_POINT('',(115.570990046491,250.001425311005,34.));
#8791=CARTESIAN_POINT('',(112.918017991544,247.589541032894,34.));
#8792=CARTESIAN_POINT('Origin',(115.416628305431,247.506195371121,34.));
#8793=CARTESIAN_POINT('',(111.356347648402,200.772399705378,34.));
#8794=CARTESIAN_POINT('',(112.918017991544,247.589541032894,34.));
#8795=CARTESIAN_POINT('',(114.120174926857,198.203161857345,34.));
#8796=CARTESIAN_POINT('Origin',(113.854957962289,200.689054043605,34.));
#8797=CARTESIAN_POINT('',(133.449751034519,200.265411994335,34.));
#8798=CARTESIAN_POINT('',(114.120174926857,198.203161857345,34.));
#8799=CARTESIAN_POINT('',(135.681611977858,202.630465768485,34.));
#8800=CARTESIAN_POINT('Origin',(133.184534069951,202.751304180595,34.));
#8801=CARTESIAN_POINT('',(137.801792101004,246.44314796004,34.));
#8802=CARTESIAN_POINT('',(137.801792101004,246.44314796004,34.));
#8803=CARTESIAN_POINT('',(135.425552605206,249.061064280057,34.));
#8804=CARTESIAN_POINT('Origin',(135.304714193097,246.56398637215,34.));
#8805=CARTESIAN_POINT('',(128.482370117234,249.397058260933,34.));
#8806=CARTESIAN_POINT('',(135.425552605206,249.061064280057,34.));
#8807=CARTESIAN_POINT('',(128.144022563327,242.405240118792,34.));
#8808=CARTESIAN_POINT('',(128.482370117234,249.397058260933,34.));
#8809=CARTESIAN_POINT('',(128.144022563327,242.405240118792,34.));
#8810=CARTESIAN_POINT('Origin',(122.5,98.,5.));
#8811=CARTESIAN_POINT('',(128.144022563327,242.405240118792,5.));
#8812=CARTESIAN_POINT('',(128.814465180612,242.372796108525,5.));
#8813=CARTESIAN_POINT('',(128.482370117234,249.397058260933,5.));
#8814=CARTESIAN_POINT('',(124.772407076488,172.732141977571,5.));
#8815=CARTESIAN_POINT('',(135.425552605206,249.061064280057,5.));
#8816=CARTESIAN_POINT('',(132.624403978505,249.196617260227,5.));
#8817=CARTESIAN_POINT('',(137.680579810955,247.341972596885,5.));
#8818=CARTESIAN_POINT('Origin',(135.304714193097,246.56398637215,5.));
#8819=CARTESIAN_POINT('',(137.680579810955,250.171435242502,5.));
#8820=CARTESIAN_POINT('',(137.680579810955,250.171435242502,5.));
#8821=CARTESIAN_POINT('',(112.680579810955,250.171435242502,5.));
#8822=CARTESIAN_POINT('',(125.180579810955,250.171435242502,5.));
#8823=CARTESIAN_POINT('',(112.680579810955,240.471408255387,5.));
#8824=CARTESIAN_POINT('',(112.680579810955,225.171435242502,5.));
#8825=CARTESIAN_POINT('',(112.918017991544,247.589541032894,5.));
#8826=CARTESIAN_POINT('',(110.431201120148,173.037534948451,5.));
#8827=CARTESIAN_POINT('',(115.570990046491,250.001425311005,5.));
#8828=CARTESIAN_POINT('Origin',(115.416628305431,247.506195371121,5.));
#8829=CARTESIAN_POINT('',(123.73042464408,249.496660395189,5.));
#8830=CARTESIAN_POINT('',(127.785691476337,249.24579050994,5.));
#8831=CARTESIAN_POINT('',(123.61457355813,247.623948308336,5.));
#8832=CARTESIAN_POINT('',(119.002019946809,173.062844039417,5.));
#8833=CARTESIAN_POINT('',(123.387379795595,242.629112675979,5.));
#8834=CARTESIAN_POINT('',(120.217571272804,172.94114069695,5.));
#8835=CARTESIAN_POINT('',(116.611024590772,242.937340163043,5.));
#8836=CARTESIAN_POINT('',(121.809632210917,242.700877682173,5.));
#8837=CARTESIAN_POINT('',(115.330608203324,204.551879856074,5.));
#8838=CARTESIAN_POINT('',(113.503995089239,149.792048699399,5.));
#8839=CARTESIAN_POINT('',(122.025188932778,208.251791450049,5.));
#8840=CARTESIAN_POINT('',(98.8690074485186,195.454003536483,5.));
#8841=CARTESIAN_POINT('',(192.936440899108,165.523024250492,5.));
#8842=CARTESIAN_POINT('Origin',(115.219693795352,201.226789169619,0.));
#8843=CARTESIAN_POINT('',(115.330608203324,204.551879856075,0.));
#8844=CARTESIAN_POINT('',(116.611024590772,242.937340163043,0.));
#8845=CARTESIAN_POINT('Origin',(120.,100.,10.));
#8846=CARTESIAN_POINT('',(122.025188932778,208.251791450049,10.));
#8847=CARTESIAN_POINT('',(214.761395867307,152.372030661776,10.));
#8848=CARTESIAN_POINT('',(122.025188932778,208.251791450049,10.));
#8849=CARTESIAN_POINT('Origin',(128.144022563327,242.405240118792,0.));
#8850=CARTESIAN_POINT('',(128.144022563327,242.405240118792,0.));
#8851=CARTESIAN_POINT('Origin',(114.552453613716,243.030975773932,0.));
#8852=CARTESIAN_POINT('',(123.387379795595,242.629112675979,0.));
#8853=CARTESIAN_POINT('Origin',(123.61457355813,247.623948308336,5.));
#8854=CARTESIAN_POINT('',(123.61457355813,247.623948308336,0.));
#8855=CARTESIAN_POINT('Origin',(1.44068712645386,182.02886280941,0.));
#8856=CARTESIAN_POINT('',(5.45824713099927,185.675535809056,34.));
#8857=CARTESIAN_POINT('',(5.45824713099927,185.675535809056,5.));
#8858=CARTESIAN_POINT('',(5.45824713099921,185.675535809056,0.));
#8859=CARTESIAN_POINT('',(1.44068712645388,182.02886280941,34.));
#8860=CARTESIAN_POINT('',(1.44068712645388,182.02886280941,34.));
#8861=CARTESIAN_POINT('',(1.44068712645388,182.02886280941,5.));
#8862=CARTESIAN_POINT('',(1.44068712645388,182.02886280941,0.));
#8863=CARTESIAN_POINT('',(13.718761608354,193.173468652292,5.));
#8864=CARTESIAN_POINT('Origin',(-8.61246536975962,172.860634163155,0.));
#8865=CARTESIAN_POINT('',(-7.09062549690983,174.250053285166,5.));
#8866=CARTESIAN_POINT('',(-7.09062549690981,174.250053285166,34.));
#8867=CARTESIAN_POINT('',(-7.09062549690981,174.250053285166,0.));
#8868=CARTESIAN_POINT('',(-2.08106903359958,178.823710255973,5.));
#8869=CARTESIAN_POINT('',(8.5034907829336,188.487269523619,5.));
#8870=CARTESIAN_POINT('',(-2.08106903359958,178.823710255973,34.));
#8871=CARTESIAN_POINT('',(-2.08106903359957,178.823710255973,0.));
#8872=CARTESIAN_POINT('',(-2.08106903359957,178.823710255973,34.));
#8873=CARTESIAN_POINT('Origin',(-5.45230093001936,182.516242652657,5.));
#8874=CARTESIAN_POINT('',(-5.45230093001936,182.516242652657,5.));
#8875=CARTESIAN_POINT('',(-5.45230093001936,182.516242652657,34.));
#8876=CARTESIAN_POINT('',(-5.45230093001936,182.516242652657,0.));
#8877=CARTESIAN_POINT('',(-5.45230093001936,182.516242652657,34.));
#8878=CARTESIAN_POINT('',(44.6735915503771,127.613024012274,5.));
#8879=CARTESIAN_POINT('Origin',(122.5,98.,5.));
#8880=CARTESIAN_POINT('',(-2.76501591743463,186.662309334986,5.));
#8881=CARTESIAN_POINT('',(48.0120140201249,130.720971944286,5.));
#8882=CARTESIAN_POINT('',(-6.29559545693519,183.470754386476,5.));
#8883=CARTESIAN_POINT('',(-14.6817099131096,175.889918211586,5.));
#8884=CARTESIAN_POINT('',(43.5610788502639,127.038773487155,5.));
#8885=CARTESIAN_POINT('',(17.8167424989365,147.623684378323,5.));
#8886=CARTESIAN_POINT('',(56.4232050213696,106.352767536291,5.));
#8887=CARTESIAN_POINT('',(23.3482087728721,154.188652902739,5.));
#8888=CARTESIAN_POINT('',(33.0943706752258,165.755793142625,5.));
#8889=CARTESIAN_POINT('',(27.1718831263445,150.966927520495,5.));
#8890=CARTESIAN_POINT('',(68.0965604101776,116.484892865596,5.));
#8891=CARTESIAN_POINT('',(27.2637930654708,155.879760788273,5.));
#8892=CARTESIAN_POINT('',(26.7392315842751,127.840539782236,5.));
#8893=CARTESIAN_POINT('',(30.7530092797606,157.80815511898,5.));
#8894=CARTESIAN_POINT('',(98.8690074485186,195.454003536483,5.));
#8895=CARTESIAN_POINT('',(52.0295740246704,134.367644943932,5.));
#8896=CARTESIAN_POINT('Origin',(21.4193685172522,143.772420390372,0.));
#8897=CARTESIAN_POINT('',(17.8167424989365,147.623684378323,34.));
#8898=CARTESIAN_POINT('',(-10.5231224028878,177.919446570936,34.));
#8899=CARTESIAN_POINT('',(17.8167424989365,147.623684378323,0.));
#8900=CARTESIAN_POINT('Origin',(2.09773700859551,189.377828573982,0.));
#8901=CARTESIAN_POINT('',(30.7530092797606,157.80815511898,0.));
#8902=CARTESIAN_POINT('',(28.4944507737034,160.296421635539,34.));
#8903=CARTESIAN_POINT('',(28.4944507737034,160.296421635539,0.));
#8904=CARTESIAN_POINT('',(2.09773700859555,189.377828573982,34.));
#8905=CARTESIAN_POINT('Origin',(11.2398644473109,165.973046102625,34.));
#8906=CARTESIAN_POINT('',(-6.69458925736025,183.922369156964,34.));
#8907=CARTESIAN_POINT('',(-6.69458925736025,183.922369156964,34.));
#8908=CARTESIAN_POINT('',(-12.8211034868423,178.509700317239,34.));
#8909=CARTESIAN_POINT('',(-12.8211034868423,178.509700317239,34.));
#8910=CARTESIAN_POINT('',(-12.9915782887038,174.928306058398,34.));
#8911=CARTESIAN_POINT('Origin',(-11.1658597095892,176.636156072268,34.));
#8912=CARTESIAN_POINT('',(19.0088721301378,140.719320260329,34.));
#8913=CARTESIAN_POINT('',(-12.9915782887038,174.928306058398,34.));
#8914=CARTESIAN_POINT('',(22.7799186455866,140.856915766128,34.));
#8915=CARTESIAN_POINT('Origin',(20.8345907092524,142.427170274199,34.));
#8916=CARTESIAN_POINT('',(34.9897619324073,155.983221165685,34.));
#8917=CARTESIAN_POINT('',(22.7799186455866,140.856915766128,34.));
#8918=CARTESIAN_POINT('',(34.895580378536,159.233730734958,34.));
#8919=CARTESIAN_POINT('Origin',(33.0444339960731,157.553475673756,34.));
#8920=CARTESIAN_POINT('',(5.41452944132938,191.713169156991,34.));
#8921=CARTESIAN_POINT('',(5.41452944132938,191.713169156991,34.));
#8922=CARTESIAN_POINT('',(1.88312799766461,191.884060478252,34.));
#8923=CARTESIAN_POINT('Origin',(3.56338305886647,190.032914095789,34.));
#8924=CARTESIAN_POINT('',(-3.26402704491132,187.212072680306,34.));
#8925=CARTESIAN_POINT('',(1.88312799766461,191.884060478252,34.));
#8926=CARTESIAN_POINT('',(-3.26402704491132,187.212072680306,34.));
#8927=CARTESIAN_POINT('',(16.1351193004882,145.62786576152,34.));
#8928=CARTESIAN_POINT('Origin',(29.3617702715902,161.325791593206,0.));
#8929=CARTESIAN_POINT('',(23.3482087728721,154.188652902739,0.));
#8930=CARTESIAN_POINT('Origin',(27.1718831263445,150.966927520495,10.));
#8931=CARTESIAN_POINT('',(27.1718831263445,150.966927520495,0.));
#8932=CARTESIAN_POINT('Origin',(243.215292457585,13.3719065404063,-0.116326869387535));
#8933=CARTESIAN_POINT('',(239.197732453039,9.72523354076046,33.8836731306125));
#8934=CARTESIAN_POINT('',(239.197732453039,9.72523354076046,5.));
#8935=CARTESIAN_POINT('',(239.19773245304,9.72523354076052,-0.116326869387535));
#8936=CARTESIAN_POINT('',(243.215292457585,13.3719065404063,33.8836731306125));
#8937=CARTESIAN_POINT('',(243.215292457585,13.3719065404063,33.8836731306125));
#8938=CARTESIAN_POINT('',(243.215292457585,13.3719065404063,5.));
#8939=CARTESIAN_POINT('',(243.215292457585,13.3719065404063,-0.116326869387535));
#8940=CARTESIAN_POINT('',(231.180635206936,2.44824650638522,5.));
#8941=CARTESIAN_POINT('Origin',(253.268444953798,22.5401351866609,-0.116326869387535));
#8942=CARTESIAN_POINT('',(251.746605080949,21.1507160646509,5.));
#8943=CARTESIAN_POINT('',(251.746605080949,21.1507160646509,33.8836731306125));
#8944=CARTESIAN_POINT('',(251.746605080949,21.1507160646509,-0.116326869387535));
#8945=CARTESIAN_POINT('',(246.737048617638,16.5770590938433,5.));
#8946=CARTESIAN_POINT('',(236.395490814206,7.13535736174534,5.));
#8947=CARTESIAN_POINT('',(246.737048617638,16.5770590938433,33.8836731306125));
#8948=CARTESIAN_POINT('',(246.737048617638,16.5770590938433,-0.116326869387535));
#8949=CARTESIAN_POINT('',(246.737048617638,16.5770590938433,33.8836731306125));
#8950=CARTESIAN_POINT('Origin',(250.108280514058,12.8845266971591,5.));
#8951=CARTESIAN_POINT('',(250.108280514058,12.8845266971591,5.));
#8952=CARTESIAN_POINT('',(250.108280514058,12.8845266971591,33.8836731306125));
#8953=CARTESIAN_POINT('',(250.108280514058,12.8845266971591,-0.116326869387535));
#8954=CARTESIAN_POINT('',(250.108280514058,12.8845266971591,33.8836731306125));
#8955=CARTESIAN_POINT('',(199.911396228541,67.8655031270863,5.));
#8956=CARTESIAN_POINT('Origin',(122.5,98.,5.));
#8957=CARTESIAN_POINT('',(247.277281246836,8.89679081157819,5.));
#8958=CARTESIAN_POINT('',(196.572558540643,64.7584669217613,5.));
#8959=CARTESIAN_POINT('',(250.809991137458,12.090271543826,5.));
#8960=CARTESIAN_POINT('',(259.68170991311,20.1100817884142,5.));
#8961=CARTESIAN_POINT('',(201.021639977455,68.4449185537308,5.));
#8962=CARTESIAN_POINT('',(226.839237085102,47.7770849714929,5.));
#8963=CARTESIAN_POINT('',(188.163573674366,89.121978653669,5.));
#8964=CARTESIAN_POINT('',(216.161528810335,35.104347714277,5.));
#8965=CARTESIAN_POINT('',(211.78066060115,29.9049556401655,5.));
#8966=CARTESIAN_POINT('',(192.554998536098,61.1117939221155,5.));
#8967=CARTESIAN_POINT('Origin',(223.236611066786,51.6283489594445,-0.116326869387535));
#8968=CARTESIAN_POINT('',(226.839237085102,47.7770849714929,33.8836731306125));
#8969=CARTESIAN_POINT('',(255.179101986926,17.4813227788807,33.8836731306125));
#8970=CARTESIAN_POINT('',(226.839237085102,47.7770849714929,-0.116326869387535));
#8971=CARTESIAN_POINT('Origin',(242.558242575443,6.0229407758347,-0.116326869387535));
#8972=CARTESIAN_POINT('',(216.161528810335,35.104347714277,33.8836731306125));
#8973=CARTESIAN_POINT('',(216.161528810335,35.104347714277,-0.116326869387535));
#8974=CARTESIAN_POINT('',(242.558242575443,6.0229407758346,33.8836731306125));
#8975=CARTESIAN_POINT('Origin',(215.294209312449,34.0749777566099,-0.116326869387535));
#8976=CARTESIAN_POINT('',(228.52086028355,49.7729035882962,33.8836731306125));
#8977=CARTESIAN_POINT('Origin',(115.856747763659,-6.97551679261049,10.));
#8978=CARTESIAN_POINT('',(115.856747763659,-6.97551679261049,10.));
#8979=CARTESIAN_POINT('',(117.974811067222,-8.25179145004945,10.));
#8980=CARTESIAN_POINT('',(25.2386041326933,47.6279693382237,10.));
#8981=CARTESIAN_POINT('',(121.093674020718,-6.52808123308466,10.));
#8982=CARTESIAN_POINT('',(117.974811067222,-8.25179145004945,10.));
#8983=CARTESIAN_POINT('',(121.519316220201,-11.5099311623799,10.));
#8984=CARTESIAN_POINT('',(121.093674020718,-6.52808123308466,10.));
#8985=CARTESIAN_POINT('',(116.282389963142,-11.9573667219057,10.));
#8986=CARTESIAN_POINT('',(119.601358026188,-11.6737987930399,10.));
#8987=CARTESIAN_POINT('',(115.856747763659,-6.97551679261049,10.));
#8988=CARTESIAN_POINT('Origin',(121.093674020718,-6.52808123308466,10.));
#8989=CARTESIAN_POINT('',(121.093674020717,-6.52808123308469,5.));
#8990=CARTESIAN_POINT('',(121.093674020718,-6.52808123308466,5.6843418860808E-13));
#8991=CARTESIAN_POINT('',(121.519316220201,-11.5099311623799,5.));
#8992=CARTESIAN_POINT('',(116.665763998011,45.2975677751831,5.));
#8993=CARTESIAN_POINT('',(121.519316220201,-11.5099311623799,5.6843418860808E-13));
#8994=CARTESIAN_POINT('Origin',(115.856747763659,-6.97551679261049,5.));
#8995=CARTESIAN_POINT('',(115.856747763659,-6.97551679261051,5.));
#8996=CARTESIAN_POINT('',(115.856747763659,-6.97551679261049,5.6843418860808E-13));
#8997=CARTESIAN_POINT('',(116.282389963143,-11.9573667219057,5.));
#8998=CARTESIAN_POINT('',(116.282389963142,-11.9573667219057,5.6843418860808E-13));
#8999=CARTESIAN_POINT('',(111.428837740953,44.8501322156572,5.));
#9000=CARTESIAN_POINT('Origin',(109.73349783437,-12.5168947866674,1.13686837721616E-12));
#9001=CARTESIAN_POINT('',(111.074659810197,-12.4023078076623,5.));
#9002=CARTESIAN_POINT('',(111.074659810197,-12.4023078076623,34.0000000000011));
#9003=CARTESIAN_POINT('',(111.074659810197,-12.4023078076622,1.13686837721616E-12));
#9004=CARTESIAN_POINT('',(120.757480039633,-11.575021366249,5.));
#9005=CARTESIAN_POINT('',(127.585918189589,-10.9916092855089,5.));
#9006=CARTESIAN_POINT('',(120.757480039633,-11.575021366249,5.));
#9007=CARTESIAN_POINT('',(127.585918189589,-10.9916092855089,34.0000000000011));
#9008=CARTESIAN_POINT('',(127.585918189589,-10.9916092855089,1.13686837721616E-12));
#9009=CARTESIAN_POINT('',(130.186262234573,-10.7694395745724,34.0000000000011));
#9010=CARTESIAN_POINT('Origin',(109.176295061927,-51.6312631646285,1.13686837721616E-12));
#9011=CARTESIAN_POINT('',(109.417971886146,-46.6371073488138,34.0000000000011));
#9012=CARTESIAN_POINT('',(109.176295061927,-51.6312631646285,34.0000000000011));
#9013=CARTESIAN_POINT('',(109.417971886146,-46.6371073488138,5.));
#9014=CARTESIAN_POINT('',(109.417971886146,-46.6371073488138,1.13686837721616E-12));
#9015=CARTESIAN_POINT('',(112.803873250817,23.331202797485,5.));
#9016=CARTESIAN_POINT('Origin',(119.261515153232,-28.6171224605487,34.0000000000011));
#9017=CARTESIAN_POINT('',(126.370400988558,-47.4314641092833,34.0000000000011));
#9018=CARTESIAN_POINT('',(126.202889951969,-52.4532588231106,34.0000000000011));
#9019=CARTESIAN_POINT('',(119.594045783736,-47.1232366222189,34.0000000000012));
#9020=CARTESIAN_POINT('',(119.594045783736,-47.1232366222189,34.0000000000011));
#9021=CARTESIAN_POINT('',(119.3668520212,-52.1180722545761,34.0000000000011));
#9022=CARTESIAN_POINT('',(119.3668520212,-52.1180722545761,34.0000000000011));
#9023=CARTESIAN_POINT('',(119.25100093525,-53.9907843414293,34.0000000000011));
#9024=CARTESIAN_POINT('',(119.25100093525,-53.9907843414293,34.0000000000011));
#9025=CARTESIAN_POINT('',(127.410435532839,-54.4955492572453,34.0000000000011));
#9026=CARTESIAN_POINT('',(127.410435532839,-54.4955492572453,34.0000000000011));
#9027=CARTESIAN_POINT('',(130.063407587786,-52.0836649791337,34.0000000000011));
#9028=CARTESIAN_POINT('Origin',(127.564797273899,-52.0003193173606,34.0000000000011));
#9029=CARTESIAN_POINT('',(131.625077930928,-5.26652365161802,34.0000000000011));
#9030=CARTESIAN_POINT('',(130.063407587786,-52.0836649791337,34.0000000000011));
#9031=CARTESIAN_POINT('',(128.861250652474,-2.69728580358549,34.0000000000011));
#9032=CARTESIAN_POINT('Origin',(129.126467617041,-5.1831779898449,34.0000000000011));
#9033=CARTESIAN_POINT('',(109.531674544812,-4.75953594057521,34.0000000000011));
#9034=CARTESIAN_POINT('',(128.861250652473,-2.69728580358545,34.0000000000011));
#9035=CARTESIAN_POINT('',(107.299813601472,-7.12458971472496,34.0000000000011));
#9036=CARTESIAN_POINT('Origin',(109.79689150938,-7.24542812683459,34.0000000000011));
#9037=CARTESIAN_POINT('',(105.179633478327,-50.9372719062803,34.0000000000011));
#9038=CARTESIAN_POINT('',(105.179633478327,-50.9372719062803,34.0000000000011));
#9039=CARTESIAN_POINT('',(107.555872974124,-53.5551882262973,34.0000000000011));
#9040=CARTESIAN_POINT('Origin',(107.676711386234,-51.05811031839,34.0000000000011));
#9041=CARTESIAN_POINT('',(114.499055462097,-53.8911822071727,34.0000000000011));
#9042=CARTESIAN_POINT('',(107.555872974124,-53.5551882262973,34.0000000000011));
#9043=CARTESIAN_POINT('',(114.837403016004,-46.8993640650322,34.0000000000011));
#9044=CARTESIAN_POINT('',(114.499055462097,-53.8911822071727,34.0000000000011));
#9045=CARTESIAN_POINT('',(114.837403016004,-46.8993640650322,34.0000000000011));
#9046=CARTESIAN_POINT('Origin',(122.5,98.,5.));
#9047=CARTESIAN_POINT('',(114.837403016004,-46.8993640650322,5.));
#9048=CARTESIAN_POINT('',(115.161961731221,-46.9150700867223,5.));
#9049=CARTESIAN_POINT('',(114.499055462097,-53.8911822071727,5.));
#9050=CARTESIAN_POINT('',(118.223304380674,23.0689460812666,5.));
#9051=CARTESIAN_POINT('',(107.555872974124,-53.5551882262973,5.));
#9052=CARTESIAN_POINT('',(111.352022933328,-53.738891238425,5.));
#9053=CARTESIAN_POINT('',(107.319420189045,-53.5324471993363,5.));
#9054=CARTESIAN_POINT('Origin',(107.676711386234,-51.05811031839,5.));
#9055=CARTESIAN_POINT('',(107.319420189045,-54.1714352425016,5.));
#9056=CARTESIAN_POINT('',(107.319420189045,-54.1714352425017,5.));
#9057=CARTESIAN_POINT('',(122.171190445475,-54.1714352425017,5.));
#9058=CARTESIAN_POINT('',(119.819420189045,-54.1714352425017,5.));
#9059=CARTESIAN_POINT('',(119.25100093525,-53.9907843414293,5.));
#9060=CARTESIAN_POINT('',(116.185947839095,-53.8011717831633,5.));
#9061=CARTESIAN_POINT('',(119.3668520212,-52.1180722545761,5.));
#9062=CARTESIAN_POINT('',(123.998479106755,22.751351314446,5.));
#9063=CARTESIAN_POINT('',(119.594045783736,-47.1232366222189,5.));
#9064=CARTESIAN_POINT('',(122.777152754494,22.8571006093607,5.));
#9065=CARTESIAN_POINT('',(126.370400988558,-47.4314641092833,5.));
#9066=CARTESIAN_POINT('',(122.167782130781,-47.2403049078441,5.));
#9067=CARTESIAN_POINT('',(129.486784291097,45.9942439131344,5.));
#9068=CARTESIAN_POINT('',(117.974811067222,-8.25179145004945,5.));
#9069=CARTESIAN_POINT('',(142.199327516617,5.13643596727261,5.));
#9070=CARTESIAN_POINT('',(49.7817526317593,32.8390825328025,5.));
#9071=CARTESIAN_POINT('Origin',(127.761731783979,-5.72091311585862,1.13686837721616E-12));
#9072=CARTESIAN_POINT('',(126.370400988558,-47.4314641092833,1.13686837721616E-12));
#9073=CARTESIAN_POINT('Origin',(128.428971965614,-47.5250997201719,1.13686837721616E-12));
#9074=CARTESIAN_POINT('',(119.594045783736,-47.1232366222189,1.13686837721616E-12));
#9075=CARTESIAN_POINT('Origin',(119.3668520212,-52.1180722545761,5.));
#9076=CARTESIAN_POINT('',(119.3668520212,-52.1180722545761,1.13686837721616E-12));
#9077=CARTESIAN_POINT('Origin',(114.837403016004,-46.8993640650322,1.13686837721616E-12));
#9078=CARTESIAN_POINT('',(114.837403016004,-46.8993640650322,1.13686837721616E-12));
#9079=CARTESIAN_POINT('Origin',(-5.06544898546179,32.3679984308851,0.));
#9080=CARTESIAN_POINT('',(-7.54804357183218,37.192491821511,34.));
#9081=CARTESIAN_POINT('',(-7.54804357183219,37.192491821511,5.));
#9082=CARTESIAN_POINT('',(-7.54804357183218,37.192491821511,0.));
#9083=CARTESIAN_POINT('',(-5.06544898546179,32.3679984308851,34.));
#9084=CARTESIAN_POINT('',(-5.06544898546179,32.3679984308851,34.));
#9085=CARTESIAN_POINT('',(-5.06544898546179,32.3679984308851,5.));
#9086=CARTESIAN_POINT('',(-5.06544898546179,32.3679984308851,0.));
#9087=CARTESIAN_POINT('',(-5.06325069920335,32.3637264415789,5.));
#9088=CARTESIAN_POINT('Origin',(1.18843251593884,20.2844866156649,0.));
#9089=CARTESIAN_POINT('',(0.240237845139279,22.1140791827329,5.));
#9090=CARTESIAN_POINT('',(0.240237845139306,22.1140791827329,34.));
#9091=CARTESIAN_POINT('',(0.240237845139311,22.1140791827329,0.));
#9092=CARTESIAN_POINT('',(-2.88100692332965,28.1366886787084,4.99999999999999));
#9093=CARTESIAN_POINT('',(-1.8439213225837,26.1355762858935,5.));
#9094=CARTESIAN_POINT('',(-2.88100692332965,28.1366886787084,34.));
#9095=CARTESIAN_POINT('',(-2.88100692332965,28.1366886787084,0.));
#9096=CARTESIAN_POINT('',(-2.88100692332965,28.1366886787084,34.));
#9097=CARTESIAN_POINT('Origin',(37.0583000090018,41.764426865543,0.));
#9098=CARTESIAN_POINT('',(31.5173846744715,38.8071578946789,34.));
#9099=CARTESIAN_POINT('',(-4.19251946792028,19.74825063892,34.));
#9100=CARTESIAN_POINT('',(31.5173846744715,38.8071578946789,10.));
#9101=CARTESIAN_POINT('',(31.5173846744715,38.8071578946789,0.));
#9102=CARTESIAN_POINT('',(35.9506398021654,41.1732521295703,10.));
#9103=CARTESIAN_POINT('',(35.9871417344857,41.1927337540511,10.));
#9104=CARTESIAN_POINT('',(35.9506398021654,41.1732521295703,5.));
#9105=CARTESIAN_POINT('',(35.9506398021654,41.1732521295703,0.));
#9106=CARTESIAN_POINT('',(81.9877940124572,65.7439664309684,5.));
#9107=CARTESIAN_POINT('Origin',(12.9794927507601,37.6777257330957,34.));
#9108=CARTESIAN_POINT('',(-7.32025834994646,25.836026432467,34.));
#9109=CARTESIAN_POINT('',(-7.32025834994646,25.836026432467,34.));
#9110=CARTESIAN_POINT('',(-9.00000013411045,25.000000372529,34.));
#9111=CARTESIAN_POINT('',(-9.00000013411045,25.000000372529,34.));
#9112=CARTESIAN_POINT('',(-5.35742207535164,17.6813402725911,34.));
#9113=CARTESIAN_POINT('',(-5.35742207535164,17.6813402725911,34.));
#9114=CARTESIAN_POINT('',(-1.9421829920452,16.5897412165326,34.));
#9115=CARTESIAN_POINT('Origin',(-3.11930868859808,18.7952740534033,34.));
#9116=CARTESIAN_POINT('',(39.3834859017208,38.6458656907926,34.));
#9117=CARTESIAN_POINT('',(-1.9421829920452,16.5897412165326,34.));
#9118=CARTESIAN_POINT('',(40.2265975072539,42.3240292496233,34.));
#9119=CARTESIAN_POINT('Origin',(38.2063602051679,40.8513985276633,34.));
#9120=CARTESIAN_POINT('',(28.775848445832,58.0328081347482,34.));
#9121=CARTESIAN_POINT('',(40.2265975072539,42.3240292496233,34.));
#9122=CARTESIAN_POINT('',(25.6117213244323,58.7831295223197,34.));
#9123=CARTESIAN_POINT('Origin',(26.755611143746,56.5601774127882,34.));
#9124=CARTESIAN_POINT('',(-13.3912645229616,38.712918273785,34.));
#9125=CARTESIAN_POINT('',(-13.3912645229616,38.712918273785,34.));
#9126=CARTESIAN_POINT('',(-14.4703268131793,35.3460763449397,34.));
#9127=CARTESIAN_POINT('Origin',(-12.2473747036478,36.4899661642535,34.));
#9128=CARTESIAN_POINT('',(-11.2897148921499,29.1651069368066,34.));
#9129=CARTESIAN_POINT('',(-14.4703268131793,35.3460763449397,34.));
#9130=CARTESIAN_POINT('',(-11.2897148921499,29.1651069368066,34.));
#9131=CARTESIAN_POINT('',(22.0313324296696,52.4134886773107,34.));
#9132=CARTESIAN_POINT('',(-11.9939477908951,34.9047121828835,34.));
#9133=CARTESIAN_POINT('',(33.0780955700006,36.5685502892587,34.));
#9134=CARTESIAN_POINT('Origin',(-7.32025834994646,25.836026432467,5.));
#9135=CARTESIAN_POINT('',(-7.32025834994646,25.836026432467,5.));
#9136=CARTESIAN_POINT('',(-7.32025834994646,25.836026432467,0.));
#9137=CARTESIAN_POINT('',(58.587504943915,59.9930245775267,5.));
#9138=CARTESIAN_POINT('Origin',(122.5,98.,5.));
#9139=CARTESIAN_POINT('',(-11.2795087608103,29.1703588222089,5.));
#9140=CARTESIAN_POINT('',(56.4921251114792,64.044381385435,5.));
#9141=CARTESIAN_POINT('',(-4.19549809160184,15.3346032443929,5.));
#9142=CARTESIAN_POINT('',(-4.19549809160184,15.3346032443929,5.));
#9143=CARTESIAN_POINT('',(18.0572798023389,26.728192494622,5.));
#9144=CARTESIAN_POINT('',(18.0572798023389,26.728192494622,5.));
#9145=CARTESIAN_POINT('',(43.7371099281562,26.5362163835255,5.));
#9146=CARTESIAN_POINT('Origin',(30.5920334733062,-14.1879406365547,5.));
#9147=CARTESIAN_POINT('',(95.013791685123,-3.59643368318803,5.));
#9148=CARTESIAN_POINT('',(95.013791685123,-3.59643368318804,5.));
#9149=CARTESIAN_POINT('',(106.472732743313,-24.2158879443609,5.));
#9150=CARTESIAN_POINT('Origin',(64.7870612063535,-33.8882603789127,5.));
#9151=CARTESIAN_POINT('',(107.299813601472,-7.12458971472496,5.));
#9152=CARTESIAN_POINT('',(109.855217887579,45.6818273608201,5.));
#9153=CARTESIAN_POINT('',(109.531674544812,-4.75953594057521,5.));
#9154=CARTESIAN_POINT('Origin',(109.79689150938,-7.24542812683459,5.));
#9155=CARTESIAN_POINT('',(111.780931703934,-4.51956529358898,5.));
#9156=CARTESIAN_POINT('',(131.027605300384,-2.46615992971539,5.));
#9157=CARTESIAN_POINT('',(39.7492783793368,38.884318583223,5.));
#9158=CARTESIAN_POINT('',(49.7817526317593,32.8390825328025,5.));
#9159=CARTESIAN_POINT('',(39.3834859017208,38.6458656907926,5.));
#9160=CARTESIAN_POINT('Origin',(38.2063602051679,40.8513985276633,5.));
#9161=CARTESIAN_POINT('',(-1.9421829920452,16.5897412165326,5.));
#9162=CARTESIAN_POINT('',(63.3930093820013,51.4601056686147,5.));
#9163=CARTESIAN_POINT('',(-5.35742207535164,17.6813402725911,5.));
#9164=CARTESIAN_POINT('Origin',(-3.11930868859808,18.7952740534033,5.));
#9165=CARTESIAN_POINT('',(-9.00000013411045,25.000000372529,5.));
#9166=CARTESIAN_POINT('',(-10.5060371864439,28.025926819716,5.));
#9167=CARTESIAN_POINT('',(59.0959078773602,58.8920867690466,5.));
#9168=CARTESIAN_POINT('',(25.2386041326933,47.6279693382237,5.));
#9169=CARTESIAN_POINT('',(49.7817526317593,32.8390825328025,5.));
#9170=CARTESIAN_POINT('',(25.3601785934066,54.1264510125915,5.));
#9171=CARTESIAN_POINT('',(26.7392315842751,127.840539782236,5.));
#9172=CARTESIAN_POINT('',(54.0095305251088,68.8688747760609,5.));
#9173=CARTESIAN_POINT('Origin',(26.2602777604929,56.8388865381925,10.));
#9174=CARTESIAN_POINT('',(25.3601785934066,54.1264510125915,10.));
#9175=CARTESIAN_POINT('',(25.2419777014717,47.8082956563919,10.));
#9176=CARTESIAN_POINT('',(27.2637930654708,155.879760788273,10.));
#9177=CARTESIAN_POINT('',(22.0313324296696,52.4134886773107,10.));
#9178=CARTESIAN_POINT('',(26.5440877489467,45.9406124975688,10.));
#9179=CARTESIAN_POINT('',(7.59072091252441,44.9826185167254,10.));
#9180=CARTESIAN_POINT('Origin',(26.2602777604929,56.8388865381925,10.));
#9181=CARTESIAN_POINT('',(25.2386041326933,47.6279693382237,10.));
#9182=CARTESIAN_POINT('',(25.4612161405923,47.4938307297859,10.));
#9183=CARTESIAN_POINT('',(26.5440877489467,45.9406124975688,10.));
#9184=CARTESIAN_POINT('',(25.2386041326933,47.6279693382237,10.));
#9185=CARTESIAN_POINT('Origin',(21.3383727642494,53.4074362314047,0.));
#9186=CARTESIAN_POINT('',(22.0313324296696,52.4134886773107,0.));
#9187=CARTESIAN_POINT('',(26.5440877489467,45.9406124975688,10.));
#9188=CARTESIAN_POINT('Origin',(120.,100.,10.));
#9189=CARTESIAN_POINT('',(25.2386041326933,47.6279693382237,10.));
#9190=CARTESIAN_POINT('',(27.2637930654708,155.879760788273,10.));
#9191=CARTESIAN_POINT('',(25.2386041326933,47.6279693382237,10.));
#9192=CARTESIAN_POINT('Origin',(-11.9939477908951,34.9047121828835,0.));
#9193=CARTESIAN_POINT('',(25.3601785934066,54.1264510125915,0.));
#9194=CARTESIAN_POINT('Origin',(25.2386041326933,47.6279693382237,0.));
#9195=CARTESIAN_POINT('',(39.7492783793368,38.884318583223,10.));
#9196=CARTESIAN_POINT('',(39.7492783793368,38.884318583223,0.));
#9197=CARTESIAN_POINT('',(111.780931703934,-4.51956529358896,10.));
#9198=CARTESIAN_POINT('',(111.780931703934,-4.51956529358897,5.6843418860808E-13));
#9199=CARTESIAN_POINT('',(25.2386041326933,47.6279693382237,10.));
#9200=CARTESIAN_POINT('Origin',(25.2386041326933,47.6279693382237,0.));
#9201=CARTESIAN_POINT('',(25.2386041326933,47.6279693382237,0.));
#9202=CARTESIAN_POINT('Origin',(120.,100.,10.));
#9203=CARTESIAN_POINT('',(40.2265975072539,42.3240292496233,10.));
#9204=CARTESIAN_POINT('Origin',(38.2063602051679,40.8513985276633,10.));
#9205=CARTESIAN_POINT('',(127.825043402412,-2.80783755761707,10.));
#9206=CARTESIAN_POINT('',(129.897161432824,-2.58676567956473,10.));
#9207=CARTESIAN_POINT('',(212.736206934529,44.1202392117268,10.));
#9208=CARTESIAN_POINT('',(117.974811067222,-8.25179145004945,10.));
#9209=CARTESIAN_POINT('',(214.565749644922,141.914214247315,10.));
#9210=CARTESIAN_POINT('',(212.736206934529,44.1202392117268,10.));
#9211=CARTESIAN_POINT('',(205.346663828373,154.56147250425,10.));
#9212=CARTESIAN_POINT('',(203.525667917334,157.05961668362,10.));
#9213=CARTESIAN_POINT('',(205.657088651654,157.857984057657,10.));
#9214=CARTESIAN_POINT('Origin',(207.366901130459,156.03410322621,10.));
#9215=CARTESIAN_POINT('',(134.587561829664,200.682122432783,10.));
#9216=CARTESIAN_POINT('',(214.761395867307,152.372030661776,10.));
#9217=CARTESIAN_POINT('',(133.449751034519,200.265411994335,10.));
#9218=CARTESIAN_POINT('Origin',(133.184534069951,202.751304180595,10.));
#9219=CARTESIAN_POINT('',(123.088281765279,199.159958812078,10.));
#9220=CARTESIAN_POINT('',(111.847366797807,197.960678584594,10.));
#9221=CARTESIAN_POINT('',(207.423015740821,147.033041493722,10.));
#9222=CARTESIAN_POINT('',(207.423015740821,147.033041493722,10.));
#9223=CARTESIAN_POINT('',(204.443316621222,47.8059682398635,10.));
#9224=CARTESIAN_POINT('',(204.443316621222,47.8059682398635,10.));
#9225=CARTESIAN_POINT('',(117.020300880401,0.772926746141138,10.));
#9226=CARTESIAN_POINT('',(117.020300880401,0.772926746141138,10.));
#9227=CARTESIAN_POINT('',(32.5769842591792,52.9669585062776,10.));
#9228=CARTESIAN_POINT('',(32.5769842591792,52.9669585062776,10.));
#9229=CARTESIAN_POINT('',(35.5566833787784,152.194031760136,10.));
#9230=CARTESIAN_POINT('',(35.5566833787784,152.194031760136,10.));
#9231=CARTESIAN_POINT('',(122.797231945152,199.128907043116,10.));
#9232=CARTESIAN_POINT('',(122.979699119599,199.227073253859,10.));
#9233=CARTESIAN_POINT('',(114.120174926857,198.203161857345,10.));
#9234=CARTESIAN_POINT('',(111.847366797807,197.960678584594,10.));
#9235=CARTESIAN_POINT('',(111.356347648402,200.772399705378,10.));
#9236=CARTESIAN_POINT('Origin',(113.854957962289,200.689054043605,10.));
#9237=CARTESIAN_POINT('',(111.410143728872,202.385146411667,10.));
#9238=CARTESIAN_POINT('',(110.4631315531,173.994773842533,10.));
#9239=CARTESIAN_POINT('',(34.3733841412129,159.809037245248,10.));
#9240=CARTESIAN_POINT('',(122.025188932778,208.251791450049,10.));
#9241=CARTESIAN_POINT('',(34.895580378536,159.233730734958,10.));
#9242=CARTESIAN_POINT('',(68.8565513132429,121.818739438492,10.));
#9243=CARTESIAN_POINT('',(34.9897619324073,155.983221165685,10.));
#9244=CARTESIAN_POINT('Origin',(33.0444339960731,157.553475673756,10.));
#9245=CARTESIAN_POINT('',(27.0824628296119,146.187172329937,10.));
#9246=CARTESIAN_POINT('',(31.9728381676494,152.245670309306,10.));
#9247=CARTESIAN_POINT('',(25.4456980730252,58.697697044382,10.));
#9248=CARTESIAN_POINT('',(27.2637930654708,155.879760788273,10.));
#9249=CARTESIAN_POINT('',(25.6117213244323,58.7831295223197,10.));
#9250=CARTESIAN_POINT('',(71.3099582554385,82.298592478912,10.));
#9251=CARTESIAN_POINT('',(28.775848445832,58.0328081347482,10.));
#9252=CARTESIAN_POINT('Origin',(26.755611143746,56.5601774127882,10.));
#9253=CARTESIAN_POINT('',(40.3394146585495,42.1692603629203,10.));
#9254=CARTESIAN_POINT('Origin',(-15.589087341831,37.5873811383337,0.));
#9255=CARTESIAN_POINT('',(-14.6125998693461,35.6802069929268,5.));
#9256=CARTESIAN_POINT('',(-14.6125998693461,35.6802069929268,0.));
#9257=CARTESIAN_POINT('',(-14.6125998693461,35.6802069929268,0.));
#9258=CARTESIAN_POINT('',(-15.589087341831,37.5873811383337,5.));
#9259=CARTESIAN_POINT('',(-4.19549809160184,15.3346032443929,5.));
#9260=CARTESIAN_POINT('',(-15.589087341831,37.5873811383337,0.));
#9261=CARTESIAN_POINT('',(-15.589087341831,37.5873811383337,0.));
#9262=CARTESIAN_POINT('',(-4.19549809160184,15.3346032443929,0.));
#9263=CARTESIAN_POINT('Origin',(-15.589087341831,37.5873811383337,0.));
#9264=CARTESIAN_POINT('',(-11.2795087608103,29.1703588222089,0.));
#9265=CARTESIAN_POINT('',(-11.2795087608103,29.1703588222089,0.));
#9266=CARTESIAN_POINT('',(-4.19549809160184,15.3346032443929,0.));
#9267=CARTESIAN_POINT('',(-4.19549809160184,15.3346032443929,0.));
#9268=CARTESIAN_POINT('',(-4.19549809160184,15.3346032443929,0.));
#9269=CARTESIAN_POINT('Origin',(6.66369055210982,48.9809703885628,0.));
#9270=CARTESIAN_POINT('',(-13.4157980392576,38.7001215680209,0.));
#9271=CARTESIAN_POINT('',(-13.4157980392576,38.7001215680209,5.));
#9272=CARTESIAN_POINT('',(-13.4157980392579,38.7001215680208,0.));
#9273=CARTESIAN_POINT('',(-15.589087341831,37.5873811383337,0.));
#9274=CARTESIAN_POINT('',(-15.589087341831,37.5873811383337,5.));
#9275=CARTESIAN_POINT('Origin',(122.5,98.,5.));
#9276=CARTESIAN_POINT('Origin',(-12.2473747036478,36.4899661642535,5.));
#9277=CARTESIAN_POINT('Origin',(122.5,98.,5.));
#9278=CARTESIAN_POINT('',(25.4456980730252,58.697697044382,5.));
#9279=CARTESIAN_POINT('',(6.73232998229777,49.0681458038176,5.));
#9280=CARTESIAN_POINT('',(71.8914115057862,82.5977975092982,5.));
#9281=CARTESIAN_POINT('',(27.0824628296119,146.187172329937,5.));
#9282=CARTESIAN_POINT('',(26.7392315842751,127.840539782236,5.));
#9283=CARTESIAN_POINT('',(22.7799186455866,140.856915766128,5.));
#9284=CARTESIAN_POINT('',(31.9772324178001,152.251114176866,5.));
#9285=CARTESIAN_POINT('',(19.0088721301378,140.719320260329,5.));
#9286=CARTESIAN_POINT('Origin',(20.8345907092524,142.427170274199,5.));
#9287=CARTESIAN_POINT('',(-12.9915782887038,174.928306058398,5.));
#9288=CARTESIAN_POINT('',(37.8133706099535,120.617015042242,5.));
#9289=CARTESIAN_POINT('',(-13.6595300548668,176.813943048965,5.));
#9290=CARTESIAN_POINT('Origin',(-11.1658597095892,176.636156072268,5.));
#9291=CARTESIAN_POINT('',(-14.6817099131096,175.889918211586,5.));
#9292=CARTESIAN_POINT('',(-14.6817099131096,175.889918211586,5.));
#9293=CARTESIAN_POINT('',(1.95024985806159,157.491219828746,5.));
#9294=CARTESIAN_POINT('',(2.08309492320431,157.344263227189,5.));
#9295=CARTESIAN_POINT('',(16.3146100668332,133.421143639454,5.));
#9296=CARTESIAN_POINT('Origin',(-25.5878858883277,124.73605108222,5.));
#9297=CARTESIAN_POINT('',(15.8692253673081,75.4974746830584,5.));
#9298=CARTESIAN_POINT('',(15.8692253673081,75.4974746830584,5.));
#9299=CARTESIAN_POINT('Origin',(-26.9238815542512,75.4974746830584,5.));
#9300=CARTESIAN_POINT('Origin',(212.736206934529,44.1202392117268,0.));
#9301=CARTESIAN_POINT('',(214.565749644922,141.914214247315,5.));
#9302=CARTESIAN_POINT('',(214.565749644922,141.914214247315,-0.0581634346940518));
#9303=CARTESIAN_POINT('',(212.736206934529,44.1202392117268,5.));
#9304=CARTESIAN_POINT('',(212.736206934529,44.1202392117268,0.));
#9305=CARTESIAN_POINT('',(213.224239919722,70.2069139307141,5.));
#9306=CARTESIAN_POINT('Origin',(117.974811067222,-8.25179145004945,0.));
#9307=CARTESIAN_POINT('',(127.825043402412,-2.80783755761709,5.));
#9308=CARTESIAN_POINT('',(142.199327516617,5.13643596727261,5.));
#9309=CARTESIAN_POINT('',(127.825043402412,-2.80783755761707,5.6843418860808E-13));
#9310=CARTESIAN_POINT('Origin',(122.979699119599,199.227073253859,0.));
#9311=CARTESIAN_POINT('',(123.088281765279,199.159958812078,5.));
#9312=CARTESIAN_POINT('',(123.088281765279,199.159958812078,0.));
#9313=CARTESIAN_POINT('',(207.423015740821,147.033041493722,5.));
#9314=CARTESIAN_POINT('',(145.442220520273,185.34309045557,5.));
#9315=CARTESIAN_POINT('',(207.423015740821,147.033041493722,0.));
#9316=CARTESIAN_POINT('Origin',(207.423015740821,147.033041493722,0.));
#9317=CARTESIAN_POINT('',(204.443316621222,47.8059682398635,5.));
#9318=CARTESIAN_POINT('',(206.649215088657,121.264676664163,5.));
#9319=CARTESIAN_POINT('',(204.443316621222,47.8059682398635,0.));
#9320=CARTESIAN_POINT('Origin',(204.443316621222,47.8059682398635,0.));
#9321=CARTESIAN_POINT('',(117.020300880401,0.772926746141138,5.));
#9322=CARTESIAN_POINT('',(183.139746312912,36.3447792407827,5.));
#9323=CARTESIAN_POINT('',(117.020300880401,0.772926746141138,0.));
#9324=CARTESIAN_POINT('Origin',(117.020300880401,0.772926746141138,0.));
#9325=CARTESIAN_POINT('',(32.5769842591792,52.9669585062776,5.));
#9326=CARTESIAN_POINT('',(97.261163970464,12.9859598279203,5.));
#9327=CARTESIAN_POINT('',(32.5769842591792,52.9669585062776,0.));
#9328=CARTESIAN_POINT('Origin',(32.5769842591792,52.9669585062776,0.));
#9329=CARTESIAN_POINT('',(35.5566833787784,152.194031760136,5.));
#9330=CARTESIAN_POINT('',(33.2930331668149,76.8121303036475,5.));
#9331=CARTESIAN_POINT('',(35.5566833787784,152.194031760136,0.));
#9332=CARTESIAN_POINT('Origin',(35.5566833787784,152.194031760136,0.));
#9333=CARTESIAN_POINT('',(122.797231945152,199.128907043116,5.));
#9334=CARTESIAN_POINT('',(57.9646209408791,164.249363507917,5.));
#9335=CARTESIAN_POINT('',(122.797231945152,199.128907043116,0.));
#9336=CARTESIAN_POINT('Origin',(214.761395867307,152.372030661776,0.));
#9337=CARTESIAN_POINT('',(122.025188932778,208.251791450049,0.));
#9338=CARTESIAN_POINT('Origin',(214.761395867307,152.372030661776,0.));
#9339=CARTESIAN_POINT('',(205.657088651654,157.857984057657,5.));
#9340=CARTESIAN_POINT('',(205.657088651654,157.857984057657,-0.116326869388104));
#9341=CARTESIAN_POINT('',(134.587561829664,200.682122432783,5.));
#9342=CARTESIAN_POINT('',(192.936440899108,165.523024250492,5.));
#9343=CARTESIAN_POINT('',(134.587561829664,200.682122432783,0.));
#9344=CARTESIAN_POINT('Origin',(27.2637930654708,155.879760788273,0.));
#9345=CARTESIAN_POINT('',(27.2637930654708,155.879760788273,0.));
#9346=CARTESIAN_POINT('Origin',(27.2637930654708,155.879760788273,0.));
#9347=CARTESIAN_POINT('',(25.4456980730252,58.697697044382,0.));
#9348=CARTESIAN_POINT('',(27.0824628296119,146.187172329937,0.));
#9349=CARTESIAN_POINT('Origin',(122.025188932778,208.251791450049,0.));
#9350=CARTESIAN_POINT('Origin',(122.025188932778,208.251791450049,0.));
#9351=CARTESIAN_POINT('Origin',(122.025188932778,208.251791450049,0.));
#9352=CARTESIAN_POINT('',(111.410143728872,202.385146411667,5.));
#9353=CARTESIAN_POINT('',(111.410143728872,202.385146411667,0.));
#9354=CARTESIAN_POINT('',(34.3733841412129,159.809037245248,5.));
#9355=CARTESIAN_POINT('',(98.8690074485186,195.454003536483,5.));
#9356=CARTESIAN_POINT('',(34.3733841412129,159.809037245248,0.));
#9357=CARTESIAN_POINT('Origin',(212.736206934529,44.1202392117268,0.));
#9358=CARTESIAN_POINT('Origin',(117.974811067222,-8.25179145004945,0.));
#9359=CARTESIAN_POINT('',(117.974811067222,-8.25179145004945,0.));
#9360=CARTESIAN_POINT('Origin',(25.2386041326933,47.6279693382237,0.));
#9361=CARTESIAN_POINT('Origin',(27.2637930654708,155.879760788273,0.));
#9362=CARTESIAN_POINT('Origin',(-12.9090596463461,36.6830738705087,0.));
#9363=CARTESIAN_POINT('',(219.312983575134,140.046615215681,0.));
#9364=CARTESIAN_POINT('',(207.573260769383,156.885501157827,0.));
#9365=CARTESIAN_POINT('',(205.581803031145,159.741951030422,8.67361737988404E-18));
#9366=CARTESIAN_POINT('',(248.824080246305,178.90167738445,0.));
#9367=CARTESIAN_POINT('',(96.807102928691,97.7679543577946,0.));
#9368=CARTESIAN_POINT('',(252.893519685574,171.049475321406,0.));
#9369=CARTESIAN_POINT('',(250.166957703915,176.310523172568,8.67361737988404E-18));
#9370=CARTESIAN_POINT('',(253.870066769498,171.535513603369,0.));
#9371=CARTESIAN_POINT('',(119.578669211056,104.697200094236,0.));
#9372=CARTESIAN_POINT('',(256.040210042536,167.297014637648,0.));
#9373=CARTESIAN_POINT('',(249.195498091602,180.665396755607,0.));
#9374=CARTESIAN_POINT('',(255.084614540152,166.805282961615,0.));
#9375=CARTESIAN_POINT('',(123.560083164068,99.1252048411626,-8.67361737988404E-18));
#9376=CARTESIAN_POINT('',(258.482320981973,160.202427883364,0.));
#9377=CARTESIAN_POINT('',(253.501489666799,169.88181246424,0.));
#9378=CARTESIAN_POINT('',(126.068608762077,92.064793835186,0.));
#9379=CARTESIAN_POINT('Origin',(205.346663828373,154.56147250425,-0.116326869388104));
#9380=CARTESIAN_POINT('',(216.797412889795,138.852693619125,5.));
#9381=CARTESIAN_POINT('',(204.435406328659,155.811586579202,5.));
#9382=CARTESIAN_POINT('',(216.797412889795,138.852693619125,-0.116326869388104));
#9383=CARTESIAN_POINT('',(205.346663828373,154.56147250425,-0.116326869388104));
#9384=CARTESIAN_POINT('Origin',(128.861250652473,-2.69728580358545,1.13686837721616E-12));
#9385=CARTESIAN_POINT('',(109.531674544812,-4.75953594057521,1.13686837721616E-12));
#9386=CARTESIAN_POINT('',(128.861250652474,-2.69728580358549,5.));
#9387=CARTESIAN_POINT('',(128.861250652474,-2.69728580358549,1.13686837721616E-12));
#9388=CARTESIAN_POINT('',(131.027605300384,-2.46615992971539,5.));
#9389=CARTESIAN_POINT('Origin',(22.7799186455866,140.856915766128,0.));
#9390=CARTESIAN_POINT('',(34.9897619324073,155.983221165685,0.));
#9391=CARTESIAN_POINT('',(22.7799186455866,140.856915766128,0.));
#9392=CARTESIAN_POINT('Origin',(33.0444339960731,157.553475673756,0.));
#9393=CARTESIAN_POINT('',(34.895580378536,159.233730734958,0.));
#9394=CARTESIAN_POINT('Origin',(34.895580378536,159.233730734958,0.));
#9395=CARTESIAN_POINT('',(21.8507902920709,173.605248807503,5.));
#9396=CARTESIAN_POINT('',(69.9188664198872,120.648380954171,5.));
#9397=CARTESIAN_POINT('',(21.8507902920709,173.605248807503,0.));
#9398=CARTESIAN_POINT('',(21.8507902920709,173.605248807503,0.));
#9399=CARTESIAN_POINT('',(5.41452944132938,191.713169156991,0.));
#9400=CARTESIAN_POINT('',(5.41452944132938,191.713169156991,0.));
#9401=CARTESIAN_POINT('',(5.41452944132938,191.713169156991,0.));
#9402=CARTESIAN_POINT('Origin',(122.5,98.,5.));
#9403=CARTESIAN_POINT('',(112.074810966471,222.31113151801,5.));
#9404=CARTESIAN_POINT('',(110.431201120148,173.037534948451,5.));
#9405=CARTESIAN_POINT('',(99.010355105488,200.65630057561,5.));
#9406=CARTESIAN_POINT('Origin',(70.5375963391236,232.602380276136,5.));
#9407=CARTESIAN_POINT('',(48.6242939590872,172.080180561658,5.));
#9408=CARTESIAN_POINT('',(48.6242939590872,172.080180561658,5.));
#9409=CARTESIAN_POINT('Origin',(37.5486228886793,213.415147724341,5.));
#9410=CARTESIAN_POINT('Origin',(122.5,98.,5.));
#9411=CARTESIAN_POINT('',(112.977810665367,198.081284334443,5.));
#9412=CARTESIAN_POINT('Origin',(122.5,98.,5.));
#9413=CARTESIAN_POINT('',(206.189775433906,158.23963606308,5.));
#9414=CARTESIAN_POINT('Origin',(207.366901130459,156.03410322621,5.));
#9415=CARTESIAN_POINT('',(226.751415541092,169.213689375196,5.));
#9416=CARTESIAN_POINT('',(181.773252880803,145.208174623359,5.));
#9417=CARTESIAN_POINT('',(201.262890071844,169.463783616474,5.));
#9418=CARTESIAN_POINT('Origin',(214.407966526694,210.187940636555,5.));
#9419=CARTESIAN_POINT('',(149.980313704283,199.599897640531,5.));
#9420=CARTESIAN_POINT('',(149.980313704283,199.599897640531,5.));
#9421=CARTESIAN_POINT('',(137.680579810955,225.171435242502,5.));
#9422=CARTESIAN_POINT('Origin',(180.213240372922,229.885540196844,5.));
#9423=CARTESIAN_POINT('',(137.680579810955,243.93834401266,5.));
#9424=CARTESIAN_POINT('',(137.680579810955,250.171435242502,5.));
#9425=CARTESIAN_POINT('',(135.681611977858,202.630465768485,5.));
#9426=CARTESIAN_POINT('',(133.140493569584,150.119260698018,5.));
#9427=CARTESIAN_POINT('Origin',(133.184534069951,202.751304180595,5.));
#9428=CARTESIAN_POINT('Origin',(122.5,98.,5.));
#9429=CARTESIAN_POINT('',(131.625077930928,-5.26652365161802,5.));
#9430=CARTESIAN_POINT('Origin',(129.126467617041,-5.1831779898449,5.));
#9431=CARTESIAN_POINT('',(130.063407587786,-52.0836649791337,5.));
#9432=CARTESIAN_POINT('',(132.559578260187,22.7487576640823,5.));
#9433=CARTESIAN_POINT('',(128.804255074552,-54.1714352425017,5.));
#9434=CARTESIAN_POINT('Origin',(127.564797273899,-52.0003193173606,5.));
#9435=CARTESIAN_POINT('',(132.319420189045,-54.1714352425016,5.));
#9436=CARTESIAN_POINT('',(119.819420189045,-54.1714352425017,5.));
#9437=CARTESIAN_POINT('',(132.319420189045,-29.1714352425016,5.));
#9438=CARTESIAN_POINT('',(132.319420189045,-29.1714352425017,5.));
#9439=CARTESIAN_POINT('',(145.989644894512,-4.65630057560972,5.));
#9440=CARTESIAN_POINT('Origin',(174.462403660876,-36.6023802761365,5.));
#9441=CARTESIAN_POINT('',(196.375706040913,23.9198194383421,5.));
#9442=CARTESIAN_POINT('',(196.375706040913,23.9198194383422,5.));
#9443=CARTESIAN_POINT('',(221.803017198018,22.8996191337456,5.));
#9444=CARTESIAN_POINT('Origin',(207.451377111321,-17.4151477243412,5.));
#9445=CARTESIAN_POINT('',(209.760399205503,36.1670386148582,5.));
#9446=CARTESIAN_POINT('',(174.665706140881,74.8310579118762,5.));
#9447=CARTESIAN_POINT('',(209.666217651631,39.4175481841311,5.));
#9448=CARTESIAN_POINT('Origin',(211.611545587966,37.8472936760601,5.));
#9449=CARTESIAN_POINT('',(221.876060938452,54.5438535836885,5.));
#9450=CARTESIAN_POINT('',(212.893042905941,43.4151379255475,5.));
#9451=CARTESIAN_POINT('',(225.647107453901,54.6814490894875,5.));
#9452=CARTESIAN_POINT('Origin',(223.821388874786,52.9735990756174,5.));
#9453=CARTESIAN_POINT('',(257.647557872742,20.4724632914185,5.));
#9454=CARTESIAN_POINT('',(206.773408085783,74.8577311477185,5.));
#9455=CARTESIAN_POINT('',(258.319246236637,18.8784489530224,5.));
#9456=CARTESIAN_POINT('Origin',(255.821839293628,18.7646132775484,5.));
#9457=CARTESIAN_POINT('',(259.68170991311,20.1100817884141,5.));
#9458=CARTESIAN_POINT('',(259.68170991311,20.1100817884142,5.));
#9459=CARTESIAN_POINT('',(243.049750141939,38.5087801712537,5.));
#9460=CARTESIAN_POINT('',(242.916905076796,38.6557367728113,5.));
#9461=CARTESIAN_POINT('',(228.685389933167,62.5788563605463,5.));
#9462=CARTESIAN_POINT('Origin',(270.587885888328,71.2639489177805,5.));
#9463=CARTESIAN_POINT('',(229.130774632692,120.502525316942,5.));
#9464=CARTESIAN_POINT('',(229.130774632692,120.502525316942,5.));
#9465=CARTESIAN_POINT('',(238.33630944789,147.019029611437,5.));
#9466=CARTESIAN_POINT('Origin',(271.923881554251,120.502525316942,5.));
#9467=CARTESIAN_POINT('',(260.589087341831,158.412618861666,5.));
#9468=CARTESIAN_POINT('',(260.589087341831,158.412618861666,5.));
#9469=CARTESIAN_POINT('',(260.099809804269,159.368225047981,5.));
#9470=CARTESIAN_POINT('',(249.195498091602,180.665396755607,5.));
#9471=CARTESIAN_POINT('',(258.964525858589,158.172583480088,5.));
#9472=CARTESIAN_POINT('Origin',(257.820636039275,160.39553558962,5.));
#9473=CARTESIAN_POINT('',(219.961540011195,138.102372231553,5.));
#9474=CARTESIAN_POINT('',(173.275094241953,114.078395382751,5.));
#9475=CARTESIAN_POINT('Origin',(218.817650191881,140.325324341085,5.));
#9476=CARTESIAN_POINT('Origin',(114.499055462097,-53.8911822071727,1.13686837721616E-12));
#9477=CARTESIAN_POINT('',(114.499055462097,-53.8911822071727,1.13686837721616E-12));
#9478=CARTESIAN_POINT('Origin',(119.25100093525,-53.9907843414293,1.13686837721616E-12));
#9479=CARTESIAN_POINT('',(122.171190445475,-54.1714352425017,0.));
#9480=CARTESIAN_POINT('',(122.171190445475,-54.1714352425017,5.6843418860808E-13));
#9481=CARTESIAN_POINT('',(127.410435532839,-54.4955492572453,1.13686837721616E-12));
#9482=CARTESIAN_POINT('',(127.410435532839,-54.4955492572453,1.13686837721616E-12));
#9483=CARTESIAN_POINT('',(127.410435532839,-54.4955492572453,1.13686837721616E-12));
#9484=CARTESIAN_POINT('',(119.25100093525,-53.9907843414293,1.13686837721616E-12));
#9485=CARTESIAN_POINT('Origin',(130.063407587786,-52.0836649791337,1.13686837721616E-12));
#9486=CARTESIAN_POINT('',(131.625077930928,-5.26652365161802,1.13686837721616E-12));
#9487=CARTESIAN_POINT('',(130.063407587786,-52.0836649791337,1.13686837721616E-12));
#9488=CARTESIAN_POINT('Origin',(129.126467617041,-5.1831779898449,1.13686837721616E-12));
#9489=CARTESIAN_POINT('Origin',(109.79689150938,-7.24542812683459,1.13686837721616E-12));
#9490=CARTESIAN_POINT('',(107.299813601472,-7.12458971472496,1.13686837721616E-12));
#9491=CARTESIAN_POINT('Origin',(107.299813601472,-7.12458971472496,1.13686837721616E-12));
#9492=CARTESIAN_POINT('',(106.472732743313,-24.2158879443609,0.));
#9493=CARTESIAN_POINT('',(106.472732743313,-24.2158879443609,0.));
#9494=CARTESIAN_POINT('',(105.179633478327,-50.9372719062803,1.13686837721616E-12));
#9495=CARTESIAN_POINT('',(105.179633478327,-50.9372719062803,1.13686837721616E-12));
#9496=CARTESIAN_POINT('',(105.179633478327,-50.9372719062803,1.13686837721616E-12));
#9497=CARTESIAN_POINT('Origin',(119.3668520212,-52.1180722545761,1.13686837721616E-12));
#9498=CARTESIAN_POINT('Origin',(107.555872974124,-53.5551882262973,1.13686837721616E-12));
#9499=CARTESIAN_POINT('',(107.555872974124,-53.5551882262973,1.13686837721616E-12));
#9500=CARTESIAN_POINT('Origin',(107.676711386234,-51.05811031839,1.13686837721616E-12));
#9501=CARTESIAN_POINT('',(107.319420189045,-53.5324471993363,0.));
#9502=CARTESIAN_POINT('Origin',(107.676711386234,-51.05811031839,1.13686837721616E-12));
#9503=CARTESIAN_POINT('',(107.319420189045,-53.5324471993363,1.13686837721616E-12));
#9504=CARTESIAN_POINT('Origin',(127.564797273899,-52.0003193173606,1.13686837721616E-12));
#9505=CARTESIAN_POINT('',(128.804255074552,-54.1714352425017,0.));
#9506=CARTESIAN_POINT('Origin',(127.564797273899,-52.0003193173606,1.13686837721616E-12));
#9507=CARTESIAN_POINT('',(128.804255074552,-54.1714352425016,1.13686837721616E-12));
#9508=CARTESIAN_POINT('Origin',(107.319420189045,-54.1714352425017,0.));
#9509=CARTESIAN_POINT('',(132.319420189045,-54.1714352425017,0.));
#9510=CARTESIAN_POINT('',(119.819420189045,-54.1714352425017,0.));
#9511=CARTESIAN_POINT('',(132.319420189045,-54.1714352425017,0.));
#9512=CARTESIAN_POINT('Origin',(107.319420189045,-29.1714352425017,0.));
#9513=CARTESIAN_POINT('',(107.319420189045,-54.1714352425017,0.));
#9514=CARTESIAN_POINT('',(107.319420189045,-54.1714352425017,0.));
#9515=CARTESIAN_POINT('',(107.319420189045,-54.1714352425017,0.));
#9516=CARTESIAN_POINT('Origin',(128.482370117234,249.397058260933,0.));
#9517=CARTESIAN_POINT('',(128.482370117234,249.397058260933,0.));
#9518=CARTESIAN_POINT('Origin',(123.61457355813,247.623948308336,0.));
#9519=CARTESIAN_POINT('',(123.73042464408,249.496660395189,0.));
#9520=CARTESIAN_POINT('Origin',(123.73042464408,249.496660395189,0.));
#9521=CARTESIAN_POINT('',(115.570990046491,250.001425311005,0.));
#9522=CARTESIAN_POINT('Origin',(115.416628305431,247.506195371121,0.));
#9523=CARTESIAN_POINT('',(112.918017991544,247.589541032894,0.));
#9524=CARTESIAN_POINT('Origin',(135.425552605206,249.061064280057,0.));
#9525=CARTESIAN_POINT('',(135.425552605206,249.061064280057,0.));
#9526=CARTESIAN_POINT('Origin',(135.304714193097,246.56398637215,0.));
#9527=CARTESIAN_POINT('',(137.801792101004,246.44314796004,0.));
#9528=CARTESIAN_POINT('',(137.801792101004,246.44314796004,0.));
#9529=CARTESIAN_POINT('',(137.680579810955,247.341972596885,0.));
#9530=CARTESIAN_POINT('Origin',(135.304714193097,246.56398637215,0.));
#9531=CARTESIAN_POINT('',(137.680579810955,247.341972596885,0.));
#9532=CARTESIAN_POINT('Origin',(135.681611977858,202.630465768485,0.));
#9533=CARTESIAN_POINT('',(137.680579810955,243.93834401266,0.));
#9534=CARTESIAN_POINT('',(137.680579810955,243.938344012659,0.));
#9535=CARTESIAN_POINT('',(137.801792101004,246.44314796004,0.));
#9536=CARTESIAN_POINT('',(135.681611977858,202.630465768485,0.));
#9537=CARTESIAN_POINT('Origin',(133.184534069951,202.751304180595,0.));
#9538=CARTESIAN_POINT('',(133.449751034519,200.265411994335,0.));
#9539=CARTESIAN_POINT('Origin',(114.120174926857,198.203161857345,0.));
#9540=CARTESIAN_POINT('',(114.120174926857,198.203161857345,0.));
#9541=CARTESIAN_POINT('Origin',(113.854957962289,200.689054043605,0.));
#9542=CARTESIAN_POINT('',(111.356347648402,200.772399705378,0.));
#9543=CARTESIAN_POINT('Origin',(112.918017991544,247.589541032894,0.));
#9544=CARTESIAN_POINT('',(112.680579810955,240.471408255387,0.));
#9545=CARTESIAN_POINT('',(112.680579810955,240.471408255387,0.));
#9546=CARTESIAN_POINT('',(112.074810966471,222.31113151801,0.));
#9547=CARTESIAN_POINT('',(112.918017991544,247.589541032894,0.));
#9548=CARTESIAN_POINT('',(112.074810966471,222.31113151801,0.));
#9549=CARTESIAN_POINT('Origin',(137.680579810955,225.171435242502,0.));
#9550=CARTESIAN_POINT('',(137.680579810955,225.171435242502,0.));
#9551=CARTESIAN_POINT('',(137.680579810955,225.171435242502,0.));
#9552=CARTESIAN_POINT('',(137.680579810955,250.171435242502,0.));
#9553=CARTESIAN_POINT('Origin',(137.680579810955,225.171435242502,0.));
#9554=CARTESIAN_POINT('',(137.680579810955,250.171435242502,0.));
#9555=CARTESIAN_POINT('',(137.680579810955,250.171435242502,0.));
#9556=CARTESIAN_POINT('',(137.680579810955,250.171435242502,0.));
#9557=CARTESIAN_POINT('Origin',(70.5375963391236,232.602380276136,0.));
#9558=CARTESIAN_POINT('',(99.010355105488,200.65630057561,0.));
#9559=CARTESIAN_POINT('Origin',(70.5375963391236,232.602380276136,0.));
#9560=CARTESIAN_POINT('',(99.010355105488,200.65630057561,0.));
#9561=CARTESIAN_POINT('Origin',(-5.45230093001936,182.516242652657,0.));
#9562=CARTESIAN_POINT('',(-6.29559545693519,183.470754386476,0.));
#9563=CARTESIAN_POINT('',(-6.29559545693519,183.470754386476,0.));
#9564=CARTESIAN_POINT('',(-6.69458925736025,183.922369156964,0.));
#9565=CARTESIAN_POINT('',(-6.69458925736025,183.922369156964,0.));
#9566=CARTESIAN_POINT('',(-6.69458925736025,183.922369156964,0.));
#9567=CARTESIAN_POINT('Origin',(-11.1658597095892,176.636156072268,0.));
#9568=CARTESIAN_POINT('',(-13.6595300548668,176.813943048965,0.));
#9569=CARTESIAN_POINT('',(-13.6595300548668,176.813943048965,0.));
#9570=CARTESIAN_POINT('',(-12.9915782887038,174.928306058398,0.));
#9571=CARTESIAN_POINT('',(-12.8211034868423,178.509700317239,0.));
#9572=CARTESIAN_POINT('',(-12.8211034868423,178.509700317239,0.));
#9573=CARTESIAN_POINT('Origin',(-11.1658597095892,176.636156072268,0.));
#9574=CARTESIAN_POINT('Origin',(-12.9915782887038,174.928306058398,0.));
#9575=CARTESIAN_POINT('',(19.0088721301378,140.719320260329,0.));
#9576=CARTESIAN_POINT('Origin',(20.8345907092524,142.427170274199,0.));
#9577=CARTESIAN_POINT('Origin',(-3.26402704491132,187.212072680306,0.));
#9578=CARTESIAN_POINT('',(-3.26402704491132,187.212072680306,0.));
#9579=CARTESIAN_POINT('',(-3.26402704491132,187.212072680306,0.));
#9580=CARTESIAN_POINT('',(-2.76501591743463,186.662309334986,0.));
#9581=CARTESIAN_POINT('',(-3.26402704491132,187.212072680306,0.));
#9582=CARTESIAN_POINT('',(-2.76501591743463,186.662309334986,0.));
#9583=CARTESIAN_POINT('Origin',(1.88312799766461,191.884060478252,0.));
#9584=CARTESIAN_POINT('',(1.88312799766461,191.884060478252,0.));
#9585=CARTESIAN_POINT('',(1.88312799766461,191.884060478252,0.));
#9586=CARTESIAN_POINT('',(1.88312799766461,191.884060478252,0.));
#9587=CARTESIAN_POINT('Origin',(3.56338305886647,190.032914095789,0.));
#9588=CARTESIAN_POINT('',(3.72351766007779,192.527780206324,0.));
#9589=CARTESIAN_POINT('',(3.72351766007779,192.527780206324,5.));
#9590=CARTESIAN_POINT('',(3.72351766007779,192.527780206324,0.));
#9591=CARTESIAN_POINT('Origin',(3.56338305886647,190.032914095789,0.));
#9592=CARTESIAN_POINT('',(4.01049329628752,192.492607661174,0.));
#9593=CARTESIAN_POINT('Origin',(3.56338305886647,190.032914095789,0.));
#9594=CARTESIAN_POINT('',(4.01049329628752,192.492607661174,5.));
#9595=CARTESIAN_POINT('',(4.01049329628752,192.492607661174,0.));
#9596=CARTESIAN_POINT('Origin',(3.56338305886647,190.032914095789,5.));
#9597=CARTESIAN_POINT('Origin',(-6.69458925736025,183.922369156964,0.));
#9598=CARTESIAN_POINT('',(-12.8211034868423,178.509700317239,0.));
#9599=CARTESIAN_POINT('Origin',(3.86394507128756,192.6547230479,0.));
#9600=CARTESIAN_POINT('',(3.86394507128756,192.6547230479,5.));
#9601=CARTESIAN_POINT('',(-14.6817099131096,175.889918211586,5.));
#9602=CARTESIAN_POINT('',(3.86394507128756,192.6547230479,0.));
#9603=CARTESIAN_POINT('',(3.86394507128756,192.6547230479,0.));
#9604=CARTESIAN_POINT('',(-14.6817099131096,175.889918211586,0.));
#9605=CARTESIAN_POINT('Origin',(3.86394507128756,192.6547230479,0.));
#9606=CARTESIAN_POINT('',(-14.6817099131096,175.889918211586,0.));
#9607=CARTESIAN_POINT('',(-14.6817099131096,175.889918211586,0.));
#9608=CARTESIAN_POINT('',(-14.6817099131096,175.889918211586,0.));
#9609=CARTESIAN_POINT('Origin',(122.5,98.,5.));
#9610=CARTESIAN_POINT('',(3.86394507128756,192.6547230479,5.));
#9611=CARTESIAN_POINT('Origin',(20.6287499076016,174.109068063503,0.));
#9612=CARTESIAN_POINT('',(3.86394507128756,192.6547230479,0.));
#9613=CARTESIAN_POINT('Origin',(37.5486228886793,213.415147724341,0.));
#9614=CARTESIAN_POINT('',(48.6242939590872,172.080180561658,0.));
#9615=CARTESIAN_POINT('',(48.6242939590872,172.080180561658,0.));
#9616=CARTESIAN_POINT('Origin',(37.5486228886793,213.415147724341,0.));
#9617=CARTESIAN_POINT('Origin',(256.862976227777,167.720394817067,-0.116326869388104));
#9618=CARTESIAN_POINT('',(256.040210042536,167.297014637648,-0.0581634346940518));
#9619=CARTESIAN_POINT('',(256.862976227777,167.720394817067,-0.116326869388104));
#9620=CARTESIAN_POINT('',(256.862976227777,167.720394817067,-0.116326869388104));
#9621=CARTESIAN_POINT('',(255.084614540152,166.805282961615,-0.116326869388104));
#9622=CARTESIAN_POINT('',(256.862976227777,167.720394817067,-0.116326869388104));
#9623=CARTESIAN_POINT('',(255.084614540152,166.805282961615,-0.116326869388104));
#9624=CARTESIAN_POINT('Origin',(247.515444327672,180.29576053734,-0.116326869388104));
#9625=CARTESIAN_POINT('',(226.751415541092,169.213689375196,0.));
#9626=CARTESIAN_POINT('',(206.189775433906,158.23963606308,0.));
#9627=CARTESIAN_POINT('',(116.343588116389,110.287388850652,1.73472347597681E-17));
#9628=CARTESIAN_POINT('',(226.751415541092,169.213689375196,0.));
#9629=CARTESIAN_POINT('',(206.189775433906,158.23963606308,-0.116326869388104));
#9630=CARTESIAN_POINT('',(247.515444327672,180.29576053734,-0.116326869388104));
#9631=CARTESIAN_POINT('',(247.515444327672,180.29576053734,-0.116326869388104));
#9632=CARTESIAN_POINT('',(206.189775433906,158.23963606308,-0.116326869388104));
#9633=CARTESIAN_POINT('',(247.515444327672,180.29576053734,-0.116326869388104));
#9634=CARTESIAN_POINT('',(206.189775433906,158.23963606308,-0.116326869388104));
#9635=CARTESIAN_POINT('Origin',(207.366901130459,156.03410322621,-0.116326869388104));
#9636=CARTESIAN_POINT('Origin',(218.817650191881,140.325324341085,-0.116326869388104));
#9637=CARTESIAN_POINT('',(219.961540011195,138.102372231553,-0.116326869388104));
#9638=CARTESIAN_POINT('Origin',(219.961540011195,138.102372231553,-0.116326869388104));
#9639=CARTESIAN_POINT('',(258.964525858589,158.172583480088,-0.116326869388104));
#9640=CARTESIAN_POINT('Origin',(248.692570024225,178.09022770047,-0.116326869388104));
#9641=CARTESIAN_POINT('',(250.930683410979,179.204161481282,-0.116326869388104));
#9642=CARTESIAN_POINT('Origin',(248.692570024225,178.09022770047,-0.116326869388104));
#9643=CARTESIAN_POINT('',(250.930683410979,179.204161481282,-0.116326869388104));
#9644=CARTESIAN_POINT('',(249.009332868676,180.570078764622,5.));
#9645=CARTESIAN_POINT('',(249.26840252421,180.52300737236,5.));
#9646=CARTESIAN_POINT('Origin',(248.692570024225,178.09022770047,5.));
#9647=CARTESIAN_POINT('',(249.009332868676,180.570078764622,0.));
#9648=CARTESIAN_POINT('',(249.009332868676,180.570078764622,-0.116326869388104));
#9649=CARTESIAN_POINT('',(249.26840252421,180.52300737236,0.));
#9650=CARTESIAN_POINT('Origin',(248.692570024225,178.09022770047,3.46944695195361E-17));
#9651=CARTESIAN_POINT('',(249.26840252421,180.52300737236,-0.116326869388104));
#9652=CARTESIAN_POINT('Origin',(252.893519685574,171.049475321406,-0.116326869388104));
#9653=CARTESIAN_POINT('',(252.893519685574,171.049475321406,-0.116326869388104));
#9654=CARTESIAN_POINT('',(252.893519685574,171.049475321406,-0.116326869388104));
#9655=CARTESIAN_POINT('',(254.573261469738,171.885501381344,-0.116326869388104));
#9656=CARTESIAN_POINT('',(254.573261469738,171.885501381344,-0.116326869388104));
#9657=CARTESIAN_POINT('',(254.573261469738,171.885501381344,-0.116326869388104));
#9658=CARTESIAN_POINT('',(253.870066769498,171.535513603369,-0.0581634346940518));
#9659=CARTESIAN_POINT('Origin',(248.824080246305,178.90167738445,-0.116326869388104));
#9660=CARTESIAN_POINT('',(248.824080246305,178.90167738445,-0.116326869388104));
#9661=CARTESIAN_POINT('',(248.824080246305,178.90167738445,-0.116326869388104));
#9662=CARTESIAN_POINT('',(252.893519685574,171.049475321406,-0.116326869388104));
#9663=CARTESIAN_POINT('Origin',(207.573260769383,156.885501157827,-0.116326869388104));
#9664=CARTESIAN_POINT('',(207.573260769383,156.885501157827,-0.116326869388104));
#9665=CARTESIAN_POINT('',(207.573260769383,156.885501157827,-0.116326869388104));
#9666=CARTESIAN_POINT('',(248.824080246305,178.90167738445,-0.116326869388104));
#9667=CARTESIAN_POINT('Origin',(219.312983575134,140.046615215681,-0.116326869388104));
#9668=CARTESIAN_POINT('',(219.312983575134,140.046615215681,-0.116326869388104));
#9669=CARTESIAN_POINT('',(219.312983575134,140.046615215681,-0.116326869388104));
#9670=CARTESIAN_POINT('',(207.573260769383,156.885501157827,-0.116326869388104));
#9671=CARTESIAN_POINT('Origin',(258.482320981973,160.202427883364,-0.116326869388104));
#9672=CARTESIAN_POINT('',(258.482320981973,160.202427883364,-0.116326869388104));
#9673=CARTESIAN_POINT('',(258.482320981973,160.202427883364,-0.116326869388104));
#9674=CARTESIAN_POINT('',(258.482320981973,160.202427883364,-0.116326869388104));
#9675=CARTESIAN_POINT('Origin',(255.084614540152,166.805282961615,-0.116326869388104));
#9676=CARTESIAN_POINT('',(255.084614540152,166.805282961615,-0.116326869388104));
#9677=CARTESIAN_POINT('Origin',(260.043588148806,161.539425408933,-0.116326869388104));
#9678=CARTESIAN_POINT('',(260.043588148806,161.539425408933,-0.116326869388104));
#9679=CARTESIAN_POINT('',(260.043588148806,161.539425408933,-0.116326869388104));
#9680=CARTESIAN_POINT('',(260.043588148806,161.539425408933,-0.116326869388104));
#9681=CARTESIAN_POINT('Origin',(257.820636039275,160.39553558962,-0.116326869388104));
#9682=CARTESIAN_POINT('',(258.964525858589,158.172583480088,0.));
#9683=CARTESIAN_POINT('',(260.099809804269,159.368225047981,0.));
#9684=CARTESIAN_POINT('Origin',(257.820636039275,160.39553558962,3.46944695195361E-17));
#9685=CARTESIAN_POINT('',(258.964525858589,158.172583480088,-0.116326869388104));
#9686=CARTESIAN_POINT('',(258.964525858589,158.172583480088,-0.116326869388104));
#9687=CARTESIAN_POINT('Origin',(257.820636039275,160.39553558962,-0.116326869388104));
#9688=CARTESIAN_POINT('',(260.099809804269,159.368225047981,-0.116326869388104));
#9689=CARTESIAN_POINT('Origin',(219.961540011195,138.102372231553,-0.116326869388104));
#9690=CARTESIAN_POINT('',(219.961540011195,138.102372231553,0.));
#9691=CARTESIAN_POINT('',(107.271615925949,80.1142327895738,8.67361737988404E-18));
#9692=CARTESIAN_POINT('',(219.961540011195,138.102372231553,-0.116326869388104));
#9693=CARTESIAN_POINT('',(219.961540011195,138.102372231553,-0.116326869388104));
#9694=CARTESIAN_POINT('',(258.964525858589,158.172583480088,-0.116326869388104));
#9695=CARTESIAN_POINT('Origin',(218.817650191881,140.325324341085,-0.116326869388104));
#9696=CARTESIAN_POINT('',(216.797412889795,138.852693619125,0.));
#9697=CARTESIAN_POINT('Origin',(218.817650191881,140.325324341085,3.46944695195361E-17));
#9698=CARTESIAN_POINT('',(216.797412889795,138.852693619125,-0.116326869388104));
#9699=CARTESIAN_POINT('',(216.797412889795,138.852693619125,-0.116326869388104));
#9700=CARTESIAN_POINT('Origin',(218.817650191881,140.325324341085,-0.116326869388104));
#9701=CARTESIAN_POINT('Origin',(205.346663828373,154.56147250425,-0.116326869388104));
#9702=CARTESIAN_POINT('',(205.346663828373,154.56147250425,0.));
#9703=CARTESIAN_POINT('',(195.536852602576,168.019120962379,-8.67361737988404E-18));
#9704=CARTESIAN_POINT('',(205.346663828373,154.56147250425,-0.116326869388104));
#9705=CARTESIAN_POINT('',(205.346663828373,154.56147250425,-0.116326869388104));
#9706=CARTESIAN_POINT('',(205.346663828373,154.56147250425,-0.116326869388104));
#9707=CARTESIAN_POINT('Origin',(207.366901130459,156.03410322621,-0.116326869388104));
#9708=CARTESIAN_POINT('Origin',(207.366901130459,156.03410322621,3.46944695195361E-17));
#9709=CARTESIAN_POINT('Origin',(207.366901130459,156.03410322621,-0.116326869388104));
#9710=CARTESIAN_POINT('Origin',(254.573261469738,171.885501381344,-0.116326869388104));
#9711=CARTESIAN_POINT('',(250.930683410979,179.204161481282,-0.116326869388104));
#9712=CARTESIAN_POINT('Origin',(232.593768584867,159.207776020777,-0.116326869388104));
#9713=CARTESIAN_POINT('Origin',(260.589087341831,158.412618861666,0.));
#9714=CARTESIAN_POINT('',(260.589087341831,158.412618861666,0.));
#9715=CARTESIAN_POINT('',(260.589087341831,158.412618861666,0.));
#9716=CARTESIAN_POINT('',(249.195498091602,180.665396755607,0.));
#9717=CARTESIAN_POINT('Origin',(260.589087341831,158.412618861666,0.));
#9718=CARTESIAN_POINT('',(249.195498091602,180.665396755607,0.));
#9719=CARTESIAN_POINT('',(249.195498091602,180.665396755607,0.));
#9720=CARTESIAN_POINT('',(249.195498091602,180.665396755607,5.));
#9721=CARTESIAN_POINT('',(249.195498091602,180.665396755607,0.));
#9722=CARTESIAN_POINT('',(249.195498091602,180.665396755607,5.));
#9723=CARTESIAN_POINT('Origin',(-12.9090596463461,36.6830738705087,0.));
#9724=CARTESIAN_POINT('',(226.942720197661,169.271807505378,0.));
#9725=CARTESIAN_POINT('Origin',(249.195498091602,180.665396755607,0.));
#9726=CARTESIAN_POINT('',(226.942720197661,169.271807505378,5.));
#9727=CARTESIAN_POINT('Origin',(122.5,98.,5.));
#9728=CARTESIAN_POINT('Origin',(247.92000662895,8.18869666951011,-0.116326869387535));
#9729=CARTESIAN_POINT('',(247.277281246836,8.89679081157819,0.));
#9730=CARTESIAN_POINT('',(246.575802579989,9.66961377548045,0.));
#9731=CARTESIAN_POINT('',(181.918697693856,80.9027072350404,0.));
#9732=CARTESIAN_POINT('',(247.277281246836,8.8967908115782,-0.0581634346937676));
#9733=CARTESIAN_POINT('',(247.92000662895,8.18869666951011,33.8836731306125));
#9734=CARTESIAN_POINT('',(247.92000662895,8.18869666951011,33.8836731306125));
#9735=CARTESIAN_POINT('',(247.92000662895,8.18869666951011,-0.116326869387535));
#9736=CARTESIAN_POINT('',(247.92000662895,8.18869666951011,-0.116326869387535));
#9737=CARTESIAN_POINT('',(246.575802579989,9.66961377548045,-0.116326869387535));
#9738=CARTESIAN_POINT('',(247.92000662895,8.18869666951011,-0.116326869387535));
#9739=CARTESIAN_POINT('',(246.575802579989,9.66961377548045,-0.116326869387535));
#9740=CARTESIAN_POINT('Origin',(255.821839293628,18.7646132775484,-0.116326869387535));
#9741=CARTESIAN_POINT('',(258.319246236637,18.8784489530224,0.));
#9742=CARTESIAN_POINT('',(257.647557872742,20.4724632914185,0.));
#9743=CARTESIAN_POINT('Origin',(255.821839293628,18.7646132775484,0.));
#9744=CARTESIAN_POINT('',(258.319246236637,18.8784489530224,-0.116326869387535));
#9745=CARTESIAN_POINT('',(257.647557872742,20.4724632914185,33.8836731306125));
#9746=CARTESIAN_POINT('',(257.647557872742,20.4724632914185,-0.116326869387535));
#9747=CARTESIAN_POINT('',(257.477083070881,16.891069032577,33.8836731306125));
#9748=CARTESIAN_POINT('Origin',(255.821839293628,18.7646132775484,33.8836731306125));
#9749=CARTESIAN_POINT('',(257.477083070881,16.891069032577,-0.116326869387535));
#9750=CARTESIAN_POINT('',(257.477083070881,16.891069032577,-0.116326869387535));
#9751=CARTESIAN_POINT('',(257.647557872742,20.4724632914185,-0.116326869387535));
#9752=CARTESIAN_POINT('Origin',(255.821839293628,18.7646132775484,-0.116326869387535));
#9753=CARTESIAN_POINT('',(257.647557872742,20.4724632914185,-0.116326869387535));
#9754=CARTESIAN_POINT('Origin',(257.647557872742,20.4724632914185,-0.116326869387535));
#9755=CARTESIAN_POINT('',(225.647107453901,54.6814490894874,33.8836731306125));
#9756=CARTESIAN_POINT('',(225.647107453901,54.6814490894875,-0.116326869387535));
#9757=CARTESIAN_POINT('',(257.647557872742,20.4724632914185,33.8836731306125));
#9758=CARTESIAN_POINT('Origin',(223.821388874786,52.9735990756174,-0.116326869387535));
#9759=CARTESIAN_POINT('',(221.876060938452,54.5438535836885,33.8836731306125));
#9760=CARTESIAN_POINT('',(221.876060938452,54.5438535836885,-0.116326869387535));
#9761=CARTESIAN_POINT('Origin',(223.821388874786,52.9735990756174,33.8836731306125));
#9762=CARTESIAN_POINT('Origin',(221.876060938452,54.5438535836885,-0.116326869387535));
#9763=CARTESIAN_POINT('',(209.666217651631,39.4175481841311,33.8836731306125));
#9764=CARTESIAN_POINT('',(209.666217651631,39.4175481841311,-0.116326869387535));
#9765=CARTESIAN_POINT('',(221.876060938452,54.5438535836885,33.8836731306125));
#9766=CARTESIAN_POINT('Origin',(211.611545587966,37.8472936760601,-0.116326869387535));
#9767=CARTESIAN_POINT('',(209.760399205503,36.1670386148582,33.8836731306125));
#9768=CARTESIAN_POINT('',(209.760399205503,36.1670386148582,-0.116326869387535));
#9769=CARTESIAN_POINT('Origin',(211.611545587966,37.8472936760601,33.8836731306125));
#9770=CARTESIAN_POINT('Origin',(250.108280514058,12.8845266971591,-0.116326869387535));
#9771=CARTESIAN_POINT('',(250.108280514058,12.8845266971591,0.));
#9772=CARTESIAN_POINT('',(250.809991137458,12.090271543826,0.));
#9773=CARTESIAN_POINT('',(186.554143387648,84.820449063175,8.67361737988404E-18));
#9774=CARTESIAN_POINT('',(250.108280514058,12.8845266971591,-0.116326869387535));
#9775=CARTESIAN_POINT('',(250.108280514058,12.8845266971591,-0.116326869387535));
#9776=CARTESIAN_POINT('',(251.350568841399,11.4784001928522,-0.116326869387535));
#9777=CARTESIAN_POINT('',(251.350568841399,11.4784001928522,-0.116326869387535));
#9778=CARTESIAN_POINT('',(251.350568841399,11.4784001928522,33.8836731306125));
#9779=CARTESIAN_POINT('',(251.350568841399,11.4784001928522,-0.116326869387535));
#9780=CARTESIAN_POINT('',(251.350568841399,11.4784001928522,33.8836731306125));
#9781=CARTESIAN_POINT('',(250.809991137458,12.090271543826,-0.0581634346937676));
#9782=CARTESIAN_POINT('Origin',(256.639676850218,18.8476027899768,-0.116326869387535));
#9783=CARTESIAN_POINT('',(256.639676850218,18.8476027899768,0.));
#9784=CARTESIAN_POINT('',(187.57529435678,-44.2072398371306,0.));
#9785=CARTESIAN_POINT('',(256.639676850218,18.8476027899768,-0.116326869387535));
#9786=CARTESIAN_POINT('',(256.639676850218,18.8476027899768,-0.116326869387535));
#9787=CARTESIAN_POINT('',(250.108280514058,12.8845266971591,-0.116326869387535));
#9788=CARTESIAN_POINT('Origin',(224.697185930078,52.9946289705406,-0.116326869387535));
#9789=CARTESIAN_POINT('',(224.697185930078,52.9946289705406,0.));
#9790=CARTESIAN_POINT('',(173.322936963912,107.914510730556,-8.67361737988404E-18));
#9791=CARTESIAN_POINT('',(224.697185930078,52.9946289705406,-0.116326869387535));
#9792=CARTESIAN_POINT('',(224.697185930078,52.9946289705406,-0.116326869387535));
#9793=CARTESIAN_POINT('',(256.639676850218,18.8476027899768,-0.116326869387535));
#9794=CARTESIAN_POINT('Origin',(211.470534958976,37.2967031388542,-0.116326869387535));
#9795=CARTESIAN_POINT('',(211.470534958976,37.2967031388542,0.));
#9796=CARTESIAN_POINT('',(164.740326243262,-18.1646038935328,-8.67361737988404E-18));
#9797=CARTESIAN_POINT('',(211.470534958976,37.2967031388542,-0.116326869387535));
#9798=CARTESIAN_POINT('',(211.470534958976,37.2967031388542,-0.116326869387535));
#9799=CARTESIAN_POINT('',(224.697185930078,52.9946289705406,-0.116326869387535));
#9800=CARTESIAN_POINT('Origin',(241.077325469473,4.67873672687315,-0.116326869387535));
#9801=CARTESIAN_POINT('',(241.077325469473,4.67873672687315,0.));
#9802=CARTESIAN_POINT('',(175.748118558859,76.6522887394183,8.67361737988404E-18));
#9803=CARTESIAN_POINT('',(241.077325469473,4.67873672687315,-0.116326869387535));
#9804=CARTESIAN_POINT('',(241.077325469473,4.67873672687315,-0.116326869387535));
#9805=CARTESIAN_POINT('',(241.077325469473,4.67873672687315,-0.116326869387535));
#9806=CARTESIAN_POINT('Origin',(246.575802579989,9.66961377548045,-0.116326869387535));
#9807=CARTESIAN_POINT('',(182.162578377435,-48.7972081895506,8.67361737988404E-18));
#9808=CARTESIAN_POINT('',(246.575802579989,9.66961377548045,-0.116326869387535));
#9809=CARTESIAN_POINT('Origin',(242.772851586374,3.51670887156399,-0.116326869387535));
#9810=CARTESIAN_POINT('',(242.772851586374,3.51670887156399,-0.116326869387535));
#9811=CARTESIAN_POINT('',(242.772851586374,3.51670887156399,-0.116326869387535));
#9812=CARTESIAN_POINT('',(242.772851586374,3.51670887156399,33.8836731306125));
#9813=CARTESIAN_POINT('',(242.772851586374,3.51670887156399,33.8836731306125));
#9814=CARTESIAN_POINT('',(242.772851586374,3.51670887156399,-0.116326869387535));
#9815=CARTESIAN_POINT('Origin',(241.092596525172,5.3678552540269,-0.116326869387535));
#9816=CARTESIAN_POINT('',(239.241450142709,3.68760019282506,-0.116326869387535));
#9817=CARTESIAN_POINT('Origin',(241.092596525172,5.3678552540269,-0.116326869387535));
#9818=CARTESIAN_POINT('',(239.241450142709,3.68760019282506,33.8836731306125));
#9819=CARTESIAN_POINT('Origin',(241.092596525172,5.3678552540269,33.8836731306125));
#9820=CARTESIAN_POINT('',(239.241450142709,3.68760019282506,-0.116326869387535));
#9821=CARTESIAN_POINT('Origin',(209.760399205503,36.1670386148582,-0.116326869387535));
#9822=CARTESIAN_POINT('',(209.760399205503,36.1670386148582,0.));
#9823=CARTESIAN_POINT('',(221.803017198018,22.8996191337456,0.));
#9824=CARTESIAN_POINT('',(159.339743269613,91.7157567781405,-8.67361737988404E-18));
#9825=CARTESIAN_POINT('',(209.760399205503,36.1670386148582,-0.116326869387535));
#9826=CARTESIAN_POINT('',(209.760399205503,36.1670386148582,-0.116326869387535));
#9827=CARTESIAN_POINT('',(239.241450142709,3.68760019282506,-0.116326869387535));
#9828=CARTESIAN_POINT('',(239.241450142709,3.68760019282506,33.8836731306125));
#9829=CARTESIAN_POINT('',(221.803017198018,22.8996191337456,0.));
#9830=CARTESIAN_POINT('Origin',(211.611545587966,37.8472936760601,-0.116326869387535));
#9831=CARTESIAN_POINT('',(209.666217651631,39.4175481841311,0.));
#9832=CARTESIAN_POINT('Origin',(211.611545587966,37.8472936760601,0.));
#9833=CARTESIAN_POINT('',(209.666217651631,39.4175481841311,-0.116326869387535));
#9834=CARTESIAN_POINT('',(209.666217651631,39.4175481841311,-0.116326869387535));
#9835=CARTESIAN_POINT('Origin',(211.611545587966,37.8472936760601,-0.116326869387535));
#9836=CARTESIAN_POINT('Origin',(221.876060938452,54.5438535836885,-0.116326869387535));
#9837=CARTESIAN_POINT('',(221.876060938452,54.5438535836885,0.));
#9838=CARTESIAN_POINT('',(171.198613146784,-8.23848802050899,0.));
#9839=CARTESIAN_POINT('',(221.876060938452,54.5438535836885,-0.116326869387535));
#9840=CARTESIAN_POINT('',(221.876060938452,54.5438535836885,-0.116326869387535));
#9841=CARTESIAN_POINT('',(221.876060938452,54.5438535836885,-0.116326869387535));
#9842=CARTESIAN_POINT('Origin',(223.821388874786,52.9735990756174,-0.116326869387535));
#9843=CARTESIAN_POINT('',(225.647107453901,54.6814490894875,0.));
#9844=CARTESIAN_POINT('Origin',(223.821388874786,52.9735990756174,0.));
#9845=CARTESIAN_POINT('',(225.647107453901,54.6814490894875,-0.116326869387535));
#9846=CARTESIAN_POINT('',(225.647107453901,54.6814490894875,-0.116326869387535));
#9847=CARTESIAN_POINT('Origin',(223.821388874786,52.9735990756174,-0.116326869387535));
#9848=CARTESIAN_POINT('Origin',(257.647557872742,20.4724632914185,-0.116326869387535));
#9849=CARTESIAN_POINT('',(190.472196512037,92.2839832135098,0.));
#9850=CARTESIAN_POINT('',(257.647557872742,20.4724632914185,-0.116326869387535));
#9851=CARTESIAN_POINT('Origin',(251.350568841399,11.4784001928522,-0.116326869387535));
#9852=CARTESIAN_POINT('',(257.477083070881,16.891069032577,-0.116326869387535));
#9853=CARTESIAN_POINT('',(257.477083070881,16.891069032577,33.8836731306125));
#9854=CARTESIAN_POINT('Origin',(233.416115136728,29.4277232471915,33.8836731306125));
#9855=CARTESIAN_POINT('Origin',(233.416115136728,29.4277232471915,-0.116326869387535));
#9856=CARTESIAN_POINT('Origin',(-12.9090596463461,36.6830738705087,0.));
#9857=CARTESIAN_POINT('',(259.68170991311,20.1100817884142,0.));
#9858=CARTESIAN_POINT('Origin',(241.136054928712,3.34527695210014,0.));
#9859=CARTESIAN_POINT('',(259.68170991311,20.1100817884142,0.));
#9860=CARTESIAN_POINT('',(259.68170991311,20.1100817884142,0.));
#9861=CARTESIAN_POINT('',(259.68170991311,20.1100817884142,0.));
#9862=CARTESIAN_POINT('Origin',(207.451377111321,-17.4151477243412,0.));
#9863=CARTESIAN_POINT('',(196.375706040913,23.9198194383422,0.));
#9864=CARTESIAN_POINT('',(196.375706040913,23.9198194383422,0.));
#9865=CARTESIAN_POINT('Origin',(207.451377111321,-17.4151477243412,0.));
#9866=CARTESIAN_POINT('Origin',(137.680579810955,250.171435242502,0.));
#9867=CARTESIAN_POINT('',(112.680579810955,250.171435242502,0.));
#9868=CARTESIAN_POINT('',(125.180579810955,250.171435242502,0.));
#9869=CARTESIAN_POINT('',(112.680579810955,250.171435242502,0.));
#9870=CARTESIAN_POINT('Origin',(180.213240372922,229.885540196844,0.));
#9871=CARTESIAN_POINT('',(149.980313704283,199.599897640531,0.));
#9872=CARTESIAN_POINT('Origin',(180.213240372922,229.885540196844,0.));
#9873=CARTESIAN_POINT('',(149.980313704283,199.599897640531,0.));
#9874=CARTESIAN_POINT('Origin',(201.262890071844,169.463783616474,0.));
#9875=CARTESIAN_POINT('',(201.262890071844,169.463783616474,0.));
#9876=CARTESIAN_POINT('',(149.980313704283,199.599897640531,0.));
#9877=CARTESIAN_POINT('',(201.262890071844,169.463783616474,0.));
#9878=CARTESIAN_POINT('Origin',(214.407966526694,210.187940636555,0.));
#9879=CARTESIAN_POINT('Origin',(214.407966526694,210.187940636555,0.));
#9880=CARTESIAN_POINT('Origin',(260.589087341831,158.412618861666,0.));
#9881=CARTESIAN_POINT('Origin',(238.33630944789,147.019029611437,0.));
#9882=CARTESIAN_POINT('',(238.33630944789,147.019029611437,0.));
#9883=CARTESIAN_POINT('',(260.589087341831,158.412618861666,0.));
#9884=CARTESIAN_POINT('',(238.33630944789,147.019029611437,0.));
#9885=CARTESIAN_POINT('Origin',(271.923881554251,120.502525316942,0.));
#9886=CARTESIAN_POINT('',(229.130774632692,120.502525316942,0.));
#9887=CARTESIAN_POINT('Origin',(271.923881554251,120.502525316942,0.));
#9888=CARTESIAN_POINT('',(229.130774632692,120.502525316942,0.));
#9889=CARTESIAN_POINT('Origin',(228.685389933167,62.5788563605463,0.));
#9890=CARTESIAN_POINT('',(228.685389933167,62.5788563605463,0.));
#9891=CARTESIAN_POINT('',(229.130774632692,120.502525316942,0.));
#9892=CARTESIAN_POINT('',(228.685389933167,62.5788563605463,0.));
#9893=CARTESIAN_POINT('Origin',(270.587885888328,71.2639489177805,0.));
#9894=CARTESIAN_POINT('',(243.049750141939,38.5087801712537,0.));
#9895=CARTESIAN_POINT('Origin',(270.587885888328,71.2639489177805,0.));
#9896=CARTESIAN_POINT('',(243.049750141939,38.5087801712537,0.));
#9897=CARTESIAN_POINT('Origin',(259.68170991311,20.1100817884142,0.));
#9898=CARTESIAN_POINT('',(242.916905076796,38.6557367728113,0.));
#9899=CARTESIAN_POINT('Origin',(241.136054928712,3.34527695210014,0.));
#9900=CARTESIAN_POINT('Origin',(145.989644894512,-4.65630057560972,0.));
#9901=CARTESIAN_POINT('',(145.989644894512,-4.65630057560972,0.));
#9902=CARTESIAN_POINT('',(196.375706040913,23.9198194383422,0.));
#9903=CARTESIAN_POINT('',(145.989644894512,-4.65630057560972,0.));
#9904=CARTESIAN_POINT('Origin',(174.462403660876,-36.6023802761365,0.));
#9905=CARTESIAN_POINT('',(132.319420189045,-29.1714352425017,0.));
#9906=CARTESIAN_POINT('Origin',(174.462403660876,-36.6023802761365,0.));
#9907=CARTESIAN_POINT('',(132.319420189045,-29.1714352425017,0.));
#9908=CARTESIAN_POINT('Origin',(132.319420189045,-54.1714352425017,0.));
#9909=CARTESIAN_POINT('',(132.319420189045,-29.1714352425017,0.));
#9910=CARTESIAN_POINT('Origin',(107.319420189045,-54.1714352425017,0.));
#9911=CARTESIAN_POINT('',(119.819420189045,-54.1714352425017,0.));
#9912=CARTESIAN_POINT('Origin',(64.7870612063535,-33.8882603789127,0.));
#9913=CARTESIAN_POINT('',(95.013791685123,-3.59643368318804,0.));
#9914=CARTESIAN_POINT('',(95.013791685123,-3.59643368318804,0.));
#9915=CARTESIAN_POINT('Origin',(64.7870612063535,-33.8882603789127,0.));
#9916=CARTESIAN_POINT('Origin',(43.7371099281562,26.5362163835255,0.));
#9917=CARTESIAN_POINT('',(43.7371099281562,26.5362163835255,0.));
#9918=CARTESIAN_POINT('',(95.013791685123,-3.59643368318804,0.));
#9919=CARTESIAN_POINT('',(43.7371099281562,26.5362163835255,0.));
#9920=CARTESIAN_POINT('Origin',(30.5920334733062,-14.1879406365547,0.));
#9921=CARTESIAN_POINT('',(18.0572798023389,26.728192494622,0.));
#9922=CARTESIAN_POINT('Origin',(30.5920334733062,-14.1879406365547,0.));
#9923=CARTESIAN_POINT('',(18.0572798023389,26.728192494622,0.));
#9924=CARTESIAN_POINT('Origin',(-4.19549809160184,15.3346032443929,0.));
#9925=CARTESIAN_POINT('',(18.0572798023389,26.728192494622,0.));
#9926=CARTESIAN_POINT('Origin',(-26.9238815542512,75.4974746830584,0.));
#9927=CARTESIAN_POINT('',(6.73232998229777,49.0681458038176,0.));
#9928=CARTESIAN_POINT('',(6.73232998229777,49.0681458038176,0.));
#9929=CARTESIAN_POINT('',(15.8692253673081,75.4974746830584,0.));
#9930=CARTESIAN_POINT('',(15.8692253673081,75.4974746830584,0.));
#9931=CARTESIAN_POINT('Origin',(-26.9238815542512,75.4974746830584,0.));
#9932=CARTESIAN_POINT('Origin',(16.3146100668332,133.421143639454,0.));
#9933=CARTESIAN_POINT('',(16.3146100668332,133.421143639454,0.));
#9934=CARTESIAN_POINT('',(15.8692253673081,75.4974746830584,0.));
#9935=CARTESIAN_POINT('',(16.3146100668332,133.421143639454,0.));
#9936=CARTESIAN_POINT('Origin',(-25.5878858883277,124.73605108222,0.));
#9937=CARTESIAN_POINT('',(1.95024985806158,157.491219828746,0.));
#9938=CARTESIAN_POINT('Origin',(-25.5878858883277,124.73605108222,0.));
#9939=CARTESIAN_POINT('',(1.95024985806158,157.491219828746,0.));
#9940=CARTESIAN_POINT('Origin',(-14.6817099131096,175.889918211586,0.));
#9941=CARTESIAN_POINT('',(2.08309492320431,157.344263227189,0.));
#9942=CARTESIAN_POINT('Origin',(3.86394507128756,192.6547230479,0.));
#9943=CARTESIAN_POINT('',(-14.6817099131096,175.889918211586,0.));
#9944=CARTESIAN_POINT('Origin',(99.010355105488,200.65630057561,0.));
#9945=CARTESIAN_POINT('',(48.6242939590872,172.080180561658,0.));
#9946=CARTESIAN_POINT('Origin',(112.680579810955,250.171435242502,0.));
#9947=CARTESIAN_POINT('',(112.680579810955,225.171435242502,0.));
#9948=CARTESIAN_POINT('Origin',(-7.32025834994646,25.836026432467,0.));
#9949=CARTESIAN_POINT('',(-9.00000013411045,25.000000372529,0.));
#9950=CARTESIAN_POINT('Origin',(-9.00000013411045,25.000000372529,0.));
#9951=CARTESIAN_POINT('',(-5.35742207535164,17.6813402725911,0.));
#9952=CARTESIAN_POINT('Origin',(-3.11930868859808,18.7952740534033,0.));
#9953=CARTESIAN_POINT('',(-1.9421829920452,16.5897412165326,0.));
#9954=CARTESIAN_POINT('Origin',(-1.9421829920452,16.5897412165326,0.));
#9955=CARTESIAN_POINT('',(39.3834859017208,38.6458656907926,0.));
#9956=CARTESIAN_POINT('Origin',(38.2063602051679,40.8513985276633,0.));
#9957=CARTESIAN_POINT('',(40.2265975072539,42.3240292496233,0.));
#9958=CARTESIAN_POINT('Origin',(40.2265975072539,42.3240292496233,0.));
#9959=CARTESIAN_POINT('',(28.775848445832,58.0328081347482,0.));
#9960=CARTESIAN_POINT('Origin',(26.755611143746,56.5601774127882,0.));
#9961=CARTESIAN_POINT('',(25.6117213244323,58.7831295223197,0.));
#9962=CARTESIAN_POINT('Origin',(25.6117213244323,58.7831295223197,0.));
#9963=CARTESIAN_POINT('',(-13.3912645229616,38.712918273785,0.));
#9964=CARTESIAN_POINT('',(-13.3912645229616,38.712918273785,0.));
#9965=CARTESIAN_POINT('',(-13.3912645229616,38.712918273785,0.));
#9966=CARTESIAN_POINT('Origin',(-11.2897148921499,29.1651069368066,0.));
#9967=CARTESIAN_POINT('',(-11.2897148921499,29.1651069368066,0.));
#9968=CARTESIAN_POINT('',(-11.2897148921499,29.1651069368066,0.));
#9969=CARTESIAN_POINT('',(-11.2897148921499,29.1651069368066,0.));
#9970=CARTESIAN_POINT('Origin',(-14.4703268131793,35.3460763449397,0.));
#9971=CARTESIAN_POINT('',(-14.4703268131793,35.3460763449397,0.));
#9972=CARTESIAN_POINT('',(-14.4703268131793,35.3460763449397,0.));
#9973=CARTESIAN_POINT('',(-14.4703268131793,35.3460763449397,0.));
#9974=CARTESIAN_POINT('Origin',(-12.2473747036478,36.4899661642535,0.));
#9975=CARTESIAN_POINT('Origin',(-12.2473747036478,36.4899661642535,0.));
#9976=CARTESIAN_POINT('Origin',(-12.2473747036478,36.4899661642535,0.));
#9977=CARTESIAN_POINT('Origin',(12.9794927507601,37.6777257330957,0.));
#9978=UNCERTAINTY_MEASURE_WITH_UNIT(LENGTH_MEASURE(0.01),#9982,
'DISTANCE_ACCURACY_VALUE',
'Maximum model space distance between geometric entities at asserted c
onnectivities');
#9979=UNCERTAINTY_MEASURE_WITH_UNIT(LENGTH_MEASURE(0.01),#9982,
'DISTANCE_ACCURACY_VALUE',
'Maximum model space distance between geometric entities at asserted c
onnectivities');
#9980=(
GEOMETRIC_REPRESENTATION_CONTEXT(3)
GLOBAL_UNCERTAINTY_ASSIGNED_CONTEXT((#9978))
GLOBAL_UNIT_ASSIGNED_CONTEXT((#9982,#9984,#9985))
REPRESENTATION_CONTEXT('','3D')
);
#9981=(
GEOMETRIC_REPRESENTATION_CONTEXT(3)
GLOBAL_UNCERTAINTY_ASSIGNED_CONTEXT((#9979))
GLOBAL_UNIT_ASSIGNED_CONTEXT((#9982,#9984,#9985))
REPRESENTATION_CONTEXT('','3D')
);
#9982=(
LENGTH_UNIT()
NAMED_UNIT(*)
SI_UNIT(.MILLI.,.METRE.)
);
#9983=(
LENGTH_UNIT()
NAMED_UNIT(*)
SI_UNIT($,.METRE.)
);
#9984=(
NAMED_UNIT(*)
PLANE_ANGLE_UNIT()
SI_UNIT($,.RADIAN.)
);
#9985=(
NAMED_UNIT(*)
SI_UNIT($,.STERADIAN.)
SOLID_ANGLE_UNIT()
);
#9986=SHAPE_DEFINITION_REPRESENTATION(#9987,#9988);
#9987=PRODUCT_DEFINITION_SHAPE('',$,#9990);
#9988=SHAPE_REPRESENTATION('',(#6040),#9980);
#9989=PRODUCT_DEFINITION_CONTEXT('part definition',#9994,'design');
#9990=PRODUCT_DEFINITION('body','body',#9991,#9989);
#9991=PRODUCT_DEFINITION_FORMATION('',$,#9996);
#9992=PRODUCT_RELATED_PRODUCT_CATEGORY('body','body',(#9996));
#9993=APPLICATION_PROTOCOL_DEFINITION('international standard',
'automotive_design',2009,#9994);
#9994=APPLICATION_CONTEXT(
'Core Data for Automotive Mechanical Design Process');
#9995=PRODUCT_CONTEXT('part definition',#9994,'mechanical');
#9996=PRODUCT('body','body',$,(#9995));
#9997=PRESENTATION_STYLE_ASSIGNMENT((#9998));
#9998=SURFACE_STYLE_USAGE(.BOTH.,#9999);
#9999=SURFACE_SIDE_STYLE('',(#10000));
#10000=SURFACE_STYLE_FILL_AREA(#10001);
#10001=FILL_AREA_STYLE('Steel - Satin',(#10002));
#10002=FILL_AREA_STYLE_COLOUR('Steel - Satin',#10003);
#10003=COLOUR_RGB('Steel - Satin',0.627450980392157,0.627450980392157,0.627450980392157);
ENDSEC;
END-ISO-10303-21;
