ISO-10303-21;
HEADER;
/* Generated by software containing ST-Developer
 * from STEP Tools, Inc. (www.steptools.com) 
 */

FILE_DESCRIPTION(
/* description */ (''),
/* implementation_level */ '2;1');

FILE_NAME(
/* name */ 'coxa.step',
/* time_stamp */ '2026-08-23T17:02:10+05:30',
/* author */ (''),
/* organization */ (''),
/* preprocessor_version */ 'ST-DEVELOPER v20.1',
/* originating_system */ 'Autodesk Translation Framework v15.8.0.0',
/* authorisation */ '');

FILE_SCHEMA (('AUTOMOTIVE_DESIGN { 1 0 10303 214 3 1 1 }'));
ENDSEC;

DATA;
#10=MECHANICAL_DESIGN_GEOMETRIC_PRESENTATION_REPRESENTATION('',(#13,#14),
#2606);
#11=SHAPE_REPRESENTATION_RELATIONSHIP('SRR','None',#2613,#12);
#12=ADVANCED_BREP_SHAPE_REPRESENTATION('',(#15,#16),#2605);
#13=STYLED_ITEM('',(#2622),#15);
#14=STYLED_ITEM('',(#2622),#16);
#15=MANIFOLD_SOLID_BREP('Body1',#1593);
#16=MANIFOLD_SOLID_BREP('Body2',#1594);
#17=FACE_BOUND('',#195,.T.);
#18=FACE_BOUND('',#201,.T.);
#19=FACE_BOUND('',#210,.T.);
#20=FACE_BOUND('',#228,.T.);
#21=FACE_BOUND('',#229,.T.);
#22=FACE_BOUND('',#230,.T.);
#23=FACE_BOUND('',#231,.T.);
#24=FACE_BOUND('',#232,.T.);
#25=FACE_BOUND('',#234,.T.);
#26=FACE_BOUND('',#235,.T.);
#27=FACE_BOUND('',#236,.T.);
#28=FACE_BOUND('',#237,.T.);
#29=FACE_BOUND('',#238,.T.);
#30=FACE_BOUND('',#240,.T.);
#31=FACE_BOUND('',#241,.T.);
#32=FACE_BOUND('',#242,.T.);
#33=FACE_BOUND('',#243,.T.);
#34=FACE_BOUND('',#244,.T.);
#35=FACE_BOUND('',#246,.T.);
#36=FACE_BOUND('',#247,.T.);
#37=FACE_BOUND('',#248,.T.);
#38=FACE_BOUND('',#249,.T.);
#39=FACE_BOUND('',#250,.T.);
#40=FACE_BOUND('',#257,.T.);
#41=FACE_BOUND('',#263,.T.);
#42=FACE_BOUND('',#272,.T.);
#43=FACE_BOUND('',#290,.T.);
#44=FACE_BOUND('',#291,.T.);
#45=FACE_BOUND('',#292,.T.);
#46=FACE_BOUND('',#293,.T.);
#47=FACE_BOUND('',#294,.T.);
#48=FACE_BOUND('',#296,.T.);
#49=FACE_BOUND('',#297,.T.);
#50=FACE_BOUND('',#298,.T.);
#51=FACE_BOUND('',#299,.T.);
#52=FACE_BOUND('',#300,.T.);
#53=FACE_BOUND('',#302,.T.);
#54=FACE_BOUND('',#303,.T.);
#55=FACE_BOUND('',#304,.T.);
#56=FACE_BOUND('',#305,.T.);
#57=FACE_BOUND('',#306,.T.);
#58=FACE_BOUND('',#308,.T.);
#59=FACE_BOUND('',#309,.T.);
#60=FACE_BOUND('',#310,.T.);
#61=FACE_BOUND('',#311,.T.);
#62=FACE_BOUND('',#312,.T.);
#63=PLANE('',#1611);
#64=PLANE('',#1615);
#65=PLANE('',#1616);
#66=PLANE('',#1617);
#67=PLANE('',#1618);
#68=PLANE('',#1619);
#69=PLANE('',#1620);
#70=PLANE('',#1621);
#71=PLANE('',#1625);
#72=PLANE('',#1626);
#73=PLANE('',#1627);
#74=PLANE('',#1628);
#75=PLANE('',#1629);
#76=PLANE('',#1630);
#77=PLANE('',#1643);
#78=PLANE('',#1644);
#79=PLANE('',#1645);
#80=PLANE('',#1646);
#81=PLANE('',#1665);
#82=PLANE('',#1666);
#83=PLANE('',#1667);
#84=PLANE('',#1668);
#85=PLANE('',#1669);
#86=PLANE('',#1670);
#87=PLANE('',#1671);
#88=PLANE('',#1672);
#89=PLANE('',#1676);
#90=PLANE('',#1680);
#91=PLANE('',#1681);
#92=PLANE('',#1682);
#93=PLANE('',#1683);
#94=PLANE('',#1684);
#95=PLANE('',#1685);
#96=PLANE('',#1686);
#97=PLANE('',#1690);
#98=PLANE('',#1691);
#99=PLANE('',#1692);
#100=PLANE('',#1693);
#101=PLANE('',#1694);
#102=PLANE('',#1695);
#103=PLANE('',#1708);
#104=PLANE('',#1709);
#105=PLANE('',#1710);
#106=PLANE('',#1711);
#107=PLANE('',#1730);
#108=PLANE('',#1731);
#109=PLANE('',#1732);
#110=PLANE('',#1733);
#111=PLANE('',#1734);
#112=PLANE('',#1735);
#113=PLANE('',#1736);
#114=PLANE('',#1737);
#115=FACE_OUTER_BOUND('',#193,.T.);
#116=FACE_OUTER_BOUND('',#194,.T.);
#117=FACE_OUTER_BOUND('',#196,.T.);
#118=FACE_OUTER_BOUND('',#197,.T.);
#119=FACE_OUTER_BOUND('',#198,.T.);
#120=FACE_OUTER_BOUND('',#199,.T.);
#121=FACE_OUTER_BOUND('',#200,.T.);
#122=FACE_OUTER_BOUND('',#202,.T.);
#123=FACE_OUTER_BOUND('',#203,.T.);
#124=FACE_OUTER_BOUND('',#204,.T.);
#125=FACE_OUTER_BOUND('',#205,.T.);
#126=FACE_OUTER_BOUND('',#206,.T.);
#127=FACE_OUTER_BOUND('',#207,.T.);
#128=FACE_OUTER_BOUND('',#208,.T.);
#129=FACE_OUTER_BOUND('',#209,.T.);
#130=FACE_OUTER_BOUND('',#211,.T.);
#131=FACE_OUTER_BOUND('',#212,.T.);
#132=FACE_OUTER_BOUND('',#213,.T.);
#133=FACE_OUTER_BOUND('',#214,.T.);
#134=FACE_OUTER_BOUND('',#215,.T.);
#135=FACE_OUTER_BOUND('',#216,.T.);
#136=FACE_OUTER_BOUND('',#217,.T.);
#137=FACE_OUTER_BOUND('',#218,.T.);
#138=FACE_OUTER_BOUND('',#219,.T.);
#139=FACE_OUTER_BOUND('',#220,.T.);
#140=FACE_OUTER_BOUND('',#221,.T.);
#141=FACE_OUTER_BOUND('',#222,.T.);
#142=FACE_OUTER_BOUND('',#223,.T.);
#143=FACE_OUTER_BOUND('',#224,.T.);
#144=FACE_OUTER_BOUND('',#225,.T.);
#145=FACE_OUTER_BOUND('',#226,.T.);
#146=FACE_OUTER_BOUND('',#227,.T.);
#147=FACE_OUTER_BOUND('',#233,.T.);
#148=FACE_OUTER_BOUND('',#239,.T.);
#149=FACE_OUTER_BOUND('',#245,.T.);
#150=FACE_OUTER_BOUND('',#251,.T.);
#151=FACE_OUTER_BOUND('',#252,.T.);
#152=FACE_OUTER_BOUND('',#253,.T.);
#153=FACE_OUTER_BOUND('',#254,.T.);
#154=FACE_OUTER_BOUND('',#255,.T.);
#155=FACE_OUTER_BOUND('',#256,.T.);
#156=FACE_OUTER_BOUND('',#258,.T.);
#157=FACE_OUTER_BOUND('',#259,.T.);
#158=FACE_OUTER_BOUND('',#260,.T.);
#159=FACE_OUTER_BOUND('',#261,.T.);
#160=FACE_OUTER_BOUND('',#262,.T.);
#161=FACE_OUTER_BOUND('',#264,.T.);
#162=FACE_OUTER_BOUND('',#265,.T.);
#163=FACE_OUTER_BOUND('',#266,.T.);
#164=FACE_OUTER_BOUND('',#267,.T.);
#165=FACE_OUTER_BOUND('',#268,.T.);
#166=FACE_OUTER_BOUND('',#269,.T.);
#167=FACE_OUTER_BOUND('',#270,.T.);
#168=FACE_OUTER_BOUND('',#271,.T.);
#169=FACE_OUTER_BOUND('',#273,.T.);
#170=FACE_OUTER_BOUND('',#274,.T.);
#171=FACE_OUTER_BOUND('',#275,.T.);
#172=FACE_OUTER_BOUND('',#276,.T.);
#173=FACE_OUTER_BOUND('',#277,.T.);
#174=FACE_OUTER_BOUND('',#278,.T.);
#175=FACE_OUTER_BOUND('',#279,.T.);
#176=FACE_OUTER_BOUND('',#280,.T.);
#177=FACE_OUTER_BOUND('',#281,.T.);
#178=FACE_OUTER_BOUND('',#282,.T.);
#179=FACE_OUTER_BOUND('',#283,.T.);
#180=FACE_OUTER_BOUND('',#284,.T.);
#181=FACE_OUTER_BOUND('',#285,.T.);
#182=FACE_OUTER_BOUND('',#286,.T.);
#183=FACE_OUTER_BOUND('',#287,.T.);
#184=FACE_OUTER_BOUND('',#288,.T.);
#185=FACE_OUTER_BOUND('',#289,.T.);
#186=FACE_OUTER_BOUND('',#295,.T.);
#187=FACE_OUTER_BOUND('',#301,.T.);
#188=FACE_OUTER_BOUND('',#307,.T.);
#189=FACE_OUTER_BOUND('',#313,.T.);
#190=FACE_OUTER_BOUND('',#314,.T.);
#191=FACE_OUTER_BOUND('',#315,.T.);
#192=FACE_OUTER_BOUND('',#316,.T.);
#193=EDGE_LOOP('',(#1057,#1058,#1059,#1060));
#194=EDGE_LOOP('',(#1061));
#195=EDGE_LOOP('',(#1062));
#196=EDGE_LOOP('',(#1063,#1064,#1065,#1066));
#197=EDGE_LOOP('',(#1067,#1068,#1069,#1070));
#198=EDGE_LOOP('',(#1071,#1072,#1073,#1074));
#199=EDGE_LOOP('',(#1075,#1076,#1077,#1078));
#200=EDGE_LOOP('',(#1079,#1080,#1081,#1082));
#201=EDGE_LOOP('',(#1083));
#202=EDGE_LOOP('',(#1084,#1085,#1086,#1087,#1088,#1089,#1090,#1091,#1092,
#1093,#1094,#1095));
#203=EDGE_LOOP('',(#1096,#1097,#1098,#1099,#1100,#1101,#1102,#1103,#1104,
#1105,#1106,#1107));
#204=EDGE_LOOP('',(#1108,#1109,#1110,#1111));
#205=EDGE_LOOP('',(#1112,#1113,#1114,#1115));
#206=EDGE_LOOP('',(#1116,#1117,#1118,#1119));
#207=EDGE_LOOP('',(#1120,#1121,#1122,#1123));
#208=EDGE_LOOP('',(#1124,#1125,#1126,#1127,#1128,#1129,#1130,#1131));
#209=EDGE_LOOP('',(#1132,#1133,#1134,#1135));
#210=EDGE_LOOP('',(#1136));
#211=EDGE_LOOP('',(#1137,#1138,#1139,#1140));
#212=EDGE_LOOP('',(#1141,#1142,#1143,#1144));
#213=EDGE_LOOP('',(#1145,#1146,#1147,#1148));
#214=EDGE_LOOP('',(#1149,#1150,#1151,#1152));
#215=EDGE_LOOP('',(#1153,#1154,#1155,#1156));
#216=EDGE_LOOP('',(#1157,#1158,#1159,#1160));
#217=EDGE_LOOP('',(#1161,#1162,#1163,#1164));
#218=EDGE_LOOP('',(#1165,#1166,#1167,#1168));
#219=EDGE_LOOP('',(#1169,#1170,#1171,#1172));
#220=EDGE_LOOP('',(#1173,#1174,#1175,#1176));
#221=EDGE_LOOP('',(#1177,#1178,#1179,#1180));
#222=EDGE_LOOP('',(#1181,#1182,#1183,#1184));
#223=EDGE_LOOP('',(#1185,#1186,#1187,#1188));
#224=EDGE_LOOP('',(#1189,#1190,#1191,#1192));
#225=EDGE_LOOP('',(#1193,#1194,#1195,#1196));
#226=EDGE_LOOP('',(#1197,#1198,#1199,#1200));
#227=EDGE_LOOP('',(#1201,#1202,#1203,#1204,#1205,#1206));
#228=EDGE_LOOP('',(#1207));
#229=EDGE_LOOP('',(#1208));
#230=EDGE_LOOP('',(#1209));
#231=EDGE_LOOP('',(#1210));
#232=EDGE_LOOP('',(#1211));
#233=EDGE_LOOP('',(#1212,#1213,#1214,#1215,#1216,#1217,#1218,#1219,#1220,
#1221));
#234=EDGE_LOOP('',(#1222));
#235=EDGE_LOOP('',(#1223));
#236=EDGE_LOOP('',(#1224));
#237=EDGE_LOOP('',(#1225));
#238=EDGE_LOOP('',(#1226));
#239=EDGE_LOOP('',(#1227,#1228,#1229,#1230,#1231,#1232));
#240=EDGE_LOOP('',(#1233));
#241=EDGE_LOOP('',(#1234));
#242=EDGE_LOOP('',(#1235));
#243=EDGE_LOOP('',(#1236));
#244=EDGE_LOOP('',(#1237));
#245=EDGE_LOOP('',(#1238,#1239,#1240,#1241,#1242,#1243));
#246=EDGE_LOOP('',(#1244));
#247=EDGE_LOOP('',(#1245));
#248=EDGE_LOOP('',(#1246));
#249=EDGE_LOOP('',(#1247));
#250=EDGE_LOOP('',(#1248));
#251=EDGE_LOOP('',(#1249,#1250,#1251,#1252));
#252=EDGE_LOOP('',(#1253,#1254,#1255,#1256));
#253=EDGE_LOOP('',(#1257,#1258,#1259,#1260));
#254=EDGE_LOOP('',(#1261,#1262,#1263,#1264,#1265,#1266,#1267,#1268,#1269,
#1270,#1271,#1272));
#255=EDGE_LOOP('',(#1273,#1274,#1275,#1276));
#256=EDGE_LOOP('',(#1277));
#257=EDGE_LOOP('',(#1278));
#258=EDGE_LOOP('',(#1279,#1280,#1281,#1282));
#259=EDGE_LOOP('',(#1283,#1284,#1285,#1286));
#260=EDGE_LOOP('',(#1287,#1288,#1289,#1290));
#261=EDGE_LOOP('',(#1291,#1292,#1293,#1294));
#262=EDGE_LOOP('',(#1295,#1296,#1297,#1298));
#263=EDGE_LOOP('',(#1299));
#264=EDGE_LOOP('',(#1300,#1301,#1302,#1303,#1304,#1305,#1306,#1307,#1308,
#1309,#1310,#1311));
#265=EDGE_LOOP('',(#1312,#1313,#1314,#1315,#1316,#1317,#1318,#1319,#1320,
#1321,#1322,#1323));
#266=EDGE_LOOP('',(#1324,#1325,#1326,#1327));
#267=EDGE_LOOP('',(#1328,#1329,#1330,#1331));
#268=EDGE_LOOP('',(#1332,#1333,#1334,#1335));
#269=EDGE_LOOP('',(#1336,#1337,#1338,#1339));
#270=EDGE_LOOP('',(#1340,#1341,#1342,#1343,#1344,#1345,#1346,#1347));
#271=EDGE_LOOP('',(#1348,#1349,#1350,#1351));
#272=EDGE_LOOP('',(#1352));
#273=EDGE_LOOP('',(#1353,#1354,#1355,#1356));
#274=EDGE_LOOP('',(#1357,#1358,#1359,#1360));
#275=EDGE_LOOP('',(#1361,#1362,#1363,#1364));
#276=EDGE_LOOP('',(#1365,#1366,#1367,#1368));
#277=EDGE_LOOP('',(#1369,#1370,#1371,#1372));
#278=EDGE_LOOP('',(#1373,#1374,#1375,#1376));
#279=EDGE_LOOP('',(#1377,#1378,#1379,#1380));
#280=EDGE_LOOP('',(#1381,#1382,#1383,#1384));
#281=EDGE_LOOP('',(#1385,#1386,#1387,#1388));
#282=EDGE_LOOP('',(#1389,#1390,#1391,#1392));
#283=EDGE_LOOP('',(#1393,#1394,#1395,#1396));
#284=EDGE_LOOP('',(#1397,#1398,#1399,#1400));
#285=EDGE_LOOP('',(#1401,#1402,#1403,#1404));
#286=EDGE_LOOP('',(#1405,#1406,#1407,#1408));
#287=EDGE_LOOP('',(#1409,#1410,#1411,#1412));
#288=EDGE_LOOP('',(#1413,#1414,#1415,#1416));
#289=EDGE_LOOP('',(#1417,#1418,#1419,#1420,#1421,#1422));
#290=EDGE_LOOP('',(#1423));
#291=EDGE_LOOP('',(#1424));
#292=EDGE_LOOP('',(#1425));
#293=EDGE_LOOP('',(#1426));
#294=EDGE_LOOP('',(#1427));
#295=EDGE_LOOP('',(#1428,#1429,#1430,#1431,#1432,#1433,#1434,#1435,#1436,
#1437));
#296=EDGE_LOOP('',(#1438));
#297=EDGE_LOOP('',(#1439));
#298=EDGE_LOOP('',(#1440));
#299=EDGE_LOOP('',(#1441));
#300=EDGE_LOOP('',(#1442));
#301=EDGE_LOOP('',(#1443,#1444,#1445,#1446,#1447,#1448));
#302=EDGE_LOOP('',(#1449));
#303=EDGE_LOOP('',(#1450));
#304=EDGE_LOOP('',(#1451));
#305=EDGE_LOOP('',(#1452));
#306=EDGE_LOOP('',(#1453));
#307=EDGE_LOOP('',(#1454,#1455,#1456,#1457,#1458,#1459));
#308=EDGE_LOOP('',(#1460));
#309=EDGE_LOOP('',(#1461));
#310=EDGE_LOOP('',(#1462));
#311=EDGE_LOOP('',(#1463));
#312=EDGE_LOOP('',(#1464));
#313=EDGE_LOOP('',(#1465,#1466,#1467,#1468));
#314=EDGE_LOOP('',(#1469,#1470,#1471,#1472));
#315=EDGE_LOOP('',(#1473,#1474,#1475,#1476));
#316=EDGE_LOOP('',(#1477,#1478,#1479,#1480,#1481,#1482,#1483,#1484,#1485,
#1486,#1487,#1488));
#317=LINE('',#2169,#481);
#318=LINE('',#2177,#482);
#319=LINE('',#2181,#483);
#320=LINE('',#2183,#484);
#321=LINE('',#2185,#485);
#322=LINE('',#2186,#486);
#323=LINE('',#2189,#487);
#324=LINE('',#2191,#488);
#325=LINE('',#2192,#489);
#326=LINE('',#2195,#490);
#327=LINE('',#2197,#491);
#328=LINE('',#2198,#492);
#329=LINE('',#2200,#493);
#330=LINE('',#2203,#494);
#331=LINE('',#2205,#495);
#332=LINE('',#2207,#496);
#333=LINE('',#2209,#497);
#334=LINE('',#2211,#498);
#335=LINE('',#2213,#499);
#336=LINE('',#2215,#500);
#337=LINE('',#2217,#501);
#338=LINE('',#2218,#502);
#339=LINE('',#2221,#503);
#340=LINE('',#2223,#504);
#341=LINE('',#2225,#505);
#342=LINE('',#2227,#506);
#343=LINE('',#2229,#507);
#344=LINE('',#2231,#508);
#345=LINE('',#2232,#509);
#346=LINE('',#2236,#510);
#347=LINE('',#2238,#511);
#348=LINE('',#2240,#512);
#349=LINE('',#2241,#513);
#350=LINE('',#2247,#514);
#351=LINE('',#2250,#515);
#352=LINE('',#2252,#516);
#353=LINE('',#2253,#517);
#354=LINE('',#2255,#518);
#355=LINE('',#2256,#519);
#356=LINE('',#2259,#520);
#357=LINE('',#2261,#521);
#358=LINE('',#2262,#522);
#359=LINE('',#2265,#523);
#360=LINE('',#2266,#524);
#361=LINE('',#2269,#525);
#362=LINE('',#2270,#526);
#363=LINE('',#2272,#527);
#364=LINE('',#2277,#528);
#365=LINE('',#2283,#529);
#366=LINE('',#2289,#530);
#367=LINE('',#2295,#531);
#368=LINE('',#2299,#532);
#369=LINE('',#2301,#533);
#370=LINE('',#2302,#534);
#371=LINE('',#2306,#535);
#372=LINE('',#2308,#536);
#373=LINE('',#2310,#537);
#374=LINE('',#2311,#538);
#375=LINE('',#2315,#539);
#376=LINE('',#2316,#540);
#377=LINE('',#2317,#541);
#378=LINE('',#2321,#542);
#379=LINE('',#2323,#543);
#380=LINE('',#2325,#544);
#381=LINE('',#2326,#545);
#382=LINE('',#2331,#546);
#383=LINE('',#2337,#547);
#384=LINE('',#2343,#548);
#385=LINE('',#2349,#549);
#386=LINE('',#2355,#550);
#387=LINE('',#2361,#551);
#388=LINE('',#2364,#552);
#389=LINE('',#2366,#553);
#390=LINE('',#2367,#554);
#391=LINE('',#2369,#555);
#392=LINE('',#2370,#556);
#393=LINE('',#2372,#557);
#394=LINE('',#2373,#558);
#395=LINE('',#2376,#559);
#396=LINE('',#2377,#560);
#397=LINE('',#2378,#561);
#398=LINE('',#2380,#562);
#399=LINE('',#2388,#563);
#400=LINE('',#2396,#564);
#401=LINE('',#2400,#565);
#402=LINE('',#2402,#566);
#403=LINE('',#2404,#567);
#404=LINE('',#2405,#568);
#405=LINE('',#2408,#569);
#406=LINE('',#2410,#570);
#407=LINE('',#2411,#571);
#408=LINE('',#2414,#572);
#409=LINE('',#2416,#573);
#410=LINE('',#2417,#574);
#411=LINE('',#2419,#575);
#412=LINE('',#2422,#576);
#413=LINE('',#2424,#577);
#414=LINE('',#2426,#578);
#415=LINE('',#2428,#579);
#416=LINE('',#2430,#580);
#417=LINE('',#2432,#581);
#418=LINE('',#2434,#582);
#419=LINE('',#2436,#583);
#420=LINE('',#2437,#584);
#421=LINE('',#2440,#585);
#422=LINE('',#2442,#586);
#423=LINE('',#2444,#587);
#424=LINE('',#2446,#588);
#425=LINE('',#2448,#589);
#426=LINE('',#2450,#590);
#427=LINE('',#2451,#591);
#428=LINE('',#2455,#592);
#429=LINE('',#2457,#593);
#430=LINE('',#2459,#594);
#431=LINE('',#2460,#595);
#432=LINE('',#2466,#596);
#433=LINE('',#2469,#597);
#434=LINE('',#2471,#598);
#435=LINE('',#2472,#599);
#436=LINE('',#2474,#600);
#437=LINE('',#2475,#601);
#438=LINE('',#2478,#602);
#439=LINE('',#2480,#603);
#440=LINE('',#2481,#604);
#441=LINE('',#2484,#605);
#442=LINE('',#2485,#606);
#443=LINE('',#2488,#607);
#444=LINE('',#2489,#608);
#445=LINE('',#2491,#609);
#446=LINE('',#2496,#610);
#447=LINE('',#2502,#611);
#448=LINE('',#2508,#612);
#449=LINE('',#2514,#613);
#450=LINE('',#2518,#614);
#451=LINE('',#2520,#615);
#452=LINE('',#2521,#616);
#453=LINE('',#2525,#617);
#454=LINE('',#2527,#618);
#455=LINE('',#2529,#619);
#456=LINE('',#2530,#620);
#457=LINE('',#2534,#621);
#458=LINE('',#2535,#622);
#459=LINE('',#2536,#623);
#460=LINE('',#2540,#624);
#461=LINE('',#2542,#625);
#462=LINE('',#2544,#626);
#463=LINE('',#2545,#627);
#464=LINE('',#2550,#628);
#465=LINE('',#2556,#629);
#466=LINE('',#2562,#630);
#467=LINE('',#2568,#631);
#468=LINE('',#2574,#632);
#469=LINE('',#2580,#633);
#470=LINE('',#2583,#634);
#471=LINE('',#2585,#635);
#472=LINE('',#2586,#636);
#473=LINE('',#2588,#637);
#474=LINE('',#2589,#638);
#475=LINE('',#2591,#639);
#476=LINE('',#2592,#640);
#477=LINE('',#2595,#641);
#478=LINE('',#2596,#642);
#479=LINE('',#2597,#643);
#480=LINE('',#2599,#644);
#481=VECTOR('',#1744,6.26753797918983);
#482=VECTOR('',#1755,3.5);
#483=VECTOR('',#1758,10.);
#484=VECTOR('',#1759,10.);
#485=VECTOR('',#1760,10.);
#486=VECTOR('',#1761,10.);
#487=VECTOR('',#1764,10.);
#488=VECTOR('',#1765,10.);
#489=VECTOR('',#1766,10.);
#490=VECTOR('',#1769,10.);
#491=VECTOR('',#1770,10.);
#492=VECTOR('',#1771,10.);
#493=VECTOR('',#1774,10.);
#494=VECTOR('',#1777,10.);
#495=VECTOR('',#1778,10.);
#496=VECTOR('',#1779,10.);
#497=VECTOR('',#1780,10.);
#498=VECTOR('',#1781,10.);
#499=VECTOR('',#1782,10.);
#500=VECTOR('',#1783,10.);
#501=VECTOR('',#1784,10.);
#502=VECTOR('',#1785,10.);
#503=VECTOR('',#1788,10.);
#504=VECTOR('',#1789,10.);
#505=VECTOR('',#1790,10.);
#506=VECTOR('',#1791,10.);
#507=VECTOR('',#1792,10.);
#508=VECTOR('',#1793,10.);
#509=VECTOR('',#1794,10.);
#510=VECTOR('',#1797,10.);
#511=VECTOR('',#1798,10.);
#512=VECTOR('',#1799,10.);
#513=VECTOR('',#1800,10.);
#514=VECTOR('',#1805,10.);
#515=VECTOR('',#1808,10.);
#516=VECTOR('',#1811,10.);
#517=VECTOR('',#1812,10.);
#518=VECTOR('',#1815,10.);
#519=VECTOR('',#1816,10.);
#520=VECTOR('',#1819,10.);
#521=VECTOR('',#1820,10.);
#522=VECTOR('',#1821,10.);
#523=VECTOR('',#1824,10.);
#524=VECTOR('',#1825,10.);
#525=VECTOR('',#1828,10.);
#526=VECTOR('',#1829,10.);
#527=VECTOR('',#1832,10.);
#528=VECTOR('',#1837,1.75);
#529=VECTOR('',#1844,1.75);
#530=VECTOR('',#1851,1.75);
#531=VECTOR('',#1858,1.75);
#532=VECTOR('',#1863,10.);
#533=VECTOR('',#1864,10.);
#534=VECTOR('',#1865,10.);
#535=VECTOR('',#1868,10.);
#536=VECTOR('',#1869,10.);
#537=VECTOR('',#1870,10.);
#538=VECTOR('',#1871,10.);
#539=VECTOR('',#1874,10.);
#540=VECTOR('',#1875,10.);
#541=VECTOR('',#1876,10.);
#542=VECTOR('',#1879,10.);
#543=VECTOR('',#1880,10.);
#544=VECTOR('',#1881,10.);
#545=VECTOR('',#1882,10.);
#546=VECTOR('',#1887,1.75);
#547=VECTOR('',#1894,1.75);
#548=VECTOR('',#1901,6.00000000000001);
#549=VECTOR('',#1908,6.00000000000001);
#550=VECTOR('',#1915,1.75);
#551=VECTOR('',#1922,1.75);
#552=VECTOR('',#1927,10.);
#553=VECTOR('',#1928,10.);
#554=VECTOR('',#1929,10.);
#555=VECTOR('',#1932,10.);
#556=VECTOR('',#1933,10.);
#557=VECTOR('',#1936,10.);
#558=VECTOR('',#1937,10.);
#559=VECTOR('',#1940,10.);
#560=VECTOR('',#1941,10.);
#561=VECTOR('',#1942,10.);
#562=VECTOR('',#1945,10.);
#563=VECTOR('',#1956,6.26753797918983);
#564=VECTOR('',#1967,3.5);
#565=VECTOR('',#1970,10.);
#566=VECTOR('',#1971,10.);
#567=VECTOR('',#1972,10.);
#568=VECTOR('',#1973,10.);
#569=VECTOR('',#1976,10.);
#570=VECTOR('',#1977,10.);
#571=VECTOR('',#1978,10.);
#572=VECTOR('',#1981,10.);
#573=VECTOR('',#1982,10.);
#574=VECTOR('',#1983,10.);
#575=VECTOR('',#1986,10.);
#576=VECTOR('',#1989,10.);
#577=VECTOR('',#1990,10.);
#578=VECTOR('',#1991,10.);
#579=VECTOR('',#1992,10.);
#580=VECTOR('',#1993,10.);
#581=VECTOR('',#1994,10.);
#582=VECTOR('',#1995,10.);
#583=VECTOR('',#1996,10.);
#584=VECTOR('',#1997,10.);
#585=VECTOR('',#2000,10.);
#586=VECTOR('',#2001,10.);
#587=VECTOR('',#2002,10.);
#588=VECTOR('',#2003,10.);
#589=VECTOR('',#2004,10.);
#590=VECTOR('',#2005,10.);
#591=VECTOR('',#2006,10.);
#592=VECTOR('',#2009,10.);
#593=VECTOR('',#2010,10.);
#594=VECTOR('',#2011,10.);
#595=VECTOR('',#2012,10.);
#596=VECTOR('',#2017,10.);
#597=VECTOR('',#2020,10.);
#598=VECTOR('',#2023,10.);
#599=VECTOR('',#2024,10.);
#600=VECTOR('',#2027,10.);
#601=VECTOR('',#2028,10.);
#602=VECTOR('',#2031,10.);
#603=VECTOR('',#2032,10.);
#604=VECTOR('',#2033,10.);
#605=VECTOR('',#2036,10.);
#606=VECTOR('',#2037,10.);
#607=VECTOR('',#2040,10.);
#608=VECTOR('',#2041,10.);
#609=VECTOR('',#2044,10.);
#610=VECTOR('',#2049,1.75);
#611=VECTOR('',#2056,1.75);
#612=VECTOR('',#2063,1.75);
#613=VECTOR('',#2070,1.75);
#614=VECTOR('',#2075,10.);
#615=VECTOR('',#2076,10.);
#616=VECTOR('',#2077,10.);
#617=VECTOR('',#2080,10.);
#618=VECTOR('',#2081,10.);
#619=VECTOR('',#2082,10.);
#620=VECTOR('',#2083,10.);
#621=VECTOR('',#2086,10.);
#622=VECTOR('',#2087,10.);
#623=VECTOR('',#2088,10.);
#624=VECTOR('',#2091,10.);
#625=VECTOR('',#2092,10.);
#626=VECTOR('',#2093,10.);
#627=VECTOR('',#2094,10.);
#628=VECTOR('',#2099,1.75);
#629=VECTOR('',#2106,1.75);
#630=VECTOR('',#2113,6.00000000000001);
#631=VECTOR('',#2120,6.00000000000001);
#632=VECTOR('',#2127,1.75);
#633=VECTOR('',#2134,1.75);
#634=VECTOR('',#2139,10.);
#635=VECTOR('',#2140,10.);
#636=VECTOR('',#2141,10.);
#637=VECTOR('',#2144,10.);
#638=VECTOR('',#2145,10.);
#639=VECTOR('',#2148,10.);
#640=VECTOR('',#2149,10.);
#641=VECTOR('',#2152,10.);
#642=VECTOR('',#2153,10.);
#643=VECTOR('',#2154,10.);
#644=VECTOR('',#2157,10.);
#645=CIRCLE('',#1609,6.26753797918983);
#646=CIRCLE('',#1610,6.26753797918983);
#647=CIRCLE('',#1612,3.5);
#648=CIRCLE('',#1614,3.5);
#649=CIRCLE('',#1623,2.49999999999999);
#650=CIRCLE('',#1624,2.49999999999999);
#651=CIRCLE('',#1632,1.75);
#652=CIRCLE('',#1633,1.75);
#653=CIRCLE('',#1635,1.75);
#654=CIRCLE('',#1636,1.75);
#655=CIRCLE('',#1638,1.75);
#656=CIRCLE('',#1639,1.75);
#657=CIRCLE('',#1641,1.75);
#658=CIRCLE('',#1642,1.75);
#659=CIRCLE('',#1648,1.75);
#660=CIRCLE('',#1649,1.75);
#661=CIRCLE('',#1651,1.75);
#662=CIRCLE('',#1652,1.75);
#663=CIRCLE('',#1654,6.00000000000001);
#664=CIRCLE('',#1655,6.00000000000001);
#665=CIRCLE('',#1657,6.00000000000001);
#666=CIRCLE('',#1658,6.00000000000001);
#667=CIRCLE('',#1660,1.75);
#668=CIRCLE('',#1661,1.75);
#669=CIRCLE('',#1663,1.75);
#670=CIRCLE('',#1664,1.75);
#671=CIRCLE('',#1674,6.26753797918983);
#672=CIRCLE('',#1675,6.26753797918983);
#673=CIRCLE('',#1677,3.5);
#674=CIRCLE('',#1679,3.5);
#675=CIRCLE('',#1688,2.49999999999999);
#676=CIRCLE('',#1689,2.49999999999999);
#677=CIRCLE('',#1697,1.75);
#678=CIRCLE('',#1698,1.75);
#679=CIRCLE('',#1700,1.75);
#680=CIRCLE('',#1701,1.75);
#681=CIRCLE('',#1703,1.75);
#682=CIRCLE('',#1704,1.75);
#683=CIRCLE('',#1706,1.75);
#684=CIRCLE('',#1707,1.75);
#685=CIRCLE('',#1713,1.75);
#686=CIRCLE('',#1714,1.75);
#687=CIRCLE('',#1716,1.75);
#688=CIRCLE('',#1717,1.75);
#689=CIRCLE('',#1719,6.00000000000001);
#690=CIRCLE('',#1720,6.00000000000001);
#691=CIRCLE('',#1722,6.00000000000001);
#692=CIRCLE('',#1723,6.00000000000001);
#693=CIRCLE('',#1725,1.75);
#694=CIRCLE('',#1726,1.75);
#695=CIRCLE('',#1728,1.75);
#696=CIRCLE('',#1729,1.75);
#697=VERTEX_POINT('',#2166);
#698=VERTEX_POINT('',#2168);
#699=VERTEX_POINT('',#2172);
#700=VERTEX_POINT('',#2175);
#701=VERTEX_POINT('',#2179);
#702=VERTEX_POINT('',#2180);
#703=VERTEX_POINT('',#2182);
#704=VERTEX_POINT('',#2184);
#705=VERTEX_POINT('',#2188);
#706=VERTEX_POINT('',#2190);
#707=VERTEX_POINT('',#2194);
#708=VERTEX_POINT('',#2196);
#709=VERTEX_POINT('',#2202);
#710=VERTEX_POINT('',#2204);
#711=VERTEX_POINT('',#2206);
#712=VERTEX_POINT('',#2208);
#713=VERTEX_POINT('',#2210);
#714=VERTEX_POINT('',#2212);
#715=VERTEX_POINT('',#2214);
#716=VERTEX_POINT('',#2216);
#717=VERTEX_POINT('',#2220);
#718=VERTEX_POINT('',#2222);
#719=VERTEX_POINT('',#2224);
#720=VERTEX_POINT('',#2226);
#721=VERTEX_POINT('',#2228);
#722=VERTEX_POINT('',#2230);
#723=VERTEX_POINT('',#2234);
#724=VERTEX_POINT('',#2235);
#725=VERTEX_POINT('',#2237);
#726=VERTEX_POINT('',#2239);
#727=VERTEX_POINT('',#2243);
#728=VERTEX_POINT('',#2244);
#729=VERTEX_POINT('',#2246);
#730=VERTEX_POINT('',#2248);
#731=VERTEX_POINT('',#2258);
#732=VERTEX_POINT('',#2260);
#733=VERTEX_POINT('',#2264);
#734=VERTEX_POINT('',#2268);
#735=VERTEX_POINT('',#2274);
#736=VERTEX_POINT('',#2276);
#737=VERTEX_POINT('',#2280);
#738=VERTEX_POINT('',#2282);
#739=VERTEX_POINT('',#2286);
#740=VERTEX_POINT('',#2288);
#741=VERTEX_POINT('',#2292);
#742=VERTEX_POINT('',#2294);
#743=VERTEX_POINT('',#2298);
#744=VERTEX_POINT('',#2300);
#745=VERTEX_POINT('',#2304);
#746=VERTEX_POINT('',#2305);
#747=VERTEX_POINT('',#2307);
#748=VERTEX_POINT('',#2309);
#749=VERTEX_POINT('',#2313);
#750=VERTEX_POINT('',#2314);
#751=VERTEX_POINT('',#2319);
#752=VERTEX_POINT('',#2320);
#753=VERTEX_POINT('',#2322);
#754=VERTEX_POINT('',#2324);
#755=VERTEX_POINT('',#2328);
#756=VERTEX_POINT('',#2330);
#757=VERTEX_POINT('',#2334);
#758=VERTEX_POINT('',#2336);
#759=VERTEX_POINT('',#2340);
#760=VERTEX_POINT('',#2342);
#761=VERTEX_POINT('',#2346);
#762=VERTEX_POINT('',#2348);
#763=VERTEX_POINT('',#2352);
#764=VERTEX_POINT('',#2354);
#765=VERTEX_POINT('',#2358);
#766=VERTEX_POINT('',#2360);
#767=VERTEX_POINT('',#2365);
#768=VERTEX_POINT('',#2375);
#769=VERTEX_POINT('',#2385);
#770=VERTEX_POINT('',#2387);
#771=VERTEX_POINT('',#2391);
#772=VERTEX_POINT('',#2394);
#773=VERTEX_POINT('',#2398);
#774=VERTEX_POINT('',#2399);
#775=VERTEX_POINT('',#2401);
#776=VERTEX_POINT('',#2403);
#777=VERTEX_POINT('',#2407);
#778=VERTEX_POINT('',#2409);
#779=VERTEX_POINT('',#2413);
#780=VERTEX_POINT('',#2415);
#781=VERTEX_POINT('',#2421);
#782=VERTEX_POINT('',#2423);
#783=VERTEX_POINT('',#2425);
#784=VERTEX_POINT('',#2427);
#785=VERTEX_POINT('',#2429);
#786=VERTEX_POINT('',#2431);
#787=VERTEX_POINT('',#2433);
#788=VERTEX_POINT('',#2435);
#789=VERTEX_POINT('',#2439);
#790=VERTEX_POINT('',#2441);
#791=VERTEX_POINT('',#2443);
#792=VERTEX_POINT('',#2445);
#793=VERTEX_POINT('',#2447);
#794=VERTEX_POINT('',#2449);
#795=VERTEX_POINT('',#2453);
#796=VERTEX_POINT('',#2454);
#797=VERTEX_POINT('',#2456);
#798=VERTEX_POINT('',#2458);
#799=VERTEX_POINT('',#2462);
#800=VERTEX_POINT('',#2463);
#801=VERTEX_POINT('',#2465);
#802=VERTEX_POINT('',#2467);
#803=VERTEX_POINT('',#2477);
#804=VERTEX_POINT('',#2479);
#805=VERTEX_POINT('',#2483);
#806=VERTEX_POINT('',#2487);
#807=VERTEX_POINT('',#2493);
#808=VERTEX_POINT('',#2495);
#809=VERTEX_POINT('',#2499);
#810=VERTEX_POINT('',#2501);
#811=VERTEX_POINT('',#2505);
#812=VERTEX_POINT('',#2507);
#813=VERTEX_POINT('',#2511);
#814=VERTEX_POINT('',#2513);
#815=VERTEX_POINT('',#2517);
#816=VERTEX_POINT('',#2519);
#817=VERTEX_POINT('',#2523);
#818=VERTEX_POINT('',#2524);
#819=VERTEX_POINT('',#2526);
#820=VERTEX_POINT('',#2528);
#821=VERTEX_POINT('',#2532);
#822=VERTEX_POINT('',#2533);
#823=VERTEX_POINT('',#2538);
#824=VERTEX_POINT('',#2539);
#825=VERTEX_POINT('',#2541);
#826=VERTEX_POINT('',#2543);
#827=VERTEX_POINT('',#2547);
#828=VERTEX_POINT('',#2549);
#829=VERTEX_POINT('',#2553);
#830=VERTEX_POINT('',#2555);
#831=VERTEX_POINT('',#2559);
#832=VERTEX_POINT('',#2561);
#833=VERTEX_POINT('',#2565);
#834=VERTEX_POINT('',#2567);
#835=VERTEX_POINT('',#2571);
#836=VERTEX_POINT('',#2573);
#837=VERTEX_POINT('',#2577);
#838=VERTEX_POINT('',#2579);
#839=VERTEX_POINT('',#2584);
#840=VERTEX_POINT('',#2594);
#841=EDGE_CURVE('',#697,#697,#645,.T.);
#842=EDGE_CURVE('',#697,#698,#317,.T.);
#843=EDGE_CURVE('',#698,#698,#646,.T.);
#844=EDGE_CURVE('',#699,#699,#647,.T.);
#845=EDGE_CURVE('',#700,#700,#648,.T.);
#846=EDGE_CURVE('',#700,#699,#318,.T.);
#847=EDGE_CURVE('',#701,#702,#319,.T.);
#848=EDGE_CURVE('',#701,#703,#320,.T.);
#849=EDGE_CURVE('',#703,#704,#321,.T.);
#850=EDGE_CURVE('',#704,#702,#322,.T.);
#851=EDGE_CURVE('',#704,#705,#323,.T.);
#852=EDGE_CURVE('',#705,#706,#324,.T.);
#853=EDGE_CURVE('',#702,#706,#325,.T.);
#854=EDGE_CURVE('',#705,#707,#326,.T.);
#855=EDGE_CURVE('',#707,#708,#327,.T.);
#856=EDGE_CURVE('',#706,#708,#328,.T.);
#857=EDGE_CURVE('',#703,#707,#329,.T.);
#858=EDGE_CURVE('',#709,#701,#330,.T.);
#859=EDGE_CURVE('',#710,#709,#331,.T.);
#860=EDGE_CURVE('',#710,#711,#332,.T.);
#861=EDGE_CURVE('',#711,#712,#333,.T.);
#862=EDGE_CURVE('',#712,#713,#334,.T.);
#863=EDGE_CURVE('',#713,#714,#335,.T.);
#864=EDGE_CURVE('',#714,#715,#336,.T.);
#865=EDGE_CURVE('',#715,#716,#337,.T.);
#866=EDGE_CURVE('',#708,#716,#338,.T.);
#867=EDGE_CURVE('',#716,#717,#339,.T.);
#868=EDGE_CURVE('',#717,#718,#340,.T.);
#869=EDGE_CURVE('',#718,#719,#341,.T.);
#870=EDGE_CURVE('',#719,#720,#342,.T.);
#871=EDGE_CURVE('',#720,#721,#343,.T.);
#872=EDGE_CURVE('',#721,#722,#344,.T.);
#873=EDGE_CURVE('',#722,#709,#345,.T.);
#874=EDGE_CURVE('',#723,#724,#346,.T.);
#875=EDGE_CURVE('',#724,#725,#347,.T.);
#876=EDGE_CURVE('',#725,#726,#348,.T.);
#877=EDGE_CURVE('',#726,#723,#349,.T.);
#878=EDGE_CURVE('',#727,#728,#649,.T.);
#879=EDGE_CURVE('',#729,#727,#350,.T.);
#880=EDGE_CURVE('',#730,#729,#650,.T.);
#881=EDGE_CURVE('',#730,#728,#351,.T.);
#882=EDGE_CURVE('',#728,#714,#352,.T.);
#883=EDGE_CURVE('',#715,#730,#353,.T.);
#884=EDGE_CURVE('',#723,#727,#354,.T.);
#885=EDGE_CURVE('',#729,#726,#355,.T.);
#886=EDGE_CURVE('',#713,#731,#356,.T.);
#887=EDGE_CURVE('',#731,#732,#357,.T.);
#888=EDGE_CURVE('',#724,#732,#358,.T.);
#889=EDGE_CURVE('',#712,#733,#359,.T.);
#890=EDGE_CURVE('',#733,#731,#360,.T.);
#891=EDGE_CURVE('',#734,#711,#361,.T.);
#892=EDGE_CURVE('',#734,#733,#362,.T.);
#893=EDGE_CURVE('',#732,#734,#363,.T.);
#894=EDGE_CURVE('',#735,#735,#651,.T.);
#895=EDGE_CURVE('',#735,#736,#364,.T.);
#896=EDGE_CURVE('',#736,#736,#652,.T.);
#897=EDGE_CURVE('',#737,#737,#653,.T.);
#898=EDGE_CURVE('',#737,#738,#365,.T.);
#899=EDGE_CURVE('',#738,#738,#654,.T.);
#900=EDGE_CURVE('',#739,#739,#655,.T.);
#901=EDGE_CURVE('',#739,#740,#366,.T.);
#902=EDGE_CURVE('',#740,#740,#656,.T.);
#903=EDGE_CURVE('',#741,#741,#657,.T.);
#904=EDGE_CURVE('',#741,#742,#367,.T.);
#905=EDGE_CURVE('',#742,#742,#658,.T.);
#906=EDGE_CURVE('',#722,#743,#368,.T.);
#907=EDGE_CURVE('',#744,#721,#369,.T.);
#908=EDGE_CURVE('',#743,#744,#370,.T.);
#909=EDGE_CURVE('',#745,#746,#371,.T.);
#910=EDGE_CURVE('',#747,#745,#372,.T.);
#911=EDGE_CURVE('',#748,#747,#373,.T.);
#912=EDGE_CURVE('',#746,#748,#374,.T.);
#913=EDGE_CURVE('',#749,#750,#375,.T.);
#914=EDGE_CURVE('',#718,#749,#376,.T.);
#915=EDGE_CURVE('',#750,#717,#377,.T.);
#916=EDGE_CURVE('',#751,#752,#378,.T.);
#917=EDGE_CURVE('',#753,#751,#379,.T.);
#918=EDGE_CURVE('',#754,#753,#380,.T.);
#919=EDGE_CURVE('',#752,#754,#381,.T.);
#920=EDGE_CURVE('',#755,#755,#659,.T.);
#921=EDGE_CURVE('',#755,#756,#382,.T.);
#922=EDGE_CURVE('',#756,#756,#660,.T.);
#923=EDGE_CURVE('',#757,#757,#661,.T.);
#924=EDGE_CURVE('',#757,#758,#383,.T.);
#925=EDGE_CURVE('',#758,#758,#662,.T.);
#926=EDGE_CURVE('',#759,#759,#663,.T.);
#927=EDGE_CURVE('',#759,#760,#384,.T.);
#928=EDGE_CURVE('',#760,#760,#664,.T.);
#929=EDGE_CURVE('',#761,#761,#665,.T.);
#930=EDGE_CURVE('',#761,#762,#385,.T.);
#931=EDGE_CURVE('',#762,#762,#666,.T.);
#932=EDGE_CURVE('',#763,#763,#667,.T.);
#933=EDGE_CURVE('',#763,#764,#386,.T.);
#934=EDGE_CURVE('',#764,#764,#668,.T.);
#935=EDGE_CURVE('',#765,#765,#669,.T.);
#936=EDGE_CURVE('',#765,#766,#387,.T.);
#937=EDGE_CURVE('',#766,#766,#670,.T.);
#938=EDGE_CURVE('',#753,#749,#388,.T.);
#939=EDGE_CURVE('',#751,#767,#389,.T.);
#940=EDGE_CURVE('',#767,#719,#390,.T.);
#941=EDGE_CURVE('',#725,#752,#391,.T.);
#942=EDGE_CURVE('',#754,#750,#392,.T.);
#943=EDGE_CURVE('',#745,#743,#393,.T.);
#944=EDGE_CURVE('',#746,#710,#394,.T.);
#945=EDGE_CURVE('',#768,#720,#395,.T.);
#946=EDGE_CURVE('',#748,#768,#396,.T.);
#947=EDGE_CURVE('',#747,#744,#397,.T.);
#948=EDGE_CURVE('',#768,#767,#398,.T.);
#949=EDGE_CURVE('',#769,#769,#671,.T.);
#950=EDGE_CURVE('',#769,#770,#399,.T.);
#951=EDGE_CURVE('',#770,#770,#672,.T.);
#952=EDGE_CURVE('',#771,#771,#673,.T.);
#953=EDGE_CURVE('',#772,#772,#674,.T.);
#954=EDGE_CURVE('',#772,#771,#400,.T.);
#955=EDGE_CURVE('',#773,#774,#401,.T.);
#956=EDGE_CURVE('',#773,#775,#402,.T.);
#957=EDGE_CURVE('',#775,#776,#403,.T.);
#958=EDGE_CURVE('',#776,#774,#404,.T.);
#959=EDGE_CURVE('',#776,#777,#405,.T.);
#960=EDGE_CURVE('',#777,#778,#406,.T.);
#961=EDGE_CURVE('',#774,#778,#407,.T.);
#962=EDGE_CURVE('',#777,#779,#408,.T.);
#963=EDGE_CURVE('',#779,#780,#409,.T.);
#964=EDGE_CURVE('',#778,#780,#410,.T.);
#965=EDGE_CURVE('',#775,#779,#411,.T.);
#966=EDGE_CURVE('',#781,#773,#412,.T.);
#967=EDGE_CURVE('',#782,#781,#413,.T.);
#968=EDGE_CURVE('',#782,#783,#414,.T.);
#969=EDGE_CURVE('',#783,#784,#415,.T.);
#970=EDGE_CURVE('',#784,#785,#416,.T.);
#971=EDGE_CURVE('',#785,#786,#417,.T.);
#972=EDGE_CURVE('',#786,#787,#418,.T.);
#973=EDGE_CURVE('',#787,#788,#419,.T.);
#974=EDGE_CURVE('',#780,#788,#420,.T.);
#975=EDGE_CURVE('',#788,#789,#421,.T.);
#976=EDGE_CURVE('',#789,#790,#422,.T.);
#977=EDGE_CURVE('',#790,#791,#423,.T.);
#978=EDGE_CURVE('',#791,#792,#424,.T.);
#979=EDGE_CURVE('',#792,#793,#425,.T.);
#980=EDGE_CURVE('',#793,#794,#426,.T.);
#981=EDGE_CURVE('',#794,#781,#427,.T.);
#982=EDGE_CURVE('',#795,#796,#428,.T.);
#983=EDGE_CURVE('',#796,#797,#429,.T.);
#984=EDGE_CURVE('',#797,#798,#430,.T.);
#985=EDGE_CURVE('',#798,#795,#431,.T.);
#986=EDGE_CURVE('',#799,#800,#675,.T.);
#987=EDGE_CURVE('',#801,#799,#432,.T.);
#988=EDGE_CURVE('',#802,#801,#676,.T.);
#989=EDGE_CURVE('',#802,#800,#433,.T.);
#990=EDGE_CURVE('',#800,#786,#434,.T.);
#991=EDGE_CURVE('',#787,#802,#435,.T.);
#992=EDGE_CURVE('',#795,#799,#436,.T.);
#993=EDGE_CURVE('',#801,#798,#437,.T.);
#994=EDGE_CURVE('',#785,#803,#438,.T.);
#995=EDGE_CURVE('',#803,#804,#439,.T.);
#996=EDGE_CURVE('',#796,#804,#440,.T.);
#997=EDGE_CURVE('',#784,#805,#441,.T.);
#998=EDGE_CURVE('',#805,#803,#442,.T.);
#999=EDGE_CURVE('',#806,#783,#443,.T.);
#1000=EDGE_CURVE('',#806,#805,#444,.T.);
#1001=EDGE_CURVE('',#804,#806,#445,.T.);
#1002=EDGE_CURVE('',#807,#807,#677,.T.);
#1003=EDGE_CURVE('',#807,#808,#446,.T.);
#1004=EDGE_CURVE('',#808,#808,#678,.T.);
#1005=EDGE_CURVE('',#809,#809,#679,.T.);
#1006=EDGE_CURVE('',#809,#810,#447,.T.);
#1007=EDGE_CURVE('',#810,#810,#680,.T.);
#1008=EDGE_CURVE('',#811,#811,#681,.T.);
#1009=EDGE_CURVE('',#811,#812,#448,.T.);
#1010=EDGE_CURVE('',#812,#812,#682,.T.);
#1011=EDGE_CURVE('',#813,#813,#683,.T.);
#1012=EDGE_CURVE('',#813,#814,#449,.T.);
#1013=EDGE_CURVE('',#814,#814,#684,.T.);
#1014=EDGE_CURVE('',#794,#815,#450,.T.);
#1015=EDGE_CURVE('',#816,#793,#451,.T.);
#1016=EDGE_CURVE('',#815,#816,#452,.T.);
#1017=EDGE_CURVE('',#817,#818,#453,.T.);
#1018=EDGE_CURVE('',#819,#817,#454,.T.);
#1019=EDGE_CURVE('',#820,#819,#455,.T.);
#1020=EDGE_CURVE('',#818,#820,#456,.T.);
#1021=EDGE_CURVE('',#821,#822,#457,.T.);
#1022=EDGE_CURVE('',#790,#821,#458,.T.);
#1023=EDGE_CURVE('',#822,#789,#459,.T.);
#1024=EDGE_CURVE('',#823,#824,#460,.T.);
#1025=EDGE_CURVE('',#825,#823,#461,.T.);
#1026=EDGE_CURVE('',#826,#825,#462,.T.);
#1027=EDGE_CURVE('',#824,#826,#463,.T.);
#1028=EDGE_CURVE('',#827,#827,#685,.T.);
#1029=EDGE_CURVE('',#827,#828,#464,.T.);
#1030=EDGE_CURVE('',#828,#828,#686,.T.);
#1031=EDGE_CURVE('',#829,#829,#687,.T.);
#1032=EDGE_CURVE('',#829,#830,#465,.T.);
#1033=EDGE_CURVE('',#830,#830,#688,.T.);
#1034=EDGE_CURVE('',#831,#831,#689,.T.);
#1035=EDGE_CURVE('',#831,#832,#466,.T.);
#1036=EDGE_CURVE('',#832,#832,#690,.T.);
#1037=EDGE_CURVE('',#833,#833,#691,.T.);
#1038=EDGE_CURVE('',#833,#834,#467,.T.);
#1039=EDGE_CURVE('',#834,#834,#692,.T.);
#1040=EDGE_CURVE('',#835,#835,#693,.T.);
#1041=EDGE_CURVE('',#835,#836,#468,.T.);
#1042=EDGE_CURVE('',#836,#836,#694,.T.);
#1043=EDGE_CURVE('',#837,#837,#695,.T.);
#1044=EDGE_CURVE('',#837,#838,#469,.T.);
#1045=EDGE_CURVE('',#838,#838,#696,.T.);
#1046=EDGE_CURVE('',#825,#821,#470,.T.);
#1047=EDGE_CURVE('',#823,#839,#471,.T.);
#1048=EDGE_CURVE('',#839,#791,#472,.T.);
#1049=EDGE_CURVE('',#797,#824,#473,.T.);
#1050=EDGE_CURVE('',#826,#822,#474,.T.);
#1051=EDGE_CURVE('',#817,#815,#475,.T.);
#1052=EDGE_CURVE('',#818,#782,#476,.T.);
#1053=EDGE_CURVE('',#840,#792,#477,.T.);
#1054=EDGE_CURVE('',#820,#840,#478,.T.);
#1055=EDGE_CURVE('',#819,#816,#479,.T.);
#1056=EDGE_CURVE('',#840,#839,#480,.T.);
#1057=ORIENTED_EDGE('',*,*,#841,.F.);
#1058=ORIENTED_EDGE('',*,*,#842,.T.);
#1059=ORIENTED_EDGE('',*,*,#843,.T.);
#1060=ORIENTED_EDGE('',*,*,#842,.F.);
#1061=ORIENTED_EDGE('',*,*,#843,.F.);
#1062=ORIENTED_EDGE('',*,*,#844,.F.);
#1063=ORIENTED_EDGE('',*,*,#845,.F.);
#1064=ORIENTED_EDGE('',*,*,#846,.T.);
#1065=ORIENTED_EDGE('',*,*,#844,.T.);
#1066=ORIENTED_EDGE('',*,*,#846,.F.);
#1067=ORIENTED_EDGE('',*,*,#847,.F.);
#1068=ORIENTED_EDGE('',*,*,#848,.T.);
#1069=ORIENTED_EDGE('',*,*,#849,.T.);
#1070=ORIENTED_EDGE('',*,*,#850,.T.);
#1071=ORIENTED_EDGE('',*,*,#851,.T.);
#1072=ORIENTED_EDGE('',*,*,#852,.T.);
#1073=ORIENTED_EDGE('',*,*,#853,.F.);
#1074=ORIENTED_EDGE('',*,*,#850,.F.);
#1075=ORIENTED_EDGE('',*,*,#854,.T.);
#1076=ORIENTED_EDGE('',*,*,#855,.T.);
#1077=ORIENTED_EDGE('',*,*,#856,.F.);
#1078=ORIENTED_EDGE('',*,*,#852,.F.);
#1079=ORIENTED_EDGE('',*,*,#854,.F.);
#1080=ORIENTED_EDGE('',*,*,#851,.F.);
#1081=ORIENTED_EDGE('',*,*,#849,.F.);
#1082=ORIENTED_EDGE('',*,*,#857,.T.);
#1083=ORIENTED_EDGE('',*,*,#841,.T.);
#1084=ORIENTED_EDGE('',*,*,#855,.F.);
#1085=ORIENTED_EDGE('',*,*,#857,.F.);
#1086=ORIENTED_EDGE('',*,*,#848,.F.);
#1087=ORIENTED_EDGE('',*,*,#858,.F.);
#1088=ORIENTED_EDGE('',*,*,#859,.F.);
#1089=ORIENTED_EDGE('',*,*,#860,.T.);
#1090=ORIENTED_EDGE('',*,*,#861,.T.);
#1091=ORIENTED_EDGE('',*,*,#862,.T.);
#1092=ORIENTED_EDGE('',*,*,#863,.T.);
#1093=ORIENTED_EDGE('',*,*,#864,.T.);
#1094=ORIENTED_EDGE('',*,*,#865,.T.);
#1095=ORIENTED_EDGE('',*,*,#866,.F.);
#1096=ORIENTED_EDGE('',*,*,#847,.T.);
#1097=ORIENTED_EDGE('',*,*,#853,.T.);
#1098=ORIENTED_EDGE('',*,*,#856,.T.);
#1099=ORIENTED_EDGE('',*,*,#866,.T.);
#1100=ORIENTED_EDGE('',*,*,#867,.T.);
#1101=ORIENTED_EDGE('',*,*,#868,.T.);
#1102=ORIENTED_EDGE('',*,*,#869,.T.);
#1103=ORIENTED_EDGE('',*,*,#870,.T.);
#1104=ORIENTED_EDGE('',*,*,#871,.T.);
#1105=ORIENTED_EDGE('',*,*,#872,.T.);
#1106=ORIENTED_EDGE('',*,*,#873,.T.);
#1107=ORIENTED_EDGE('',*,*,#858,.T.);
#1108=ORIENTED_EDGE('',*,*,#874,.T.);
#1109=ORIENTED_EDGE('',*,*,#875,.T.);
#1110=ORIENTED_EDGE('',*,*,#876,.T.);
#1111=ORIENTED_EDGE('',*,*,#877,.T.);
#1112=ORIENTED_EDGE('',*,*,#878,.F.);
#1113=ORIENTED_EDGE('',*,*,#879,.F.);
#1114=ORIENTED_EDGE('',*,*,#880,.F.);
#1115=ORIENTED_EDGE('',*,*,#881,.T.);
#1116=ORIENTED_EDGE('',*,*,#882,.F.);
#1117=ORIENTED_EDGE('',*,*,#881,.F.);
#1118=ORIENTED_EDGE('',*,*,#883,.F.);
#1119=ORIENTED_EDGE('',*,*,#864,.F.);
#1120=ORIENTED_EDGE('',*,*,#884,.F.);
#1121=ORIENTED_EDGE('',*,*,#877,.F.);
#1122=ORIENTED_EDGE('',*,*,#885,.F.);
#1123=ORIENTED_EDGE('',*,*,#879,.T.);
#1124=ORIENTED_EDGE('',*,*,#884,.T.);
#1125=ORIENTED_EDGE('',*,*,#878,.T.);
#1126=ORIENTED_EDGE('',*,*,#882,.T.);
#1127=ORIENTED_EDGE('',*,*,#863,.F.);
#1128=ORIENTED_EDGE('',*,*,#886,.T.);
#1129=ORIENTED_EDGE('',*,*,#887,.T.);
#1130=ORIENTED_EDGE('',*,*,#888,.F.);
#1131=ORIENTED_EDGE('',*,*,#874,.F.);
#1132=ORIENTED_EDGE('',*,*,#862,.F.);
#1133=ORIENTED_EDGE('',*,*,#889,.T.);
#1134=ORIENTED_EDGE('',*,*,#890,.T.);
#1135=ORIENTED_EDGE('',*,*,#886,.F.);
#1136=ORIENTED_EDGE('',*,*,#845,.T.);
#1137=ORIENTED_EDGE('',*,*,#861,.F.);
#1138=ORIENTED_EDGE('',*,*,#891,.F.);
#1139=ORIENTED_EDGE('',*,*,#892,.T.);
#1140=ORIENTED_EDGE('',*,*,#889,.F.);
#1141=ORIENTED_EDGE('',*,*,#892,.F.);
#1142=ORIENTED_EDGE('',*,*,#893,.F.);
#1143=ORIENTED_EDGE('',*,*,#887,.F.);
#1144=ORIENTED_EDGE('',*,*,#890,.F.);
#1145=ORIENTED_EDGE('',*,*,#894,.F.);
#1146=ORIENTED_EDGE('',*,*,#895,.T.);
#1147=ORIENTED_EDGE('',*,*,#896,.F.);
#1148=ORIENTED_EDGE('',*,*,#895,.F.);
#1149=ORIENTED_EDGE('',*,*,#897,.F.);
#1150=ORIENTED_EDGE('',*,*,#898,.T.);
#1151=ORIENTED_EDGE('',*,*,#899,.F.);
#1152=ORIENTED_EDGE('',*,*,#898,.F.);
#1153=ORIENTED_EDGE('',*,*,#900,.F.);
#1154=ORIENTED_EDGE('',*,*,#901,.T.);
#1155=ORIENTED_EDGE('',*,*,#902,.F.);
#1156=ORIENTED_EDGE('',*,*,#901,.F.);
#1157=ORIENTED_EDGE('',*,*,#903,.F.);
#1158=ORIENTED_EDGE('',*,*,#904,.T.);
#1159=ORIENTED_EDGE('',*,*,#905,.F.);
#1160=ORIENTED_EDGE('',*,*,#904,.F.);
#1161=ORIENTED_EDGE('',*,*,#906,.F.);
#1162=ORIENTED_EDGE('',*,*,#872,.F.);
#1163=ORIENTED_EDGE('',*,*,#907,.F.);
#1164=ORIENTED_EDGE('',*,*,#908,.F.);
#1165=ORIENTED_EDGE('',*,*,#909,.F.);
#1166=ORIENTED_EDGE('',*,*,#910,.F.);
#1167=ORIENTED_EDGE('',*,*,#911,.F.);
#1168=ORIENTED_EDGE('',*,*,#912,.F.);
#1169=ORIENTED_EDGE('',*,*,#913,.F.);
#1170=ORIENTED_EDGE('',*,*,#914,.F.);
#1171=ORIENTED_EDGE('',*,*,#868,.F.);
#1172=ORIENTED_EDGE('',*,*,#915,.F.);
#1173=ORIENTED_EDGE('',*,*,#916,.F.);
#1174=ORIENTED_EDGE('',*,*,#917,.F.);
#1175=ORIENTED_EDGE('',*,*,#918,.F.);
#1176=ORIENTED_EDGE('',*,*,#919,.F.);
#1177=ORIENTED_EDGE('',*,*,#920,.F.);
#1178=ORIENTED_EDGE('',*,*,#921,.T.);
#1179=ORIENTED_EDGE('',*,*,#922,.F.);
#1180=ORIENTED_EDGE('',*,*,#921,.F.);
#1181=ORIENTED_EDGE('',*,*,#923,.F.);
#1182=ORIENTED_EDGE('',*,*,#924,.T.);
#1183=ORIENTED_EDGE('',*,*,#925,.F.);
#1184=ORIENTED_EDGE('',*,*,#924,.F.);
#1185=ORIENTED_EDGE('',*,*,#926,.F.);
#1186=ORIENTED_EDGE('',*,*,#927,.T.);
#1187=ORIENTED_EDGE('',*,*,#928,.F.);
#1188=ORIENTED_EDGE('',*,*,#927,.F.);
#1189=ORIENTED_EDGE('',*,*,#929,.F.);
#1190=ORIENTED_EDGE('',*,*,#930,.T.);
#1191=ORIENTED_EDGE('',*,*,#931,.F.);
#1192=ORIENTED_EDGE('',*,*,#930,.F.);
#1193=ORIENTED_EDGE('',*,*,#932,.F.);
#1194=ORIENTED_EDGE('',*,*,#933,.T.);
#1195=ORIENTED_EDGE('',*,*,#934,.F.);
#1196=ORIENTED_EDGE('',*,*,#933,.F.);
#1197=ORIENTED_EDGE('',*,*,#935,.F.);
#1198=ORIENTED_EDGE('',*,*,#936,.T.);
#1199=ORIENTED_EDGE('',*,*,#937,.F.);
#1200=ORIENTED_EDGE('',*,*,#936,.F.);
#1201=ORIENTED_EDGE('',*,*,#914,.T.);
#1202=ORIENTED_EDGE('',*,*,#938,.F.);
#1203=ORIENTED_EDGE('',*,*,#917,.T.);
#1204=ORIENTED_EDGE('',*,*,#939,.T.);
#1205=ORIENTED_EDGE('',*,*,#940,.T.);
#1206=ORIENTED_EDGE('',*,*,#869,.F.);
#1207=ORIENTED_EDGE('',*,*,#937,.T.);
#1208=ORIENTED_EDGE('',*,*,#931,.T.);
#1209=ORIENTED_EDGE('',*,*,#925,.T.);
#1210=ORIENTED_EDGE('',*,*,#905,.T.);
#1211=ORIENTED_EDGE('',*,*,#899,.T.);
#1212=ORIENTED_EDGE('',*,*,#885,.T.);
#1213=ORIENTED_EDGE('',*,*,#876,.F.);
#1214=ORIENTED_EDGE('',*,*,#941,.T.);
#1215=ORIENTED_EDGE('',*,*,#919,.T.);
#1216=ORIENTED_EDGE('',*,*,#942,.T.);
#1217=ORIENTED_EDGE('',*,*,#915,.T.);
#1218=ORIENTED_EDGE('',*,*,#867,.F.);
#1219=ORIENTED_EDGE('',*,*,#865,.F.);
#1220=ORIENTED_EDGE('',*,*,#883,.T.);
#1221=ORIENTED_EDGE('',*,*,#880,.T.);
#1222=ORIENTED_EDGE('',*,*,#935,.T.);
#1223=ORIENTED_EDGE('',*,*,#929,.T.);
#1224=ORIENTED_EDGE('',*,*,#923,.T.);
#1225=ORIENTED_EDGE('',*,*,#903,.T.);
#1226=ORIENTED_EDGE('',*,*,#897,.T.);
#1227=ORIENTED_EDGE('',*,*,#906,.T.);
#1228=ORIENTED_EDGE('',*,*,#943,.F.);
#1229=ORIENTED_EDGE('',*,*,#909,.T.);
#1230=ORIENTED_EDGE('',*,*,#944,.T.);
#1231=ORIENTED_EDGE('',*,*,#859,.T.);
#1232=ORIENTED_EDGE('',*,*,#873,.F.);
#1233=ORIENTED_EDGE('',*,*,#934,.T.);
#1234=ORIENTED_EDGE('',*,*,#928,.T.);
#1235=ORIENTED_EDGE('',*,*,#922,.T.);
#1236=ORIENTED_EDGE('',*,*,#902,.T.);
#1237=ORIENTED_EDGE('',*,*,#896,.T.);
#1238=ORIENTED_EDGE('',*,*,#907,.T.);
#1239=ORIENTED_EDGE('',*,*,#871,.F.);
#1240=ORIENTED_EDGE('',*,*,#945,.F.);
#1241=ORIENTED_EDGE('',*,*,#946,.F.);
#1242=ORIENTED_EDGE('',*,*,#911,.T.);
#1243=ORIENTED_EDGE('',*,*,#947,.T.);
#1244=ORIENTED_EDGE('',*,*,#932,.T.);
#1245=ORIENTED_EDGE('',*,*,#926,.T.);
#1246=ORIENTED_EDGE('',*,*,#920,.T.);
#1247=ORIENTED_EDGE('',*,*,#900,.T.);
#1248=ORIENTED_EDGE('',*,*,#894,.T.);
#1249=ORIENTED_EDGE('',*,*,#948,.F.);
#1250=ORIENTED_EDGE('',*,*,#945,.T.);
#1251=ORIENTED_EDGE('',*,*,#870,.F.);
#1252=ORIENTED_EDGE('',*,*,#940,.F.);
#1253=ORIENTED_EDGE('',*,*,#913,.T.);
#1254=ORIENTED_EDGE('',*,*,#942,.F.);
#1255=ORIENTED_EDGE('',*,*,#918,.T.);
#1256=ORIENTED_EDGE('',*,*,#938,.T.);
#1257=ORIENTED_EDGE('',*,*,#908,.T.);
#1258=ORIENTED_EDGE('',*,*,#947,.F.);
#1259=ORIENTED_EDGE('',*,*,#910,.T.);
#1260=ORIENTED_EDGE('',*,*,#943,.T.);
#1261=ORIENTED_EDGE('',*,*,#891,.T.);
#1262=ORIENTED_EDGE('',*,*,#860,.F.);
#1263=ORIENTED_EDGE('',*,*,#944,.F.);
#1264=ORIENTED_EDGE('',*,*,#912,.T.);
#1265=ORIENTED_EDGE('',*,*,#946,.T.);
#1266=ORIENTED_EDGE('',*,*,#948,.T.);
#1267=ORIENTED_EDGE('',*,*,#939,.F.);
#1268=ORIENTED_EDGE('',*,*,#916,.T.);
#1269=ORIENTED_EDGE('',*,*,#941,.F.);
#1270=ORIENTED_EDGE('',*,*,#875,.F.);
#1271=ORIENTED_EDGE('',*,*,#888,.T.);
#1272=ORIENTED_EDGE('',*,*,#893,.T.);
#1273=ORIENTED_EDGE('',*,*,#949,.F.);
#1274=ORIENTED_EDGE('',*,*,#950,.T.);
#1275=ORIENTED_EDGE('',*,*,#951,.T.);
#1276=ORIENTED_EDGE('',*,*,#950,.F.);
#1277=ORIENTED_EDGE('',*,*,#951,.F.);
#1278=ORIENTED_EDGE('',*,*,#952,.F.);
#1279=ORIENTED_EDGE('',*,*,#953,.F.);
#1280=ORIENTED_EDGE('',*,*,#954,.T.);
#1281=ORIENTED_EDGE('',*,*,#952,.T.);
#1282=ORIENTED_EDGE('',*,*,#954,.F.);
#1283=ORIENTED_EDGE('',*,*,#955,.F.);
#1284=ORIENTED_EDGE('',*,*,#956,.T.);
#1285=ORIENTED_EDGE('',*,*,#957,.T.);
#1286=ORIENTED_EDGE('',*,*,#958,.T.);
#1287=ORIENTED_EDGE('',*,*,#959,.T.);
#1288=ORIENTED_EDGE('',*,*,#960,.T.);
#1289=ORIENTED_EDGE('',*,*,#961,.F.);
#1290=ORIENTED_EDGE('',*,*,#958,.F.);
#1291=ORIENTED_EDGE('',*,*,#962,.T.);
#1292=ORIENTED_EDGE('',*,*,#963,.T.);
#1293=ORIENTED_EDGE('',*,*,#964,.F.);
#1294=ORIENTED_EDGE('',*,*,#960,.F.);
#1295=ORIENTED_EDGE('',*,*,#962,.F.);
#1296=ORIENTED_EDGE('',*,*,#959,.F.);
#1297=ORIENTED_EDGE('',*,*,#957,.F.);
#1298=ORIENTED_EDGE('',*,*,#965,.T.);
#1299=ORIENTED_EDGE('',*,*,#949,.T.);
#1300=ORIENTED_EDGE('',*,*,#963,.F.);
#1301=ORIENTED_EDGE('',*,*,#965,.F.);
#1302=ORIENTED_EDGE('',*,*,#956,.F.);
#1303=ORIENTED_EDGE('',*,*,#966,.F.);
#1304=ORIENTED_EDGE('',*,*,#967,.F.);
#1305=ORIENTED_EDGE('',*,*,#968,.T.);
#1306=ORIENTED_EDGE('',*,*,#969,.T.);
#1307=ORIENTED_EDGE('',*,*,#970,.T.);
#1308=ORIENTED_EDGE('',*,*,#971,.T.);
#1309=ORIENTED_EDGE('',*,*,#972,.T.);
#1310=ORIENTED_EDGE('',*,*,#973,.T.);
#1311=ORIENTED_EDGE('',*,*,#974,.F.);
#1312=ORIENTED_EDGE('',*,*,#955,.T.);
#1313=ORIENTED_EDGE('',*,*,#961,.T.);
#1314=ORIENTED_EDGE('',*,*,#964,.T.);
#1315=ORIENTED_EDGE('',*,*,#974,.T.);
#1316=ORIENTED_EDGE('',*,*,#975,.T.);
#1317=ORIENTED_EDGE('',*,*,#976,.T.);
#1318=ORIENTED_EDGE('',*,*,#977,.T.);
#1319=ORIENTED_EDGE('',*,*,#978,.T.);
#1320=ORIENTED_EDGE('',*,*,#979,.T.);
#1321=ORIENTED_EDGE('',*,*,#980,.T.);
#1322=ORIENTED_EDGE('',*,*,#981,.T.);
#1323=ORIENTED_EDGE('',*,*,#966,.T.);
#1324=ORIENTED_EDGE('',*,*,#982,.T.);
#1325=ORIENTED_EDGE('',*,*,#983,.T.);
#1326=ORIENTED_EDGE('',*,*,#984,.T.);
#1327=ORIENTED_EDGE('',*,*,#985,.T.);
#1328=ORIENTED_EDGE('',*,*,#986,.F.);
#1329=ORIENTED_EDGE('',*,*,#987,.F.);
#1330=ORIENTED_EDGE('',*,*,#988,.F.);
#1331=ORIENTED_EDGE('',*,*,#989,.T.);
#1332=ORIENTED_EDGE('',*,*,#990,.F.);
#1333=ORIENTED_EDGE('',*,*,#989,.F.);
#1334=ORIENTED_EDGE('',*,*,#991,.F.);
#1335=ORIENTED_EDGE('',*,*,#972,.F.);
#1336=ORIENTED_EDGE('',*,*,#992,.F.);
#1337=ORIENTED_EDGE('',*,*,#985,.F.);
#1338=ORIENTED_EDGE('',*,*,#993,.F.);
#1339=ORIENTED_EDGE('',*,*,#987,.T.);
#1340=ORIENTED_EDGE('',*,*,#992,.T.);
#1341=ORIENTED_EDGE('',*,*,#986,.T.);
#1342=ORIENTED_EDGE('',*,*,#990,.T.);
#1343=ORIENTED_EDGE('',*,*,#971,.F.);
#1344=ORIENTED_EDGE('',*,*,#994,.T.);
#1345=ORIENTED_EDGE('',*,*,#995,.T.);
#1346=ORIENTED_EDGE('',*,*,#996,.F.);
#1347=ORIENTED_EDGE('',*,*,#982,.F.);
#1348=ORIENTED_EDGE('',*,*,#970,.F.);
#1349=ORIENTED_EDGE('',*,*,#997,.T.);
#1350=ORIENTED_EDGE('',*,*,#998,.T.);
#1351=ORIENTED_EDGE('',*,*,#994,.F.);
#1352=ORIENTED_EDGE('',*,*,#953,.T.);
#1353=ORIENTED_EDGE('',*,*,#969,.F.);
#1354=ORIENTED_EDGE('',*,*,#999,.F.);
#1355=ORIENTED_EDGE('',*,*,#1000,.T.);
#1356=ORIENTED_EDGE('',*,*,#997,.F.);
#1357=ORIENTED_EDGE('',*,*,#1000,.F.);
#1358=ORIENTED_EDGE('',*,*,#1001,.F.);
#1359=ORIENTED_EDGE('',*,*,#995,.F.);
#1360=ORIENTED_EDGE('',*,*,#998,.F.);
#1361=ORIENTED_EDGE('',*,*,#1002,.F.);
#1362=ORIENTED_EDGE('',*,*,#1003,.T.);
#1363=ORIENTED_EDGE('',*,*,#1004,.F.);
#1364=ORIENTED_EDGE('',*,*,#1003,.F.);
#1365=ORIENTED_EDGE('',*,*,#1005,.F.);
#1366=ORIENTED_EDGE('',*,*,#1006,.T.);
#1367=ORIENTED_EDGE('',*,*,#1007,.F.);
#1368=ORIENTED_EDGE('',*,*,#1006,.F.);
#1369=ORIENTED_EDGE('',*,*,#1008,.F.);
#1370=ORIENTED_EDGE('',*,*,#1009,.T.);
#1371=ORIENTED_EDGE('',*,*,#1010,.F.);
#1372=ORIENTED_EDGE('',*,*,#1009,.F.);
#1373=ORIENTED_EDGE('',*,*,#1011,.F.);
#1374=ORIENTED_EDGE('',*,*,#1012,.T.);
#1375=ORIENTED_EDGE('',*,*,#1013,.F.);
#1376=ORIENTED_EDGE('',*,*,#1012,.F.);
#1377=ORIENTED_EDGE('',*,*,#1014,.F.);
#1378=ORIENTED_EDGE('',*,*,#980,.F.);
#1379=ORIENTED_EDGE('',*,*,#1015,.F.);
#1380=ORIENTED_EDGE('',*,*,#1016,.F.);
#1381=ORIENTED_EDGE('',*,*,#1017,.F.);
#1382=ORIENTED_EDGE('',*,*,#1018,.F.);
#1383=ORIENTED_EDGE('',*,*,#1019,.F.);
#1384=ORIENTED_EDGE('',*,*,#1020,.F.);
#1385=ORIENTED_EDGE('',*,*,#1021,.F.);
#1386=ORIENTED_EDGE('',*,*,#1022,.F.);
#1387=ORIENTED_EDGE('',*,*,#976,.F.);
#1388=ORIENTED_EDGE('',*,*,#1023,.F.);
#1389=ORIENTED_EDGE('',*,*,#1024,.F.);
#1390=ORIENTED_EDGE('',*,*,#1025,.F.);
#1391=ORIENTED_EDGE('',*,*,#1026,.F.);
#1392=ORIENTED_EDGE('',*,*,#1027,.F.);
#1393=ORIENTED_EDGE('',*,*,#1028,.F.);
#1394=ORIENTED_EDGE('',*,*,#1029,.T.);
#1395=ORIENTED_EDGE('',*,*,#1030,.F.);
#1396=ORIENTED_EDGE('',*,*,#1029,.F.);
#1397=ORIENTED_EDGE('',*,*,#1031,.F.);
#1398=ORIENTED_EDGE('',*,*,#1032,.T.);
#1399=ORIENTED_EDGE('',*,*,#1033,.F.);
#1400=ORIENTED_EDGE('',*,*,#1032,.F.);
#1401=ORIENTED_EDGE('',*,*,#1034,.F.);
#1402=ORIENTED_EDGE('',*,*,#1035,.T.);
#1403=ORIENTED_EDGE('',*,*,#1036,.F.);
#1404=ORIENTED_EDGE('',*,*,#1035,.F.);
#1405=ORIENTED_EDGE('',*,*,#1037,.F.);
#1406=ORIENTED_EDGE('',*,*,#1038,.T.);
#1407=ORIENTED_EDGE('',*,*,#1039,.F.);
#1408=ORIENTED_EDGE('',*,*,#1038,.F.);
#1409=ORIENTED_EDGE('',*,*,#1040,.F.);
#1410=ORIENTED_EDGE('',*,*,#1041,.T.);
#1411=ORIENTED_EDGE('',*,*,#1042,.F.);
#1412=ORIENTED_EDGE('',*,*,#1041,.F.);
#1413=ORIENTED_EDGE('',*,*,#1043,.F.);
#1414=ORIENTED_EDGE('',*,*,#1044,.T.);
#1415=ORIENTED_EDGE('',*,*,#1045,.F.);
#1416=ORIENTED_EDGE('',*,*,#1044,.F.);
#1417=ORIENTED_EDGE('',*,*,#1022,.T.);
#1418=ORIENTED_EDGE('',*,*,#1046,.F.);
#1419=ORIENTED_EDGE('',*,*,#1025,.T.);
#1420=ORIENTED_EDGE('',*,*,#1047,.T.);
#1421=ORIENTED_EDGE('',*,*,#1048,.T.);
#1422=ORIENTED_EDGE('',*,*,#977,.F.);
#1423=ORIENTED_EDGE('',*,*,#1045,.T.);
#1424=ORIENTED_EDGE('',*,*,#1039,.T.);
#1425=ORIENTED_EDGE('',*,*,#1033,.T.);
#1426=ORIENTED_EDGE('',*,*,#1013,.T.);
#1427=ORIENTED_EDGE('',*,*,#1007,.T.);
#1428=ORIENTED_EDGE('',*,*,#993,.T.);
#1429=ORIENTED_EDGE('',*,*,#984,.F.);
#1430=ORIENTED_EDGE('',*,*,#1049,.T.);
#1431=ORIENTED_EDGE('',*,*,#1027,.T.);
#1432=ORIENTED_EDGE('',*,*,#1050,.T.);
#1433=ORIENTED_EDGE('',*,*,#1023,.T.);
#1434=ORIENTED_EDGE('',*,*,#975,.F.);
#1435=ORIENTED_EDGE('',*,*,#973,.F.);
#1436=ORIENTED_EDGE('',*,*,#991,.T.);
#1437=ORIENTED_EDGE('',*,*,#988,.T.);
#1438=ORIENTED_EDGE('',*,*,#1043,.T.);
#1439=ORIENTED_EDGE('',*,*,#1037,.T.);
#1440=ORIENTED_EDGE('',*,*,#1031,.T.);
#1441=ORIENTED_EDGE('',*,*,#1011,.T.);
#1442=ORIENTED_EDGE('',*,*,#1005,.T.);
#1443=ORIENTED_EDGE('',*,*,#1014,.T.);
#1444=ORIENTED_EDGE('',*,*,#1051,.F.);
#1445=ORIENTED_EDGE('',*,*,#1017,.T.);
#1446=ORIENTED_EDGE('',*,*,#1052,.T.);
#1447=ORIENTED_EDGE('',*,*,#967,.T.);
#1448=ORIENTED_EDGE('',*,*,#981,.F.);
#1449=ORIENTED_EDGE('',*,*,#1042,.T.);
#1450=ORIENTED_EDGE('',*,*,#1036,.T.);
#1451=ORIENTED_EDGE('',*,*,#1030,.T.);
#1452=ORIENTED_EDGE('',*,*,#1010,.T.);
#1453=ORIENTED_EDGE('',*,*,#1004,.T.);
#1454=ORIENTED_EDGE('',*,*,#1015,.T.);
#1455=ORIENTED_EDGE('',*,*,#979,.F.);
#1456=ORIENTED_EDGE('',*,*,#1053,.F.);
#1457=ORIENTED_EDGE('',*,*,#1054,.F.);
#1458=ORIENTED_EDGE('',*,*,#1019,.T.);
#1459=ORIENTED_EDGE('',*,*,#1055,.T.);
#1460=ORIENTED_EDGE('',*,*,#1040,.T.);
#1461=ORIENTED_EDGE('',*,*,#1034,.T.);
#1462=ORIENTED_EDGE('',*,*,#1028,.T.);
#1463=ORIENTED_EDGE('',*,*,#1008,.T.);
#1464=ORIENTED_EDGE('',*,*,#1002,.T.);
#1465=ORIENTED_EDGE('',*,*,#1056,.F.);
#1466=ORIENTED_EDGE('',*,*,#1053,.T.);
#1467=ORIENTED_EDGE('',*,*,#978,.F.);
#1468=ORIENTED_EDGE('',*,*,#1048,.F.);
#1469=ORIENTED_EDGE('',*,*,#1021,.T.);
#1470=ORIENTED_EDGE('',*,*,#1050,.F.);
#1471=ORIENTED_EDGE('',*,*,#1026,.T.);
#1472=ORIENTED_EDGE('',*,*,#1046,.T.);
#1473=ORIENTED_EDGE('',*,*,#1016,.T.);
#1474=ORIENTED_EDGE('',*,*,#1055,.F.);
#1475=ORIENTED_EDGE('',*,*,#1018,.T.);
#1476=ORIENTED_EDGE('',*,*,#1051,.T.);
#1477=ORIENTED_EDGE('',*,*,#999,.T.);
#1478=ORIENTED_EDGE('',*,*,#968,.F.);
#1479=ORIENTED_EDGE('',*,*,#1052,.F.);
#1480=ORIENTED_EDGE('',*,*,#1020,.T.);
#1481=ORIENTED_EDGE('',*,*,#1054,.T.);
#1482=ORIENTED_EDGE('',*,*,#1056,.T.);
#1483=ORIENTED_EDGE('',*,*,#1047,.F.);
#1484=ORIENTED_EDGE('',*,*,#1024,.T.);
#1485=ORIENTED_EDGE('',*,*,#1049,.F.);
#1486=ORIENTED_EDGE('',*,*,#983,.F.);
#1487=ORIENTED_EDGE('',*,*,#996,.T.);
#1488=ORIENTED_EDGE('',*,*,#1001,.T.);
#1489=CYLINDRICAL_SURFACE('',#1608,6.26753797918983);
#1490=CYLINDRICAL_SURFACE('',#1613,3.5);
#1491=CYLINDRICAL_SURFACE('',#1622,2.49999999999999);
#1492=CYLINDRICAL_SURFACE('',#1631,1.75);
#1493=CYLINDRICAL_SURFACE('',#1634,1.75);
#1494=CYLINDRICAL_SURFACE('',#1637,1.75);
#1495=CYLINDRICAL_SURFACE('',#1640,1.75);
#1496=CYLINDRICAL_SURFACE('',#1647,1.75);
#1497=CYLINDRICAL_SURFACE('',#1650,1.75);
#1498=CYLINDRICAL_SURFACE('',#1653,6.00000000000001);
#1499=CYLINDRICAL_SURFACE('',#1656,6.00000000000001);
#1500=CYLINDRICAL_SURFACE('',#1659,1.75);
#1501=CYLINDRICAL_SURFACE('',#1662,1.75);
#1502=CYLINDRICAL_SURFACE('',#1673,6.26753797918983);
#1503=CYLINDRICAL_SURFACE('',#1678,3.5);
#1504=CYLINDRICAL_SURFACE('',#1687,2.49999999999999);
#1505=CYLINDRICAL_SURFACE('',#1696,1.75);
#1506=CYLINDRICAL_SURFACE('',#1699,1.75);
#1507=CYLINDRICAL_SURFACE('',#1702,1.75);
#1508=CYLINDRICAL_SURFACE('',#1705,1.75);
#1509=CYLINDRICAL_SURFACE('',#1712,1.75);
#1510=CYLINDRICAL_SURFACE('',#1715,1.75);
#1511=CYLINDRICAL_SURFACE('',#1718,6.00000000000001);
#1512=CYLINDRICAL_SURFACE('',#1721,6.00000000000001);
#1513=CYLINDRICAL_SURFACE('',#1724,1.75);
#1514=CYLINDRICAL_SURFACE('',#1727,1.75);
#1515=ADVANCED_FACE('',(#115),#1489,.F.);
#1516=ADVANCED_FACE('',(#116,#17),#63,.T.);
#1517=ADVANCED_FACE('',(#117),#1490,.F.);
#1518=ADVANCED_FACE('',(#118),#64,.T.);
#1519=ADVANCED_FACE('',(#119),#65,.T.);
#1520=ADVANCED_FACE('',(#120),#66,.T.);
#1521=ADVANCED_FACE('',(#121,#18),#67,.T.);
#1522=ADVANCED_FACE('',(#122),#68,.T.);
#1523=ADVANCED_FACE('',(#123),#69,.T.);
#1524=ADVANCED_FACE('',(#124),#70,.T.);
#1525=ADVANCED_FACE('',(#125),#1491,.F.);
#1526=ADVANCED_FACE('',(#126),#71,.F.);
#1527=ADVANCED_FACE('',(#127),#72,.F.);
#1528=ADVANCED_FACE('',(#128),#73,.F.);
#1529=ADVANCED_FACE('',(#129,#19),#74,.F.);
#1530=ADVANCED_FACE('',(#130),#75,.F.);
#1531=ADVANCED_FACE('',(#131),#76,.F.);
#1532=ADVANCED_FACE('',(#132),#1492,.F.);
#1533=ADVANCED_FACE('',(#133),#1493,.F.);
#1534=ADVANCED_FACE('',(#134),#1494,.F.);
#1535=ADVANCED_FACE('',(#135),#1495,.F.);
#1536=ADVANCED_FACE('',(#136),#77,.F.);
#1537=ADVANCED_FACE('',(#137),#78,.F.);
#1538=ADVANCED_FACE('',(#138),#79,.F.);
#1539=ADVANCED_FACE('',(#139),#80,.F.);
#1540=ADVANCED_FACE('',(#140),#1496,.F.);
#1541=ADVANCED_FACE('',(#141),#1497,.F.);
#1542=ADVANCED_FACE('',(#142),#1498,.F.);
#1543=ADVANCED_FACE('',(#143),#1499,.F.);
#1544=ADVANCED_FACE('',(#144),#1500,.F.);
#1545=ADVANCED_FACE('',(#145),#1501,.F.);
#1546=ADVANCED_FACE('',(#146,#20,#21,#22,#23,#24),#81,.T.);
#1547=ADVANCED_FACE('',(#147,#25,#26,#27,#28,#29),#82,.T.);
#1548=ADVANCED_FACE('',(#148,#30,#31,#32,#33,#34),#83,.T.);
#1549=ADVANCED_FACE('',(#149,#35,#36,#37,#38,#39),#84,.T.);
#1550=ADVANCED_FACE('',(#150),#85,.T.);
#1551=ADVANCED_FACE('',(#151),#86,.T.);
#1552=ADVANCED_FACE('',(#152),#87,.T.);
#1553=ADVANCED_FACE('',(#153),#88,.F.);
#1554=ADVANCED_FACE('',(#154),#1502,.F.);
#1555=ADVANCED_FACE('',(#155,#40),#89,.T.);
#1556=ADVANCED_FACE('',(#156),#1503,.F.);
#1557=ADVANCED_FACE('',(#157),#90,.T.);
#1558=ADVANCED_FACE('',(#158),#91,.T.);
#1559=ADVANCED_FACE('',(#159),#92,.T.);
#1560=ADVANCED_FACE('',(#160,#41),#93,.T.);
#1561=ADVANCED_FACE('',(#161),#94,.T.);
#1562=ADVANCED_FACE('',(#162),#95,.T.);
#1563=ADVANCED_FACE('',(#163),#96,.T.);
#1564=ADVANCED_FACE('',(#164),#1504,.F.);
#1565=ADVANCED_FACE('',(#165),#97,.F.);
#1566=ADVANCED_FACE('',(#166),#98,.F.);
#1567=ADVANCED_FACE('',(#167),#99,.F.);
#1568=ADVANCED_FACE('',(#168,#42),#100,.F.);
#1569=ADVANCED_FACE('',(#169),#101,.F.);
#1570=ADVANCED_FACE('',(#170),#102,.F.);
#1571=ADVANCED_FACE('',(#171),#1505,.F.);
#1572=ADVANCED_FACE('',(#172),#1506,.F.);
#1573=ADVANCED_FACE('',(#173),#1507,.F.);
#1574=ADVANCED_FACE('',(#174),#1508,.F.);
#1575=ADVANCED_FACE('',(#175),#103,.F.);
#1576=ADVANCED_FACE('',(#176),#104,.F.);
#1577=ADVANCED_FACE('',(#177),#105,.F.);
#1578=ADVANCED_FACE('',(#178),#106,.F.);
#1579=ADVANCED_FACE('',(#179),#1509,.F.);
#1580=ADVANCED_FACE('',(#180),#1510,.F.);
#1581=ADVANCED_FACE('',(#181),#1511,.F.);
#1582=ADVANCED_FACE('',(#182),#1512,.F.);
#1583=ADVANCED_FACE('',(#183),#1513,.F.);
#1584=ADVANCED_FACE('',(#184),#1514,.F.);
#1585=ADVANCED_FACE('',(#185,#43,#44,#45,#46,#47),#107,.T.);
#1586=ADVANCED_FACE('',(#186,#48,#49,#50,#51,#52),#108,.T.);
#1587=ADVANCED_FACE('',(#187,#53,#54,#55,#56,#57),#109,.T.);
#1588=ADVANCED_FACE('',(#188,#58,#59,#60,#61,#62),#110,.T.);
#1589=ADVANCED_FACE('',(#189),#111,.T.);
#1590=ADVANCED_FACE('',(#190),#112,.T.);
#1591=ADVANCED_FACE('',(#191),#113,.T.);
#1592=ADVANCED_FACE('',(#192),#114,.F.);
#1593=CLOSED_SHELL('',(#1515,#1516,#1517,#1518,#1519,#1520,#1521,#1522,
#1523,#1524,#1525,#1526,#1527,#1528,#1529,#1530,#1531,#1532,#1533,#1534,
#1535,#1536,#1537,#1538,#1539,#1540,#1541,#1542,#1543,#1544,#1545,#1546,
#1547,#1548,#1549,#1550,#1551,#1552,#1553));
#1594=CLOSED_SHELL('',(#1554,#1555,#1556,#1557,#1558,#1559,#1560,#1561,
#1562,#1563,#1564,#1565,#1566,#1567,#1568,#1569,#1570,#1571,#1572,#1573,
#1574,#1575,#1576,#1577,#1578,#1579,#1580,#1581,#1582,#1583,#1584,#1585,
#1586,#1587,#1588,#1589,#1590,#1591,#1592));
#1595=DERIVED_UNIT_ELEMENT(#1597,1.);
#1596=DERIVED_UNIT_ELEMENT(#2608,-3.);
#1597=(
MASS_UNIT()
NAMED_UNIT(*)
SI_UNIT(.KILO.,.GRAM.)
);
#1598=DERIVED_UNIT((#1595,#1596));
#1599=MEASURE_REPRESENTATION_ITEM('density measure',
POSITIVE_RATIO_MEASURE(7850.),#1598);
#1600=PROPERTY_DEFINITION_REPRESENTATION(#1605,#1602);
#1601=PROPERTY_DEFINITION_REPRESENTATION(#1606,#1603);
#1602=REPRESENTATION('material name',(#1604),#2605);
#1603=REPRESENTATION('density',(#1599),#2605);
#1604=DESCRIPTIVE_REPRESENTATION_ITEM('Steel','Steel');
#1605=PROPERTY_DEFINITION('material property','material name',#2615);
#1606=PROPERTY_DEFINITION('material property','density of part',#2615);
#1607=AXIS2_PLACEMENT_3D('',#2164,#1738,#1739);
#1608=AXIS2_PLACEMENT_3D('',#2165,#1740,#1741);
#1609=AXIS2_PLACEMENT_3D('',#2167,#1742,#1743);
#1610=AXIS2_PLACEMENT_3D('',#2170,#1745,#1746);
#1611=AXIS2_PLACEMENT_3D('',#2171,#1747,#1748);
#1612=AXIS2_PLACEMENT_3D('',#2173,#1749,#1750);
#1613=AXIS2_PLACEMENT_3D('',#2174,#1751,#1752);
#1614=AXIS2_PLACEMENT_3D('',#2176,#1753,#1754);
#1615=AXIS2_PLACEMENT_3D('',#2178,#1756,#1757);
#1616=AXIS2_PLACEMENT_3D('',#2187,#1762,#1763);
#1617=AXIS2_PLACEMENT_3D('',#2193,#1767,#1768);
#1618=AXIS2_PLACEMENT_3D('',#2199,#1772,#1773);
#1619=AXIS2_PLACEMENT_3D('',#2201,#1775,#1776);
#1620=AXIS2_PLACEMENT_3D('',#2219,#1786,#1787);
#1621=AXIS2_PLACEMENT_3D('',#2233,#1795,#1796);
#1622=AXIS2_PLACEMENT_3D('',#2242,#1801,#1802);
#1623=AXIS2_PLACEMENT_3D('',#2245,#1803,#1804);
#1624=AXIS2_PLACEMENT_3D('',#2249,#1806,#1807);
#1625=AXIS2_PLACEMENT_3D('',#2251,#1809,#1810);
#1626=AXIS2_PLACEMENT_3D('',#2254,#1813,#1814);
#1627=AXIS2_PLACEMENT_3D('',#2257,#1817,#1818);
#1628=AXIS2_PLACEMENT_3D('',#2263,#1822,#1823);
#1629=AXIS2_PLACEMENT_3D('',#2267,#1826,#1827);
#1630=AXIS2_PLACEMENT_3D('',#2271,#1830,#1831);
#1631=AXIS2_PLACEMENT_3D('',#2273,#1833,#1834);
#1632=AXIS2_PLACEMENT_3D('',#2275,#1835,#1836);
#1633=AXIS2_PLACEMENT_3D('',#2278,#1838,#1839);
#1634=AXIS2_PLACEMENT_3D('',#2279,#1840,#1841);
#1635=AXIS2_PLACEMENT_3D('',#2281,#1842,#1843);
#1636=AXIS2_PLACEMENT_3D('',#2284,#1845,#1846);
#1637=AXIS2_PLACEMENT_3D('',#2285,#1847,#1848);
#1638=AXIS2_PLACEMENT_3D('',#2287,#1849,#1850);
#1639=AXIS2_PLACEMENT_3D('',#2290,#1852,#1853);
#1640=AXIS2_PLACEMENT_3D('',#2291,#1854,#1855);
#1641=AXIS2_PLACEMENT_3D('',#2293,#1856,#1857);
#1642=AXIS2_PLACEMENT_3D('',#2296,#1859,#1860);
#1643=AXIS2_PLACEMENT_3D('',#2297,#1861,#1862);
#1644=AXIS2_PLACEMENT_3D('',#2303,#1866,#1867);
#1645=AXIS2_PLACEMENT_3D('',#2312,#1872,#1873);
#1646=AXIS2_PLACEMENT_3D('',#2318,#1877,#1878);
#1647=AXIS2_PLACEMENT_3D('',#2327,#1883,#1884);
#1648=AXIS2_PLACEMENT_3D('',#2329,#1885,#1886);
#1649=AXIS2_PLACEMENT_3D('',#2332,#1888,#1889);
#1650=AXIS2_PLACEMENT_3D('',#2333,#1890,#1891);
#1651=AXIS2_PLACEMENT_3D('',#2335,#1892,#1893);
#1652=AXIS2_PLACEMENT_3D('',#2338,#1895,#1896);
#1653=AXIS2_PLACEMENT_3D('',#2339,#1897,#1898);
#1654=AXIS2_PLACEMENT_3D('',#2341,#1899,#1900);
#1655=AXIS2_PLACEMENT_3D('',#2344,#1902,#1903);
#1656=AXIS2_PLACEMENT_3D('',#2345,#1904,#1905);
#1657=AXIS2_PLACEMENT_3D('',#2347,#1906,#1907);
#1658=AXIS2_PLACEMENT_3D('',#2350,#1909,#1910);
#1659=AXIS2_PLACEMENT_3D('',#2351,#1911,#1912);
#1660=AXIS2_PLACEMENT_3D('',#2353,#1913,#1914);
#1661=AXIS2_PLACEMENT_3D('',#2356,#1916,#1917);
#1662=AXIS2_PLACEMENT_3D('',#2357,#1918,#1919);
#1663=AXIS2_PLACEMENT_3D('',#2359,#1920,#1921);
#1664=AXIS2_PLACEMENT_3D('',#2362,#1923,#1924);
#1665=AXIS2_PLACEMENT_3D('',#2363,#1925,#1926);
#1666=AXIS2_PLACEMENT_3D('',#2368,#1930,#1931);
#1667=AXIS2_PLACEMENT_3D('',#2371,#1934,#1935);
#1668=AXIS2_PLACEMENT_3D('',#2374,#1938,#1939);
#1669=AXIS2_PLACEMENT_3D('',#2379,#1943,#1944);
#1670=AXIS2_PLACEMENT_3D('',#2381,#1946,#1947);
#1671=AXIS2_PLACEMENT_3D('',#2382,#1948,#1949);
#1672=AXIS2_PLACEMENT_3D('',#2383,#1950,#1951);
#1673=AXIS2_PLACEMENT_3D('',#2384,#1952,#1953);
#1674=AXIS2_PLACEMENT_3D('',#2386,#1954,#1955);
#1675=AXIS2_PLACEMENT_3D('',#2389,#1957,#1958);
#1676=AXIS2_PLACEMENT_3D('',#2390,#1959,#1960);
#1677=AXIS2_PLACEMENT_3D('',#2392,#1961,#1962);
#1678=AXIS2_PLACEMENT_3D('',#2393,#1963,#1964);
#1679=AXIS2_PLACEMENT_3D('',#2395,#1965,#1966);
#1680=AXIS2_PLACEMENT_3D('',#2397,#1968,#1969);
#1681=AXIS2_PLACEMENT_3D('',#2406,#1974,#1975);
#1682=AXIS2_PLACEMENT_3D('',#2412,#1979,#1980);
#1683=AXIS2_PLACEMENT_3D('',#2418,#1984,#1985);
#1684=AXIS2_PLACEMENT_3D('',#2420,#1987,#1988);
#1685=AXIS2_PLACEMENT_3D('',#2438,#1998,#1999);
#1686=AXIS2_PLACEMENT_3D('',#2452,#2007,#2008);
#1687=AXIS2_PLACEMENT_3D('',#2461,#2013,#2014);
#1688=AXIS2_PLACEMENT_3D('',#2464,#2015,#2016);
#1689=AXIS2_PLACEMENT_3D('',#2468,#2018,#2019);
#1690=AXIS2_PLACEMENT_3D('',#2470,#2021,#2022);
#1691=AXIS2_PLACEMENT_3D('',#2473,#2025,#2026);
#1692=AXIS2_PLACEMENT_3D('',#2476,#2029,#2030);
#1693=AXIS2_PLACEMENT_3D('',#2482,#2034,#2035);
#1694=AXIS2_PLACEMENT_3D('',#2486,#2038,#2039);
#1695=AXIS2_PLACEMENT_3D('',#2490,#2042,#2043);
#1696=AXIS2_PLACEMENT_3D('',#2492,#2045,#2046);
#1697=AXIS2_PLACEMENT_3D('',#2494,#2047,#2048);
#1698=AXIS2_PLACEMENT_3D('',#2497,#2050,#2051);
#1699=AXIS2_PLACEMENT_3D('',#2498,#2052,#2053);
#1700=AXIS2_PLACEMENT_3D('',#2500,#2054,#2055);
#1701=AXIS2_PLACEMENT_3D('',#2503,#2057,#2058);
#1702=AXIS2_PLACEMENT_3D('',#2504,#2059,#2060);
#1703=AXIS2_PLACEMENT_3D('',#2506,#2061,#2062);
#1704=AXIS2_PLACEMENT_3D('',#2509,#2064,#2065);
#1705=AXIS2_PLACEMENT_3D('',#2510,#2066,#2067);
#1706=AXIS2_PLACEMENT_3D('',#2512,#2068,#2069);
#1707=AXIS2_PLACEMENT_3D('',#2515,#2071,#2072);
#1708=AXIS2_PLACEMENT_3D('',#2516,#2073,#2074);
#1709=AXIS2_PLACEMENT_3D('',#2522,#2078,#2079);
#1710=AXIS2_PLACEMENT_3D('',#2531,#2084,#2085);
#1711=AXIS2_PLACEMENT_3D('',#2537,#2089,#2090);
#1712=AXIS2_PLACEMENT_3D('',#2546,#2095,#2096);
#1713=AXIS2_PLACEMENT_3D('',#2548,#2097,#2098);
#1714=AXIS2_PLACEMENT_3D('',#2551,#2100,#2101);
#1715=AXIS2_PLACEMENT_3D('',#2552,#2102,#2103);
#1716=AXIS2_PLACEMENT_3D('',#2554,#2104,#2105);
#1717=AXIS2_PLACEMENT_3D('',#2557,#2107,#2108);
#1718=AXIS2_PLACEMENT_3D('',#2558,#2109,#2110);
#1719=AXIS2_PLACEMENT_3D('',#2560,#2111,#2112);
#1720=AXIS2_PLACEMENT_3D('',#2563,#2114,#2115);
#1721=AXIS2_PLACEMENT_3D('',#2564,#2116,#2117);
#1722=AXIS2_PLACEMENT_3D('',#2566,#2118,#2119);
#1723=AXIS2_PLACEMENT_3D('',#2569,#2121,#2122);
#1724=AXIS2_PLACEMENT_3D('',#2570,#2123,#2124);
#1725=AXIS2_PLACEMENT_3D('',#2572,#2125,#2126);
#1726=AXIS2_PLACEMENT_3D('',#2575,#2128,#2129);
#1727=AXIS2_PLACEMENT_3D('',#2576,#2130,#2131);
#1728=AXIS2_PLACEMENT_3D('',#2578,#2132,#2133);
#1729=AXIS2_PLACEMENT_3D('',#2581,#2135,#2136);
#1730=AXIS2_PLACEMENT_3D('',#2582,#2137,#2138);
#1731=AXIS2_PLACEMENT_3D('',#2587,#2142,#2143);
#1732=AXIS2_PLACEMENT_3D('',#2590,#2146,#2147);
#1733=AXIS2_PLACEMENT_3D('',#2593,#2150,#2151);
#1734=AXIS2_PLACEMENT_3D('',#2598,#2155,#2156);
#1735=AXIS2_PLACEMENT_3D('',#2600,#2158,#2159);
#1736=AXIS2_PLACEMENT_3D('',#2601,#2160,#2161);
#1737=AXIS2_PLACEMENT_3D('',#2602,#2162,#2163);
#1738=DIRECTION('axis',(0.,0.,1.));
#1739=DIRECTION('refdir',(1.,0.,0.));
#1740=DIRECTION('center_axis',(-0.4226182617407,0.90630778703665,-3.88578058618805E-16));
#1741=DIRECTION('ref_axis',(0.90630778703665,0.4226182617407,-1.32853964544544E-16));
#1742=DIRECTION('center_axis',(-0.4226182617407,0.90630778703665,-3.88578058618805E-16));
#1743=DIRECTION('ref_axis',(0.90630778703665,0.4226182617407,-1.32853964544544E-16));
#1744=DIRECTION('',(-0.4226182617407,0.90630778703665,-3.88578058618805E-16));
#1745=DIRECTION('center_axis',(-0.4226182617407,0.90630778703665,-3.88578058618805E-16));
#1746=DIRECTION('ref_axis',(0.90630778703665,0.4226182617407,-1.32853964544544E-16));
#1747=DIRECTION('center_axis',(0.4226182617407,-0.90630778703665,3.88578058618805E-16));
#1748=DIRECTION('ref_axis',(0.90630778703665,0.4226182617407,-1.11022302462516E-16));
#1749=DIRECTION('center_axis',(0.4226182617407,-0.90630778703665,3.88578058618805E-16));
#1750=DIRECTION('ref_axis',(0.90630778703665,0.4226182617407,-7.93016446160827E-17));
#1751=DIRECTION('center_axis',(0.4226182617407,-0.90630778703665,3.88578058618805E-16));
#1752=DIRECTION('ref_axis',(0.90630778703665,0.4226182617407,-7.93016446160827E-17));
#1753=DIRECTION('center_axis',(0.4226182617407,-0.90630778703665,3.88578058618805E-16));
#1754=DIRECTION('ref_axis',(0.90630778703665,0.4226182617407,-7.93016446160827E-17));
#1755=DIRECTION('',(0.4226182617407,-0.90630778703665,3.88578058618805E-16));
#1756=DIRECTION('center_axis',(0.29883623873012,-0.640856382055788,0.707106781186548));
#1757=DIRECTION('ref_axis',(0.90630778703665,0.4226182617407,-1.11022302462516E-16));
#1758=DIRECTION('',(0.90630778703665,0.4226182617407,-1.11022302462516E-16));
#1759=DIRECTION('',(0.29883623873012,-0.640856382055789,-0.707106781186547));
#1760=DIRECTION('',(0.90630778703665,0.4226182617407,-1.11022302462516E-16));
#1761=DIRECTION('',(0.279258277633819,0.767255811994709,0.577350269189626));
#1762=DIRECTION('center_axis',(0.939692620785909,-0.342020143325668,2.74766180269661E-16));
#1763=DIRECTION('ref_axis',(0.342020143325668,0.939692620785909,-3.30277331500919E-16));
#1764=DIRECTION('',(5.55111512312578E-17,-3.88578058618805E-16,-1.));
#1765=DIRECTION('',(0.279258277633819,0.767255811994708,-0.577350269189626));
#1766=DIRECTION('',(5.55111512312578E-17,-3.88578058618805E-16,-1.));
#1767=DIRECTION('center_axis',(0.29883623873012,-0.640856382055789,-0.707106781186547));
#1768=DIRECTION('ref_axis',(0.90630778703665,0.4226182617407,-1.11022302462516E-16));
#1769=DIRECTION('',(-0.90630778703665,-0.4226182617407,1.11022302462516E-16));
#1770=DIRECTION('',(-0.29883623873012,0.640856382055788,-0.707106781186548));
#1771=DIRECTION('',(-0.90630778703665,-0.4226182617407,1.11022302462516E-16));
#1772=DIRECTION('center_axis',(0.4226182617407,-0.90630778703665,3.88578058618805E-16));
#1773=DIRECTION('ref_axis',(0.90630778703665,0.4226182617407,-1.11022302462516E-16));
#1774=DIRECTION('',(5.55111512312578E-17,-3.88578058618805E-16,-1.));
#1775=DIRECTION('center_axis',(-0.90630778703665,-0.4226182617407,1.11022302462516E-16));
#1776=DIRECTION('ref_axis',(5.55111512312578E-17,-3.88578058618805E-16,
-1.));
#1777=DIRECTION('',(5.55111512312578E-17,-3.88578058618805E-16,-1.));
#1778=DIRECTION('',(0.4226182617407,-0.90630778703665,3.88578058618805E-16));
#1779=DIRECTION('',(5.55111512312578E-17,-3.88578058618805E-16,-1.));
#1780=DIRECTION('',(0.4226182617407,-0.90630778703665,4.44089209850063E-16));
#1781=DIRECTION('',(5.55111512312578E-17,-3.88578058618805E-16,-1.));
#1782=DIRECTION('',(-0.4226182617407,0.90630778703665,-2.87415644022384E-16));
#1783=DIRECTION('',(5.55111512312578E-17,-3.88578058618805E-16,-1.));
#1784=DIRECTION('',(0.4226182617407,-0.90630778703665,3.88578058618805E-16));
#1785=DIRECTION('',(5.55111512312578E-17,-3.88578058618805E-16,-1.));
#1786=DIRECTION('center_axis',(0.4226182617407,-0.90630778703665,3.88578058618805E-16));
#1787=DIRECTION('ref_axis',(0.90630778703665,0.4226182617407,-1.11022302462516E-16));
#1788=DIRECTION('',(0.90630778703665,0.4226182617407,-1.11022302462516E-16));
#1789=DIRECTION('',(-5.55111512312578E-17,3.88578058618805E-16,1.));
#1790=DIRECTION('',(-0.90630778703665,-0.4226182617407,1.11022302462516E-16));
#1791=DIRECTION('',(-5.55111512312578E-17,3.88578058618805E-16,1.));
#1792=DIRECTION('',(0.90630778703665,0.4226182617407,-1.11022302462516E-16));
#1793=DIRECTION('',(-5.55111512312578E-17,3.88578058618805E-16,1.));
#1794=DIRECTION('',(-0.90630778703665,-0.4226182617407,1.11022302462516E-16));
#1795=DIRECTION('center_axis',(-0.90630778703665,-0.4226182617407,1.11022302462516E-16));
#1796=DIRECTION('ref_axis',(5.55111512312578E-17,-3.88578058618805E-16,
-1.));
#1797=DIRECTION('',(-0.4226182617407,0.90630778703665,-4.44089209850063E-16));
#1798=DIRECTION('',(5.55111512312578E-17,-3.88578058618805E-16,-1.));
#1799=DIRECTION('',(0.4226182617407,-0.90630778703665,3.88578058618805E-16));
#1800=DIRECTION('',(-5.55111512312578E-17,3.88578058618805E-16,1.));
#1801=DIRECTION('center_axis',(-5.55111512312578E-17,3.88578058618805E-16,
1.));
#1802=DIRECTION('ref_axis',(0.906307787036651,0.422618261740698,-1.66533453693773E-16));
#1803=DIRECTION('center_axis',(1.27580674210265E-17,-2.96893774514639E-16,
-1.));
#1804=DIRECTION('ref_axis',(0.906307787036651,0.422618261740698,-1.66533453693773E-16));
#1805=DIRECTION('',(-5.55111512312578E-17,3.88578058618805E-16,1.));
#1806=DIRECTION('center_axis',(-5.55111512312578E-17,3.88578058618805E-16,
1.));
#1807=DIRECTION('ref_axis',(0.906307787036651,0.422618261740698,-1.66533453693773E-16));
#1808=DIRECTION('',(-5.55111512312578E-17,3.88578058618805E-16,1.));
#1809=DIRECTION('center_axis',(0.4226182617407,-0.90630778703665,3.88578058618805E-16));
#1810=DIRECTION('ref_axis',(0.90630778703665,0.4226182617407,-1.11022302462516E-16));
#1811=DIRECTION('',(-0.90630778703665,-0.4226182617407,1.11022302462516E-16));
#1812=DIRECTION('',(0.90630778703665,0.4226182617407,-1.11022302462516E-16));
#1813=DIRECTION('center_axis',(-0.422618261740699,0.90630778703665,-3.88578058618805E-16));
#1814=DIRECTION('ref_axis',(-0.90630778703665,-0.422618261740699,1.11022302462516E-16));
#1815=DIRECTION('',(0.90630778703665,0.422618261740699,-1.11022302462516E-16));
#1816=DIRECTION('',(-0.90630778703665,-0.422618261740699,1.11022302462516E-16));
#1817=DIRECTION('center_axis',(1.27580674210265E-17,-2.96893774514639E-16,
-1.));
#1818=DIRECTION('ref_axis',(-0.4226182617407,0.90630778703665,-2.87415644022384E-16));
#1819=DIRECTION('',(0.90630778703665,0.4226182617407,-1.11022302462516E-16));
#1820=DIRECTION('',(-0.4226182617407,0.90630778703665,-4.44089209850063E-16));
#1821=DIRECTION('',(0.90630778703665,0.4226182617407,-1.11022302462516E-16));
#1822=DIRECTION('center_axis',(0.4226182617407,-0.90630778703665,3.88578058618805E-16));
#1823=DIRECTION('ref_axis',(5.55111512312578E-17,-3.88578058618805E-16,
-1.));
#1824=DIRECTION('',(0.90630778703665,0.4226182617407,-1.11022302462516E-16));
#1825=DIRECTION('',(5.55111512312578E-17,-3.88578058618805E-16,-1.));
#1826=DIRECTION('center_axis',(-5.55111512312578E-17,3.88578058618805E-16,
1.));
#1827=DIRECTION('ref_axis',(0.4226182617407,-0.90630778703665,3.88578058618805E-16));
#1828=DIRECTION('',(-0.90630778703665,-0.4226182617407,1.11022302462516E-16));
#1829=DIRECTION('',(0.4226182617407,-0.90630778703665,3.88578058618805E-16));
#1830=DIRECTION('center_axis',(0.90630778703665,0.4226182617407,-1.11022302462516E-16));
#1831=DIRECTION('ref_axis',(-0.4226182617407,0.90630778703665,-3.88578058618805E-16));
#1832=DIRECTION('',(-5.55111512312578E-17,3.88578058618805E-16,1.));
#1833=DIRECTION('center_axis',(-5.55111512312578E-17,3.88578058618805E-16,
1.));
#1834=DIRECTION('ref_axis',(0.90630778703665,0.4226182617407,-7.93016446160828E-17));
#1835=DIRECTION('center_axis',(-5.55111512312578E-17,3.88578058618805E-16,
1.));
#1836=DIRECTION('ref_axis',(0.90630778703665,0.4226182617407,-7.93016446160828E-17));
#1837=DIRECTION('',(-5.55111512312578E-17,3.88578058618805E-16,1.));
#1838=DIRECTION('center_axis',(5.55111512312578E-17,-3.88578058618805E-16,
-1.));
#1839=DIRECTION('ref_axis',(0.90630778703665,0.4226182617407,-7.93016446160828E-17));
#1840=DIRECTION('center_axis',(-5.55111512312578E-17,3.88578058618805E-16,
1.));
#1841=DIRECTION('ref_axis',(0.90630778703665,0.4226182617407,-7.93016446160828E-17));
#1842=DIRECTION('center_axis',(-5.55111512312578E-17,3.88578058618805E-16,
1.));
#1843=DIRECTION('ref_axis',(0.90630778703665,0.4226182617407,-7.93016446160828E-17));
#1844=DIRECTION('',(-5.55111512312578E-17,3.88578058618805E-16,1.));
#1845=DIRECTION('center_axis',(5.55111512312578E-17,-3.88578058618805E-16,
-1.));
#1846=DIRECTION('ref_axis',(0.90630778703665,0.4226182617407,-7.93016446160828E-17));
#1847=DIRECTION('center_axis',(-5.55111512312578E-17,3.88578058618805E-16,
1.));
#1848=DIRECTION('ref_axis',(0.90630778703665,0.4226182617407,-7.93016446160828E-17));
#1849=DIRECTION('center_axis',(-5.55111512312578E-17,3.88578058618805E-16,
1.));
#1850=DIRECTION('ref_axis',(0.90630778703665,0.4226182617407,-7.93016446160828E-17));
#1851=DIRECTION('',(-5.55111512312578E-17,3.88578058618805E-16,1.));
#1852=DIRECTION('center_axis',(5.55111512312578E-17,-3.88578058618805E-16,
-1.));
#1853=DIRECTION('ref_axis',(0.90630778703665,0.4226182617407,-7.93016446160828E-17));
#1854=DIRECTION('center_axis',(-5.55111512312578E-17,3.88578058618805E-16,
1.));
#1855=DIRECTION('ref_axis',(0.90630778703665,0.4226182617407,-7.93016446160828E-17));
#1856=DIRECTION('center_axis',(-5.55111512312578E-17,3.88578058618805E-16,
1.));
#1857=DIRECTION('ref_axis',(0.90630778703665,0.4226182617407,-7.93016446160828E-17));
#1858=DIRECTION('',(-5.55111512312578E-17,3.88578058618805E-16,1.));
#1859=DIRECTION('center_axis',(5.55111512312578E-17,-3.88578058618805E-16,
-1.));
#1860=DIRECTION('ref_axis',(0.90630778703665,0.4226182617407,-7.93016446160828E-17));
#1861=DIRECTION('center_axis',(-0.896175405016148,0.443699947536782,-2.75672910393721E-16));
#1862=DIRECTION('ref_axis',(-0.443699947536782,-0.896175405016148,2.98253940038738E-16));
#1863=DIRECTION('',(0.443699947536782,0.896175405016148,-2.98253940038738E-16));
#1864=DIRECTION('',(-0.443699947536782,-0.896175405016148,2.98253940038738E-16));
#1865=DIRECTION('',(5.55111512312578E-17,-3.88578058618805E-16,-1.));
#1866=DIRECTION('center_axis',(-0.236156567227462,-0.971715017767731,3.31184061624979E-16));
#1867=DIRECTION('ref_axis',(0.971715017767731,-0.236156567227462,1.87231637576222E-16));
#1868=DIRECTION('',(-0.971715017767731,0.236156567227462,-1.87231637576222E-16));
#1869=DIRECTION('',(-5.55111512312578E-17,3.88578058618805E-16,1.));
#1870=DIRECTION('',(0.971715017767731,-0.236156567227462,1.87231637576222E-16));
#1871=DIRECTION('',(5.55111512312578E-17,-3.88578058618805E-16,-1.));
#1872=DIRECTION('center_axis',(-0.896175405016148,0.443699947536782,-2.75672910393721E-16));
#1873=DIRECTION('ref_axis',(-0.443699947536782,-0.896175405016148,2.98253940038738E-16));
#1874=DIRECTION('',(5.55111512312578E-17,-3.88578058618805E-16,-1.));
#1875=DIRECTION('',(0.443699947536782,0.896175405016148,-2.98253940038738E-16));
#1876=DIRECTION('',(-0.443699947536782,-0.896175405016148,2.98253940038738E-16));
#1877=DIRECTION('center_axis',(-0.236156567227462,-0.971715017767731,3.31184061624979E-16));
#1878=DIRECTION('ref_axis',(0.971715017767731,-0.236156567227462,1.87231637576222E-16));
#1879=DIRECTION('',(5.55111512312578E-17,-3.88578058618805E-16,-1.));
#1880=DIRECTION('',(-0.971715017767731,0.236156567227462,-1.87231637576222E-16));
#1881=DIRECTION('',(-5.55111512312578E-17,3.88578058618805E-16,1.));
#1882=DIRECTION('',(0.971715017767731,-0.236156567227462,1.87231637576222E-16));
#1883=DIRECTION('center_axis',(-5.55111512312578E-17,3.88578058618805E-16,
1.));
#1884=DIRECTION('ref_axis',(0.90630778703665,0.4226182617407,-7.93016446160828E-17));
#1885=DIRECTION('center_axis',(-5.55111512312578E-17,3.88578058618805E-16,
1.));
#1886=DIRECTION('ref_axis',(0.90630778703665,0.4226182617407,-7.93016446160828E-17));
#1887=DIRECTION('',(-5.55111512312578E-17,3.88578058618805E-16,1.));
#1888=DIRECTION('center_axis',(5.55111512312578E-17,-3.88578058618805E-16,
-1.));
#1889=DIRECTION('ref_axis',(0.90630778703665,0.4226182617407,-7.93016446160828E-17));
#1890=DIRECTION('center_axis',(-5.55111512312578E-17,3.88578058618805E-16,
1.));
#1891=DIRECTION('ref_axis',(0.90630778703665,0.4226182617407,-7.93016446160828E-17));
#1892=DIRECTION('center_axis',(-5.55111512312578E-17,3.88578058618805E-16,
1.));
#1893=DIRECTION('ref_axis',(0.90630778703665,0.4226182617407,-7.93016446160828E-17));
#1894=DIRECTION('',(-5.55111512312578E-17,3.88578058618805E-16,1.));
#1895=DIRECTION('center_axis',(5.55111512312578E-17,-3.88578058618805E-16,
-1.));
#1896=DIRECTION('ref_axis',(0.90630778703665,0.4226182617407,-7.93016446160828E-17));
#1897=DIRECTION('center_axis',(-5.55111512312578E-17,3.88578058618805E-16,
1.));
#1898=DIRECTION('ref_axis',(0.90630778703665,0.4226182617407,-9.25185853854298E-17));
#1899=DIRECTION('center_axis',(-5.55111512312578E-17,3.88578058618805E-16,
1.));
#1900=DIRECTION('ref_axis',(0.90630778703665,0.4226182617407,-9.25185853854298E-17));
#1901=DIRECTION('',(-5.55111512312578E-17,3.88578058618805E-16,1.));
#1902=DIRECTION('center_axis',(5.55111512312578E-17,-3.88578058618805E-16,
-1.));
#1903=DIRECTION('ref_axis',(0.90630778703665,0.4226182617407,-9.25185853854298E-17));
#1904=DIRECTION('center_axis',(-5.55111512312578E-17,3.88578058618805E-16,
1.));
#1905=DIRECTION('ref_axis',(0.90630778703665,0.4226182617407,-9.25185853854298E-17));
#1906=DIRECTION('center_axis',(-5.55111512312578E-17,3.88578058618805E-16,
1.));
#1907=DIRECTION('ref_axis',(0.90630778703665,0.4226182617407,-9.25185853854298E-17));
#1908=DIRECTION('',(-5.55111512312578E-17,3.88578058618805E-16,1.));
#1909=DIRECTION('center_axis',(5.55111512312578E-17,-3.88578058618805E-16,
-1.));
#1910=DIRECTION('ref_axis',(0.90630778703665,0.4226182617407,-9.25185853854298E-17));
#1911=DIRECTION('center_axis',(-5.55111512312578E-17,3.88578058618805E-16,
1.));
#1912=DIRECTION('ref_axis',(0.90630778703665,0.4226182617407,-7.93016446160826E-17));
#1913=DIRECTION('center_axis',(-5.55111512312578E-17,3.88578058618805E-16,
1.));
#1914=DIRECTION('ref_axis',(0.90630778703665,0.4226182617407,-7.93016446160826E-17));
#1915=DIRECTION('',(-5.55111512312578E-17,3.88578058618805E-16,1.));
#1916=DIRECTION('center_axis',(5.55111512312578E-17,-3.88578058618805E-16,
-1.));
#1917=DIRECTION('ref_axis',(0.90630778703665,0.4226182617407,-7.93016446160826E-17));
#1918=DIRECTION('center_axis',(-5.55111512312578E-17,3.88578058618805E-16,
1.));
#1919=DIRECTION('ref_axis',(0.90630778703665,0.4226182617407,-7.93016446160826E-17));
#1920=DIRECTION('center_axis',(-5.55111512312578E-17,3.88578058618805E-16,
1.));
#1921=DIRECTION('ref_axis',(0.90630778703665,0.4226182617407,-7.93016446160826E-17));
#1922=DIRECTION('',(-5.55111512312578E-17,3.88578058618805E-16,1.));
#1923=DIRECTION('center_axis',(5.55111512312578E-17,-3.88578058618805E-16,
-1.));
#1924=DIRECTION('ref_axis',(0.90630778703665,0.4226182617407,-7.93016446160826E-17));
#1925=DIRECTION('center_axis',(-5.55111512312578E-17,3.88578058618805E-16,
1.));
#1926=DIRECTION('ref_axis',(-0.90630778703665,-0.4226182617407,1.11022302462516E-16));
#1927=DIRECTION('',(0.4226182617407,-0.90630778703665,3.88578058618805E-16));
#1928=DIRECTION('',(-0.90630778703665,-0.4226182617407,1.11022302462516E-16));
#1929=DIRECTION('',(0.4226182617407,-0.90630778703665,3.88578058618805E-16));
#1930=DIRECTION('center_axis',(5.55111512312578E-17,-3.88578058618805E-16,
-1.));
#1931=DIRECTION('ref_axis',(0.90630778703665,0.4226182617407,-1.11022302462516E-16));
#1932=DIRECTION('',(0.90630778703665,0.4226182617407,-1.11022302462516E-16));
#1933=DIRECTION('',(0.4226182617407,-0.90630778703665,3.88578058618805E-16));
#1934=DIRECTION('center_axis',(-5.55111512312578E-17,3.88578058618805E-16,
1.));
#1935=DIRECTION('ref_axis',(-0.90630778703665,-0.4226182617407,1.11022302462516E-16));
#1936=DIRECTION('',(0.4226182617407,-0.90630778703665,3.88578058618805E-16));
#1937=DIRECTION('',(-0.90630778703665,-0.4226182617407,1.11022302462516E-16));
#1938=DIRECTION('center_axis',(5.55111512312578E-17,-3.88578058618805E-16,
-1.));
#1939=DIRECTION('ref_axis',(0.90630778703665,0.4226182617407,-1.11022302462516E-16));
#1940=DIRECTION('',(0.4226182617407,-0.90630778703665,3.88578058618805E-16));
#1941=DIRECTION('',(-0.90630778703665,-0.4226182617407,1.11022302462516E-16));
#1942=DIRECTION('',(0.4226182617407,-0.90630778703665,3.88578058618805E-16));
#1943=DIRECTION('center_axis',(0.90630778703665,0.4226182617407,-1.11022302462516E-16));
#1944=DIRECTION('ref_axis',(-5.55111512312578E-17,3.88578058618805E-16,
1.));
#1945=DIRECTION('',(5.55111512312578E-17,-3.88578058618805E-16,-1.));
#1946=DIRECTION('center_axis',(0.90630778703665,0.4226182617407,-1.11022302462516E-16));
#1947=DIRECTION('ref_axis',(-5.55111512312578E-17,3.88578058618805E-16,
1.));
#1948=DIRECTION('center_axis',(0.90630778703665,0.4226182617407,-1.11022302462516E-16));
#1949=DIRECTION('ref_axis',(-5.55111512312578E-17,3.88578058618805E-16,
1.));
#1950=DIRECTION('center_axis',(0.4226182617407,-0.90630778703665,3.88578058618805E-16));
#1951=DIRECTION('ref_axis',(0.90630778703665,0.4226182617407,-1.11022302462516E-16));
#1952=DIRECTION('center_axis',(-0.4226182617407,0.90630778703665,-3.88578058618805E-16));
#1953=DIRECTION('ref_axis',(0.90630778703665,0.4226182617407,-1.32853964544544E-16));
#1954=DIRECTION('center_axis',(-0.4226182617407,0.90630778703665,-3.88578058618805E-16));
#1955=DIRECTION('ref_axis',(0.90630778703665,0.4226182617407,-1.32853964544544E-16));
#1956=DIRECTION('',(-0.4226182617407,0.90630778703665,-3.88578058618805E-16));
#1957=DIRECTION('center_axis',(-0.4226182617407,0.90630778703665,-3.88578058618805E-16));
#1958=DIRECTION('ref_axis',(0.90630778703665,0.4226182617407,-1.32853964544544E-16));
#1959=DIRECTION('center_axis',(0.4226182617407,-0.90630778703665,3.88578058618805E-16));
#1960=DIRECTION('ref_axis',(0.90630778703665,0.4226182617407,-1.11022302462516E-16));
#1961=DIRECTION('center_axis',(0.4226182617407,-0.90630778703665,3.88578058618805E-16));
#1962=DIRECTION('ref_axis',(0.90630778703665,0.4226182617407,-7.93016446160827E-17));
#1963=DIRECTION('center_axis',(0.4226182617407,-0.90630778703665,3.88578058618805E-16));
#1964=DIRECTION('ref_axis',(0.90630778703665,0.4226182617407,-7.93016446160827E-17));
#1965=DIRECTION('center_axis',(0.4226182617407,-0.90630778703665,3.88578058618805E-16));
#1966=DIRECTION('ref_axis',(0.90630778703665,0.4226182617407,-7.93016446160827E-17));
#1967=DIRECTION('',(0.4226182617407,-0.90630778703665,3.88578058618805E-16));
#1968=DIRECTION('center_axis',(0.29883623873012,-0.640856382055788,0.707106781186548));
#1969=DIRECTION('ref_axis',(0.90630778703665,0.4226182617407,-1.11022302462516E-16));
#1970=DIRECTION('',(0.90630778703665,0.4226182617407,-1.11022302462516E-16));
#1971=DIRECTION('',(0.29883623873012,-0.640856382055789,-0.707106781186547));
#1972=DIRECTION('',(0.90630778703665,0.4226182617407,-1.11022302462516E-16));
#1973=DIRECTION('',(0.279258277633819,0.767255811994709,0.577350269189626));
#1974=DIRECTION('center_axis',(0.939692620785909,-0.342020143325668,2.74766180269661E-16));
#1975=DIRECTION('ref_axis',(0.342020143325668,0.939692620785909,-3.30277331500919E-16));
#1976=DIRECTION('',(5.55111512312578E-17,-3.88578058618805E-16,-1.));
#1977=DIRECTION('',(0.279258277633819,0.767255811994708,-0.577350269189626));
#1978=DIRECTION('',(5.55111512312578E-17,-3.88578058618805E-16,-1.));
#1979=DIRECTION('center_axis',(0.29883623873012,-0.640856382055789,-0.707106781186547));
#1980=DIRECTION('ref_axis',(0.90630778703665,0.4226182617407,-1.11022302462516E-16));
#1981=DIRECTION('',(-0.90630778703665,-0.4226182617407,1.11022302462516E-16));
#1982=DIRECTION('',(-0.29883623873012,0.640856382055788,-0.707106781186548));
#1983=DIRECTION('',(-0.90630778703665,-0.4226182617407,1.11022302462516E-16));
#1984=DIRECTION('center_axis',(0.4226182617407,-0.90630778703665,3.88578058618805E-16));
#1985=DIRECTION('ref_axis',(0.90630778703665,0.4226182617407,-1.11022302462516E-16));
#1986=DIRECTION('',(5.55111512312578E-17,-3.88578058618805E-16,-1.));
#1987=DIRECTION('center_axis',(-0.90630778703665,-0.4226182617407,1.11022302462516E-16));
#1988=DIRECTION('ref_axis',(5.55111512312578E-17,-3.88578058618805E-16,
-1.));
#1989=DIRECTION('',(5.55111512312578E-17,-3.88578058618805E-16,-1.));
#1990=DIRECTION('',(0.4226182617407,-0.90630778703665,3.88578058618805E-16));
#1991=DIRECTION('',(5.55111512312578E-17,-3.88578058618805E-16,-1.));
#1992=DIRECTION('',(0.4226182617407,-0.90630778703665,4.44089209850063E-16));
#1993=DIRECTION('',(5.55111512312578E-17,-3.88578058618805E-16,-1.));
#1994=DIRECTION('',(-0.4226182617407,0.90630778703665,-2.87415644022384E-16));
#1995=DIRECTION('',(5.55111512312578E-17,-3.88578058618805E-16,-1.));
#1996=DIRECTION('',(0.4226182617407,-0.90630778703665,3.88578058618805E-16));
#1997=DIRECTION('',(5.55111512312578E-17,-3.88578058618805E-16,-1.));
#1998=DIRECTION('center_axis',(0.4226182617407,-0.90630778703665,3.88578058618805E-16));
#1999=DIRECTION('ref_axis',(0.90630778703665,0.4226182617407,-1.11022302462516E-16));
#2000=DIRECTION('',(0.90630778703665,0.4226182617407,-1.11022302462516E-16));
#2001=DIRECTION('',(-5.55111512312578E-17,3.88578058618805E-16,1.));
#2002=DIRECTION('',(-0.90630778703665,-0.4226182617407,1.11022302462516E-16));
#2003=DIRECTION('',(-5.55111512312578E-17,3.88578058618805E-16,1.));
#2004=DIRECTION('',(0.90630778703665,0.4226182617407,-1.11022302462516E-16));
#2005=DIRECTION('',(-5.55111512312578E-17,3.88578058618805E-16,1.));
#2006=DIRECTION('',(-0.90630778703665,-0.4226182617407,1.11022302462516E-16));
#2007=DIRECTION('center_axis',(-0.90630778703665,-0.4226182617407,1.11022302462516E-16));
#2008=DIRECTION('ref_axis',(5.55111512312578E-17,-3.88578058618805E-16,
-1.));
#2009=DIRECTION('',(-0.4226182617407,0.90630778703665,-4.44089209850063E-16));
#2010=DIRECTION('',(5.55111512312578E-17,-3.88578058618805E-16,-1.));
#2011=DIRECTION('',(0.4226182617407,-0.90630778703665,3.88578058618805E-16));
#2012=DIRECTION('',(-5.55111512312578E-17,3.88578058618805E-16,1.));
#2013=DIRECTION('center_axis',(-5.55111512312578E-17,3.88578058618805E-16,
1.));
#2014=DIRECTION('ref_axis',(0.906307787036651,0.422618261740698,-1.66533453693773E-16));
#2015=DIRECTION('center_axis',(1.27580674210265E-17,-2.96893774514639E-16,
-1.));
#2016=DIRECTION('ref_axis',(0.906307787036651,0.422618261740698,-1.66533453693773E-16));
#2017=DIRECTION('',(-5.55111512312578E-17,3.88578058618805E-16,1.));
#2018=DIRECTION('center_axis',(-5.55111512312578E-17,3.88578058618805E-16,
1.));
#2019=DIRECTION('ref_axis',(0.906307787036651,0.422618261740698,-1.66533453693773E-16));
#2020=DIRECTION('',(-5.55111512312578E-17,3.88578058618805E-16,1.));
#2021=DIRECTION('center_axis',(0.4226182617407,-0.90630778703665,3.88578058618805E-16));
#2022=DIRECTION('ref_axis',(0.90630778703665,0.4226182617407,-1.11022302462516E-16));
#2023=DIRECTION('',(-0.90630778703665,-0.4226182617407,1.11022302462516E-16));
#2024=DIRECTION('',(0.90630778703665,0.4226182617407,-1.11022302462516E-16));
#2025=DIRECTION('center_axis',(-0.422618261740699,0.90630778703665,-3.88578058618805E-16));
#2026=DIRECTION('ref_axis',(-0.90630778703665,-0.422618261740699,1.11022302462516E-16));
#2027=DIRECTION('',(0.90630778703665,0.422618261740699,-1.11022302462516E-16));
#2028=DIRECTION('',(-0.90630778703665,-0.422618261740699,1.11022302462516E-16));
#2029=DIRECTION('center_axis',(1.27580674210265E-17,-2.96893774514639E-16,
-1.));
#2030=DIRECTION('ref_axis',(-0.4226182617407,0.90630778703665,-2.87415644022384E-16));
#2031=DIRECTION('',(0.90630778703665,0.4226182617407,-1.11022302462516E-16));
#2032=DIRECTION('',(-0.4226182617407,0.90630778703665,-4.44089209850063E-16));
#2033=DIRECTION('',(0.90630778703665,0.4226182617407,-1.11022302462516E-16));
#2034=DIRECTION('center_axis',(0.4226182617407,-0.90630778703665,3.88578058618805E-16));
#2035=DIRECTION('ref_axis',(5.55111512312578E-17,-3.88578058618805E-16,
-1.));
#2036=DIRECTION('',(0.90630778703665,0.4226182617407,-1.11022302462516E-16));
#2037=DIRECTION('',(5.55111512312578E-17,-3.88578058618805E-16,-1.));
#2038=DIRECTION('center_axis',(-5.55111512312578E-17,3.88578058618805E-16,
1.));
#2039=DIRECTION('ref_axis',(0.4226182617407,-0.90630778703665,3.88578058618805E-16));
#2040=DIRECTION('',(-0.90630778703665,-0.4226182617407,1.11022302462516E-16));
#2041=DIRECTION('',(0.4226182617407,-0.90630778703665,3.88578058618805E-16));
#2042=DIRECTION('center_axis',(0.90630778703665,0.4226182617407,-1.11022302462516E-16));
#2043=DIRECTION('ref_axis',(-0.4226182617407,0.90630778703665,-3.88578058618805E-16));
#2044=DIRECTION('',(-5.55111512312578E-17,3.88578058618805E-16,1.));
#2045=DIRECTION('center_axis',(-5.55111512312578E-17,3.88578058618805E-16,
1.));
#2046=DIRECTION('ref_axis',(0.90630778703665,0.4226182617407,-7.93016446160828E-17));
#2047=DIRECTION('center_axis',(-5.55111512312578E-17,3.88578058618805E-16,
1.));
#2048=DIRECTION('ref_axis',(0.90630778703665,0.4226182617407,-7.93016446160828E-17));
#2049=DIRECTION('',(-5.55111512312578E-17,3.88578058618805E-16,1.));
#2050=DIRECTION('center_axis',(5.55111512312578E-17,-3.88578058618805E-16,
-1.));
#2051=DIRECTION('ref_axis',(0.90630778703665,0.4226182617407,-7.93016446160828E-17));
#2052=DIRECTION('center_axis',(-5.55111512312578E-17,3.88578058618805E-16,
1.));
#2053=DIRECTION('ref_axis',(0.90630778703665,0.4226182617407,-7.93016446160828E-17));
#2054=DIRECTION('center_axis',(-5.55111512312578E-17,3.88578058618805E-16,
1.));
#2055=DIRECTION('ref_axis',(0.90630778703665,0.4226182617407,-7.93016446160828E-17));
#2056=DIRECTION('',(-5.55111512312578E-17,3.88578058618805E-16,1.));
#2057=DIRECTION('center_axis',(5.55111512312578E-17,-3.88578058618805E-16,
-1.));
#2058=DIRECTION('ref_axis',(0.90630778703665,0.4226182617407,-7.93016446160828E-17));
#2059=DIRECTION('center_axis',(-5.55111512312578E-17,3.88578058618805E-16,
1.));
#2060=DIRECTION('ref_axis',(0.90630778703665,0.4226182617407,-7.93016446160828E-17));
#2061=DIRECTION('center_axis',(-5.55111512312578E-17,3.88578058618805E-16,
1.));
#2062=DIRECTION('ref_axis',(0.90630778703665,0.4226182617407,-7.93016446160828E-17));
#2063=DIRECTION('',(-5.55111512312578E-17,3.88578058618805E-16,1.));
#2064=DIRECTION('center_axis',(5.55111512312578E-17,-3.88578058618805E-16,
-1.));
#2065=DIRECTION('ref_axis',(0.90630778703665,0.4226182617407,-7.93016446160828E-17));
#2066=DIRECTION('center_axis',(-5.55111512312578E-17,3.88578058618805E-16,
1.));
#2067=DIRECTION('ref_axis',(0.90630778703665,0.4226182617407,-7.93016446160828E-17));
#2068=DIRECTION('center_axis',(-5.55111512312578E-17,3.88578058618805E-16,
1.));
#2069=DIRECTION('ref_axis',(0.90630778703665,0.4226182617407,-7.93016446160828E-17));
#2070=DIRECTION('',(-5.55111512312578E-17,3.88578058618805E-16,1.));
#2071=DIRECTION('center_axis',(5.55111512312578E-17,-3.88578058618805E-16,
-1.));
#2072=DIRECTION('ref_axis',(0.90630778703665,0.4226182617407,-7.93016446160828E-17));
#2073=DIRECTION('center_axis',(-0.896175405016148,0.443699947536782,-2.75672910393721E-16));
#2074=DIRECTION('ref_axis',(-0.443699947536782,-0.896175405016148,2.98253940038738E-16));
#2075=DIRECTION('',(0.443699947536782,0.896175405016148,-2.98253940038738E-16));
#2076=DIRECTION('',(-0.443699947536782,-0.896175405016148,2.98253940038738E-16));
#2077=DIRECTION('',(5.55111512312578E-17,-3.88578058618805E-16,-1.));
#2078=DIRECTION('center_axis',(-0.236156567227462,-0.971715017767731,3.31184061624979E-16));
#2079=DIRECTION('ref_axis',(0.971715017767731,-0.236156567227462,1.87231637576222E-16));
#2080=DIRECTION('',(-0.971715017767731,0.236156567227462,-1.87231637576222E-16));
#2081=DIRECTION('',(-5.55111512312578E-17,3.88578058618805E-16,1.));
#2082=DIRECTION('',(0.971715017767731,-0.236156567227462,1.87231637576222E-16));
#2083=DIRECTION('',(5.55111512312578E-17,-3.88578058618805E-16,-1.));
#2084=DIRECTION('center_axis',(-0.896175405016148,0.443699947536782,-2.75672910393721E-16));
#2085=DIRECTION('ref_axis',(-0.443699947536782,-0.896175405016148,2.98253940038738E-16));
#2086=DIRECTION('',(5.55111512312578E-17,-3.88578058618805E-16,-1.));
#2087=DIRECTION('',(0.443699947536782,0.896175405016148,-2.98253940038738E-16));
#2088=DIRECTION('',(-0.443699947536782,-0.896175405016148,2.98253940038738E-16));
#2089=DIRECTION('center_axis',(-0.236156567227462,-0.971715017767731,3.31184061624979E-16));
#2090=DIRECTION('ref_axis',(0.971715017767731,-0.236156567227462,1.87231637576222E-16));
#2091=DIRECTION('',(5.55111512312578E-17,-3.88578058618805E-16,-1.));
#2092=DIRECTION('',(-0.971715017767731,0.236156567227462,-1.87231637576222E-16));
#2093=DIRECTION('',(-5.55111512312578E-17,3.88578058618805E-16,1.));
#2094=DIRECTION('',(0.971715017767731,-0.236156567227462,1.87231637576222E-16));
#2095=DIRECTION('center_axis',(-5.55111512312578E-17,3.88578058618805E-16,
1.));
#2096=DIRECTION('ref_axis',(0.90630778703665,0.4226182617407,-7.93016446160828E-17));
#2097=DIRECTION('center_axis',(-5.55111512312578E-17,3.88578058618805E-16,
1.));
#2098=DIRECTION('ref_axis',(0.90630778703665,0.4226182617407,-7.93016446160828E-17));
#2099=DIRECTION('',(-5.55111512312578E-17,3.88578058618805E-16,1.));
#2100=DIRECTION('center_axis',(5.55111512312578E-17,-3.88578058618805E-16,
-1.));
#2101=DIRECTION('ref_axis',(0.90630778703665,0.4226182617407,-7.93016446160828E-17));
#2102=DIRECTION('center_axis',(-5.55111512312578E-17,3.88578058618805E-16,
1.));
#2103=DIRECTION('ref_axis',(0.90630778703665,0.4226182617407,-7.93016446160828E-17));
#2104=DIRECTION('center_axis',(-5.55111512312578E-17,3.88578058618805E-16,
1.));
#2105=DIRECTION('ref_axis',(0.90630778703665,0.4226182617407,-7.93016446160828E-17));
#2106=DIRECTION('',(-5.55111512312578E-17,3.88578058618805E-16,1.));
#2107=DIRECTION('center_axis',(5.55111512312578E-17,-3.88578058618805E-16,
-1.));
#2108=DIRECTION('ref_axis',(0.90630778703665,0.4226182617407,-7.93016446160828E-17));
#2109=DIRECTION('center_axis',(-5.55111512312578E-17,3.88578058618805E-16,
1.));
#2110=DIRECTION('ref_axis',(0.90630778703665,0.4226182617407,-9.25185853854298E-17));
#2111=DIRECTION('center_axis',(-5.55111512312578E-17,3.88578058618805E-16,
1.));
#2112=DIRECTION('ref_axis',(0.90630778703665,0.4226182617407,-9.25185853854298E-17));
#2113=DIRECTION('',(-5.55111512312578E-17,3.88578058618805E-16,1.));
#2114=DIRECTION('center_axis',(5.55111512312578E-17,-3.88578058618805E-16,
-1.));
#2115=DIRECTION('ref_axis',(0.90630778703665,0.4226182617407,-9.25185853854298E-17));
#2116=DIRECTION('center_axis',(-5.55111512312578E-17,3.88578058618805E-16,
1.));
#2117=DIRECTION('ref_axis',(0.90630778703665,0.4226182617407,-9.25185853854298E-17));
#2118=DIRECTION('center_axis',(-5.55111512312578E-17,3.88578058618805E-16,
1.));
#2119=DIRECTION('ref_axis',(0.90630778703665,0.4226182617407,-9.25185853854298E-17));
#2120=DIRECTION('',(-5.55111512312578E-17,3.88578058618805E-16,1.));
#2121=DIRECTION('center_axis',(5.55111512312578E-17,-3.88578058618805E-16,
-1.));
#2122=DIRECTION('ref_axis',(0.90630778703665,0.4226182617407,-9.25185853854298E-17));
#2123=DIRECTION('center_axis',(-5.55111512312578E-17,3.88578058618805E-16,
1.));
#2124=DIRECTION('ref_axis',(0.90630778703665,0.4226182617407,-7.93016446160826E-17));
#2125=DIRECTION('center_axis',(-5.55111512312578E-17,3.88578058618805E-16,
1.));
#2126=DIRECTION('ref_axis',(0.90630778703665,0.4226182617407,-7.93016446160826E-17));
#2127=DIRECTION('',(-5.55111512312578E-17,3.88578058618805E-16,1.));
#2128=DIRECTION('center_axis',(5.55111512312578E-17,-3.88578058618805E-16,
-1.));
#2129=DIRECTION('ref_axis',(0.90630778703665,0.4226182617407,-7.93016446160826E-17));
#2130=DIRECTION('center_axis',(-5.55111512312578E-17,3.88578058618805E-16,
1.));
#2131=DIRECTION('ref_axis',(0.90630778703665,0.4226182617407,-7.93016446160826E-17));
#2132=DIRECTION('center_axis',(-5.55111512312578E-17,3.88578058618805E-16,
1.));
#2133=DIRECTION('ref_axis',(0.90630778703665,0.4226182617407,-7.93016446160826E-17));
#2134=DIRECTION('',(-5.55111512312578E-17,3.88578058618805E-16,1.));
#2135=DIRECTION('center_axis',(5.55111512312578E-17,-3.88578058618805E-16,
-1.));
#2136=DIRECTION('ref_axis',(0.90630778703665,0.4226182617407,-7.93016446160826E-17));
#2137=DIRECTION('center_axis',(-5.55111512312578E-17,3.88578058618805E-16,
1.));
#2138=DIRECTION('ref_axis',(-0.90630778703665,-0.4226182617407,1.11022302462516E-16));
#2139=DIRECTION('',(0.4226182617407,-0.90630778703665,3.88578058618805E-16));
#2140=DIRECTION('',(-0.90630778703665,-0.4226182617407,1.11022302462516E-16));
#2141=DIRECTION('',(0.4226182617407,-0.90630778703665,3.88578058618805E-16));
#2142=DIRECTION('center_axis',(5.55111512312578E-17,-3.88578058618805E-16,
-1.));
#2143=DIRECTION('ref_axis',(0.90630778703665,0.4226182617407,-1.11022302462516E-16));
#2144=DIRECTION('',(0.90630778703665,0.4226182617407,-1.11022302462516E-16));
#2145=DIRECTION('',(0.4226182617407,-0.90630778703665,3.88578058618805E-16));
#2146=DIRECTION('center_axis',(-5.55111512312578E-17,3.88578058618805E-16,
1.));
#2147=DIRECTION('ref_axis',(-0.90630778703665,-0.4226182617407,1.11022302462516E-16));
#2148=DIRECTION('',(0.4226182617407,-0.90630778703665,3.88578058618805E-16));
#2149=DIRECTION('',(-0.90630778703665,-0.4226182617407,1.11022302462516E-16));
#2150=DIRECTION('center_axis',(5.55111512312578E-17,-3.88578058618805E-16,
-1.));
#2151=DIRECTION('ref_axis',(0.90630778703665,0.4226182617407,-1.11022302462516E-16));
#2152=DIRECTION('',(0.4226182617407,-0.90630778703665,3.88578058618805E-16));
#2153=DIRECTION('',(-0.90630778703665,-0.4226182617407,1.11022302462516E-16));
#2154=DIRECTION('',(0.4226182617407,-0.90630778703665,3.88578058618805E-16));
#2155=DIRECTION('center_axis',(0.90630778703665,0.4226182617407,-1.11022302462516E-16));
#2156=DIRECTION('ref_axis',(-5.55111512312578E-17,3.88578058618805E-16,
1.));
#2157=DIRECTION('',(5.55111512312578E-17,-3.88578058618805E-16,-1.));
#2158=DIRECTION('center_axis',(0.90630778703665,0.4226182617407,-1.11022302462516E-16));
#2159=DIRECTION('ref_axis',(-5.55111512312578E-17,3.88578058618805E-16,
1.));
#2160=DIRECTION('center_axis',(0.90630778703665,0.4226182617407,-1.11022302462516E-16));
#2161=DIRECTION('ref_axis',(-5.55111512312578E-17,3.88578058618805E-16,
1.));
#2162=DIRECTION('center_axis',(0.4226182617407,-0.90630778703665,3.88578058618805E-16));
#2163=DIRECTION('ref_axis',(0.90630778703665,0.4226182617407,-1.11022302462516E-16));
#2164=CARTESIAN_POINT('',(0.,0.,0.));
#2165=CARTESIAN_POINT('Origin',(-18.4369304411337,2.43649733205324,11.7470741584965));
#2166=CARTESIAN_POINT('',(-24.1172489172214,-0.212278674105779,11.7470741584965));
#2167=CARTESIAN_POINT('Origin',(-18.4369304411337,2.43649733205324,11.7470741584965));
#2168=CARTESIAN_POINT('',(-26.2303402259249,4.31926026107747,11.7470741584965));
#2169=CARTESIAN_POINT('',(-24.1172489172214,-0.212278674105781,11.7470741584965));
#2170=CARTESIAN_POINT('Origin',(-20.5500217498372,6.96803626723649,11.7470741584965));
#2171=CARTESIAN_POINT('Origin',(-20.5500217498372,6.96803626723649,11.7470741584965));
#2172=CARTESIAN_POINT('',(-23.8881843835644,5.41142546696265,11.6905174924453));
#2173=CARTESIAN_POINT('Origin',(-20.7161071289361,6.8905893830551,11.6905174924453));
#2174=CARTESIAN_POINT('Origin',(-33.3946549811571,34.0798229941546,11.6905174924453));
#2175=CARTESIAN_POINT('',(-25.5333082480639,8.93940497947726,11.6905174924453));
#2176=CARTESIAN_POINT('Origin',(-22.3612309934356,10.4185688955697,11.6905174924453));
#2177=CARTESIAN_POINT('',(-36.5667322357854,32.6006590780622,11.6905174924453));
#2178=CARTESIAN_POINT('Origin',(-11.0928918837121,8.61952355057075,37.5));
#2179=CARTESIAN_POINT('',(-28.9969686020267,3.02916026203226,40.));
#2180=CARTESIAN_POINT('',(-6.53359385007628,13.5040039368724,40.));
#2181=CARTESIAN_POINT('',(-5.30354915429758,14.077583198387,40.));
#2182=CARTESIAN_POINT('',(-26.8838772933232,-1.50237867315099,35.));
#2183=CARTESIAN_POINT('',(-32.6948783922579,10.9593533986029,48.75));
#2184=CARTESIAN_POINT('',(-8.95204147655603,6.85937369298566,35.));
#2185=CARTESIAN_POINT('',(-10.0363462293604,6.35375408297912,35.));
#2186=CARTESIAN_POINT('',(-8.95204147655603,6.85937369298566,35.));
#2187=CARTESIAN_POINT('Origin',(-7.74281766331615,10.181688814929,8.88862453029413));
#2188=CARTESIAN_POINT('',(-8.95204147655602,6.85937369298565,3.51816604039216));
#2189=CARTESIAN_POINT('',(-8.95204147655603,6.85937369298565,8.88862453029413));
#2190=CARTESIAN_POINT('',(-6.53359385007627,13.5040039368724,-1.48183395960784));
#2191=CARTESIAN_POINT('',(-8.95204147655602,6.85937369298565,3.51816604039216));
#2192=CARTESIAN_POINT('',(-6.53359385007627,13.5040039368724,9.25908302019607));
#2193=CARTESIAN_POINT('Origin',(-22.3245792596874,3.38210171315066,1.01816604039216));
#2194=CARTESIAN_POINT('',(-26.8838772933232,-1.50237867315101,3.51816604039216));
#2195=CARTESIAN_POINT('',(-21.2680336053356,1.11633224555903,3.51816604039216));
#2196=CARTESIAN_POINT('',(-28.9969686020267,3.02916026203224,-1.48183395960784));
#2197=CARTESIAN_POINT('',(-26.1990419430979,-2.97101282111879,5.13862453029413));
#2198=CARTESIAN_POINT('',(-16.5352365302728,8.84016136096686,-1.48183395960784));
#2199=CARTESIAN_POINT('Origin',(-15.652189917348,3.73504316426908,19.2590830201961));
#2200=CARTESIAN_POINT('',(-26.8838772933232,-1.50237867315101,-1.48183395960784));
#2201=CARTESIAN_POINT('Origin',(-41.6755164542477,30.2183938731318,50.));
#2202=CARTESIAN_POINT('',(-28.9969686020267,3.02916026203226,50.));
#2203=CARTESIAN_POINT('',(-28.9969686020267,3.02916026203226,50.));
#2204=CARTESIAN_POINT('',(-41.6755164542477,30.2183938731318,50.));
#2205=CARTESIAN_POINT('',(-41.6755164542477,30.2183938731318,50.));
#2206=CARTESIAN_POINT('',(-41.6755164542477,30.2183938731318,39.9788888169668));
#2207=CARTESIAN_POINT('',(-41.6755164542477,30.2183938731318,50.));
#2208=CARTESIAN_POINT('',(-30.6420924665262,6.55713977454687,39.9788888169668));
#2209=CARTESIAN_POINT('',(-40.796895857112,28.3341859220719,39.9788888169668));
#2210=CARTESIAN_POINT('',(-30.6420924665262,6.55713977454685,-3.91974800597978));
#2211=CARTESIAN_POINT('',(-30.6420924665262,6.55713977454687,44.9894444084834));
#2212=CARTESIAN_POINT('',(-31.1100597532927,7.56069885958953,-3.91974800597978));
#2213=CARTESIAN_POINT('',(-36.158804460387,18.3877668238393,-3.91974800597978));
#2214=CARTESIAN_POINT('',(-31.1100597532927,7.56069885958953,-10.));
#2215=CARTESIAN_POINT('',(-31.1100597532927,7.56069885958954,20.));
#2216=CARTESIAN_POINT('',(-28.9969686020267,3.02916026203224,-10.));
#2217=CARTESIAN_POINT('',(-41.6755164542477,30.2183938731317,-10.));
#2218=CARTESIAN_POINT('',(-28.9969686020267,3.02916026203226,50.));
#2219=CARTESIAN_POINT('Origin',(-4.07350445851887,14.6511624599015,20.));
#2220=CARTESIAN_POINT('',(12.9197676794653,22.5752553949555,-10.));
#2221=CARTESIAN_POINT('',(-6.3392739261105,13.5946168055497,-10.));
#2222=CARTESIAN_POINT('',(12.9197676794653,22.5752553949555,-5.));
#2223=CARTESIAN_POINT('',(12.9197676794653,22.5752553949555,4.99999999999999));
#2224=CARTESIAN_POINT('',(-6.3392739261105,13.5946168055497,-5.));
#2225=CARTESIAN_POINT('',(20.849959684989,26.2731646577707,-5.00000000000001));
#2226=CARTESIAN_POINT('',(-6.3392739261105,13.5946168055498,45.));
#2227=CARTESIAN_POINT('',(-6.3392739261105,13.5946168055497,-5.));
#2228=CARTESIAN_POINT('',(12.9197676794653,22.5752553949555,45.));
#2229=CARTESIAN_POINT('',(20.849959684989,26.2731646577707,45.));
#2230=CARTESIAN_POINT('',(12.9197676794653,22.5752553949555,50.));
#2231=CARTESIAN_POINT('',(12.9197676794653,22.5752553949555,4.99999999999999));
#2232=CARTESIAN_POINT('',(-6.3392739261105,13.5946168055498,50.));
#2233=CARTESIAN_POINT('Origin',(-41.6755164542477,30.2183938731318,50.));
#2234=CARTESIAN_POINT('',(-33.2231510934837,12.092237862298,-3.91974800597978));
#2235=CARTESIAN_POINT('',(-41.6755164542477,30.2183938731317,-3.91974800597979));
#2236=CARTESIAN_POINT('',(-40.796895857112,28.3341859220719,-3.91974800597979));
#2237=CARTESIAN_POINT('',(-41.6755164542477,30.2183938731317,-10.));
#2238=CARTESIAN_POINT('',(-41.6755164542477,30.2183938731318,50.));
#2239=CARTESIAN_POINT('',(-33.2231510934837,12.092237862298,-10.));
#2240=CARTESIAN_POINT('',(-41.6755164542477,30.2183938731317,-10.));
#2241=CARTESIAN_POINT('',(-33.2231510934837,12.092237862298,20.));
#2242=CARTESIAN_POINT('Origin',(-23.5566813002233,13.841341956813,-10.));
#2243=CARTESIAN_POINT('',(-24.613226954575,16.1071114244046,-3.91974800597978));
#2244=CARTESIAN_POINT('',(-22.500135614384,11.5755724216962,-3.91974800597978));
#2245=CARTESIAN_POINT('Origin',(-23.5566813002233,13.841341956813,-3.91974800597978));
#2246=CARTESIAN_POINT('',(-24.613226954575,16.1071114244046,-10.));
#2247=CARTESIAN_POINT('',(-24.613226954575,16.1071114244046,-10.));
#2248=CARTESIAN_POINT('',(-22.500135614384,11.5755724216962,-10.));
#2249=CARTESIAN_POINT('Origin',(-23.5566813002233,13.841341956813,-10.));
#2250=CARTESIAN_POINT('',(-22.500135614384,11.5755724216962,-10.));
#2251=CARTESIAN_POINT('Origin',(-31.1100597532927,7.56069885958953,-10.));
#2252=CARTESIAN_POINT('',(-31.1100597532927,7.56069885958953,-3.91974800597978));
#2253=CARTESIAN_POINT('',(-31.1100597532927,7.56069885958953,-10.));
#2254=CARTESIAN_POINT('Origin',(-24.613226954575,16.1071114244046,-10.));
#2255=CARTESIAN_POINT('',(-28.9181890240294,14.0996746433513,-3.91974800597978));
#2256=CARTESIAN_POINT('',(-28.9181890240294,14.0996746433513,-10.));
#2257=CARTESIAN_POINT('Origin',(-30.6420924665262,6.55713977454685,-3.91974800597978));
#2258=CARTESIAN_POINT('',(-12.5159367257932,15.0095050093608,-3.91974800597978));
#2259=CARTESIAN_POINT('',(-30.6420924665262,6.55713977454685,-3.91974800597978));
#2260=CARTESIAN_POINT('',(-23.5493607135147,38.6707591079457,-3.91974800597979));
#2261=CARTESIAN_POINT('',(-21.7921195192432,34.902343205826,-3.91974800597979));
#2262=CARTESIAN_POINT('',(-20.1507065121273,40.2555775894734,-3.91974800597978));
#2263=CARTESIAN_POINT('Origin',(-30.6420924665262,6.55713977454687,39.9788888169668));
#2264=CARTESIAN_POINT('',(-12.5159367257932,15.0095050093609,39.9788888169668));
#2265=CARTESIAN_POINT('',(-30.6420924665262,6.55713977454687,39.9788888169668));
#2266=CARTESIAN_POINT('',(-12.5159367257932,15.0095050093609,39.9788888169668));
#2267=CARTESIAN_POINT('Origin',(-39.9182752599762,26.449977971012,39.9788888169668));
#2268=CARTESIAN_POINT('',(-23.5493607135147,38.6707591079457,39.9788888169668));
#2269=CARTESIAN_POINT('',(-29.2137843824938,36.0293949720664,39.9788888169668));
#2270=CARTESIAN_POINT('',(-21.7921195192432,34.902343205826,39.9788888169668));
#2271=CARTESIAN_POINT('Origin',(-17.1540281225182,24.9559241075934,18.0295704054935));
#2272=CARTESIAN_POINT('',(-23.5493607135147,38.6707591079457,29.9894444084834));
#2273=CARTESIAN_POINT('Origin',(8.16653195181123,36.9094537119476,-10.));
#2274=CARTESIAN_POINT('',(6.58049332449709,36.1698717539014,45.));
#2275=CARTESIAN_POINT('Origin',(8.16653195181123,36.9094537119476,45.));
#2276=CARTESIAN_POINT('',(6.58049332449709,36.1698717539014,50.));
#2277=CARTESIAN_POINT('',(6.58049332449709,36.1698717539014,-10.));
#2278=CARTESIAN_POINT('Origin',(8.16653195181122,36.9094537119476,50.));
#2279=CARTESIAN_POINT('Origin',(8.16653195181123,36.9094537119476,-10.));
#2280=CARTESIAN_POINT('',(6.58049332449709,36.1698717539014,-10.));
#2281=CARTESIAN_POINT('Origin',(8.16653195181123,36.9094537119476,-10.));
#2282=CARTESIAN_POINT('',(6.58049332449709,36.1698717539014,-5.00000000000001));
#2283=CARTESIAN_POINT('',(6.58049332449709,36.1698717539014,-10.));
#2284=CARTESIAN_POINT('Origin',(8.16653195181122,36.9094537119476,-5.00000000000001));
#2285=CARTESIAN_POINT('Origin',(-5.12272873398768,41.7463490369825,-10.));
#2286=CARTESIAN_POINT('',(-6.70876736130182,41.0067670789363,45.));
#2287=CARTESIAN_POINT('Origin',(-5.12272873398768,41.7463490369825,45.));
#2288=CARTESIAN_POINT('',(-6.70876736130182,41.0067670789363,50.));
#2289=CARTESIAN_POINT('',(-6.70876736130182,41.0067670789363,-10.));
#2290=CARTESIAN_POINT('Origin',(-5.12272873398768,41.7463490369825,50.));
#2291=CARTESIAN_POINT('Origin',(-5.12272873398768,41.7463490369825,-10.));
#2292=CARTESIAN_POINT('',(-6.70876736130182,41.0067670789363,-10.));
#2293=CARTESIAN_POINT('Origin',(-5.12272873398768,41.7463490369825,-10.));
#2294=CARTESIAN_POINT('',(-6.70876736130182,41.0067670789363,-5.00000000000001));
#2295=CARTESIAN_POINT('',(-6.70876736130182,41.0067670789363,-10.));
#2296=CARTESIAN_POINT('Origin',(-5.12272873398768,41.7463490369825,-5.00000000000001));
#2297=CARTESIAN_POINT('Origin',(23.573764601535,44.0939642874896,-10.));
#2298=CARTESIAN_POINT('',(17.8916322747368,32.6173182621897,50.));
#2299=CARTESIAN_POINT('',(23.9202359145031,44.7937594327209,50.));
#2300=CARTESIAN_POINT('',(17.8916322747368,32.6173182621897,45.));
#2301=CARTESIAN_POINT('',(18.7231641677584,34.2968281092146,45.));
#2302=CARTESIAN_POINT('',(17.8916322747368,32.6173182621897,17.5));
#2303=CARTESIAN_POINT('Origin',(-7.53629577277121,51.6546635973683,-10.));
#2304=CARTESIAN_POINT('',(11.1297394319453,47.1182442593001,50.));
#2305=CARTESIAN_POINT('',(0.24121932080535,49.7644887698986,50.));
#2306=CARTESIAN_POINT('',(-0.32786746039148,49.9027943206461,50.));
#2307=CARTESIAN_POINT('',(11.1297394319453,47.1182442593001,45.));
#2308=CARTESIAN_POINT('',(11.1297394319453,47.1182442593001,17.5));
#2309=CARTESIAN_POINT('',(0.241219320805355,49.7644887698986,45.));
#2310=CARTESIAN_POINT('',(-11.7095966960245,52.668903783042,45.));
#2311=CARTESIAN_POINT('',(0.241219320805355,49.7644887698986,4.99999999999998));
#2312=CARTESIAN_POINT('Origin',(23.573764601535,44.0939642874896,-10.));
#2313=CARTESIAN_POINT('',(17.8916322747368,32.6173182621897,-5.00000000000001));
#2314=CARTESIAN_POINT('',(17.8916322747368,32.6173182621897,-10.));
#2315=CARTESIAN_POINT('',(17.8916322747368,32.6173182621897,-10.));
#2316=CARTESIAN_POINT('',(23.9202359145031,44.7937594327209,-5.00000000000001));
#2317=CARTESIAN_POINT('',(14.3922710454711,25.5493853396261,-10.));
#2318=CARTESIAN_POINT('Origin',(-7.53629577277121,51.6546635973683,-10.));
#2319=CARTESIAN_POINT('',(0.241219320805355,49.7644887698986,-5.00000000000002));
#2320=CARTESIAN_POINT('',(0.241219320805355,49.7644887698986,-10.));
#2321=CARTESIAN_POINT('',(0.241219320805355,49.7644887698986,4.99999999999998));
#2322=CARTESIAN_POINT('',(11.1297394319453,47.1182442593001,-5.00000000000001));
#2323=CARTESIAN_POINT('',(-0.32786746039148,49.9027943206461,-5.00000000000002));
#2324=CARTESIAN_POINT('',(11.1297394319453,47.1182442593001,-10.));
#2325=CARTESIAN_POINT('',(11.1297394319453,47.1182442593001,-10.));
#2326=CARTESIAN_POINT('',(-21.194371059052,54.9739950017053,-10.));
#2327=CARTESIAN_POINT('Origin',(-9.95962405902254,28.4570883511836,-10.));
#2328=CARTESIAN_POINT('',(-11.5456626863367,27.7175063931374,45.));
#2329=CARTESIAN_POINT('Origin',(-9.95962405902254,28.4570883511836,45.));
#2330=CARTESIAN_POINT('',(-11.5456626863367,27.7175063931374,50.));
#2331=CARTESIAN_POINT('',(-11.5456626863367,27.7175063931373,-10.));
#2332=CARTESIAN_POINT('Origin',(-9.95962405902254,28.4570883511836,50.));
#2333=CARTESIAN_POINT('Origin',(-9.95962405902254,28.4570883511836,-10.));
#2334=CARTESIAN_POINT('',(-11.5456626863367,27.7175063931373,-10.));
#2335=CARTESIAN_POINT('Origin',(-9.95962405902254,28.4570883511836,-10.));
#2336=CARTESIAN_POINT('',(-11.5456626863367,27.7175063931374,-5.00000000000001));
#2337=CARTESIAN_POINT('',(-11.5456626863367,27.7175063931373,-10.));
#2338=CARTESIAN_POINT('Origin',(-9.95962405902254,28.4570883511836,-5.00000000000001));
#2339=CARTESIAN_POINT('Origin',(-0.896546053605651,32.6832710315656,-10.));
#2340=CARTESIAN_POINT('',(-6.33439277582556,30.1475614611214,45.));
#2341=CARTESIAN_POINT('Origin',(-0.89654605360566,32.6832710315656,45.));
#2342=CARTESIAN_POINT('',(-6.33439277582556,30.1475614611214,50.));
#2343=CARTESIAN_POINT('',(-6.33439277582556,30.1475614611214,-10.));
#2344=CARTESIAN_POINT('Origin',(-0.896546053605656,32.6832710315656,50.));
#2345=CARTESIAN_POINT('Origin',(-0.896546053605651,32.6832710315656,-10.));
#2346=CARTESIAN_POINT('',(-6.33439277582556,30.1475614611214,-10.));
#2347=CARTESIAN_POINT('Origin',(-0.896546053605651,32.6832710315656,-10.));
#2348=CARTESIAN_POINT('',(-6.33439277582556,30.1475614611214,-5.00000000000001));
#2349=CARTESIAN_POINT('',(-6.33439277582556,30.1475614611214,-10.));
#2350=CARTESIAN_POINT('Origin',(-0.896546053605651,32.6832710315656,-5.00000000000001));
#2351=CARTESIAN_POINT('Origin',(3.32963662677637,23.6201930261487,-10.));
#2352=CARTESIAN_POINT('',(1.74359799946223,22.8806110681025,45.));
#2353=CARTESIAN_POINT('Origin',(3.32963662677636,23.6201930261487,45.));
#2354=CARTESIAN_POINT('',(1.74359799946223,22.8806110681025,50.));
#2355=CARTESIAN_POINT('',(1.74359799946223,22.8806110681025,-10.));
#2356=CARTESIAN_POINT('Origin',(3.32963662677637,23.6201930261487,50.));
#2357=CARTESIAN_POINT('Origin',(3.32963662677637,23.6201930261487,-10.));
#2358=CARTESIAN_POINT('',(1.74359799946223,22.8806110681025,-10.));
#2359=CARTESIAN_POINT('Origin',(3.32963662677637,23.6201930261487,-10.));
#2360=CARTESIAN_POINT('',(1.74359799946223,22.8806110681025,-5.00000000000001));
#2361=CARTESIAN_POINT('',(1.74359799946223,22.8806110681025,-10.));
#2362=CARTESIAN_POINT('Origin',(3.32963662677637,23.6201930261487,-5.00000000000001));
#2363=CARTESIAN_POINT('Origin',(8.171411832768,53.4623982688702,-5.00000000000002));
#2364=CARTESIAN_POINT('',(8.171411832768,53.4623982688702,-5.00000000000002));
#2365=CARTESIAN_POINT('',(-19.0178217783315,40.7838504166492,-5.00000000000001));
#2366=CARTESIAN_POINT('',(8.171411832768,53.4623982688702,-5.00000000000002));
#2367=CARTESIAN_POINT('',(-19.0178217783315,40.7838504166492,-5.00000000000001));
#2368=CARTESIAN_POINT('Origin',(-41.6755164542477,30.2183938731317,-10.));
#2369=CARTESIAN_POINT('',(-19.0178217783315,40.7838504166492,-10.));
#2370=CARTESIAN_POINT('',(8.17141183276801,53.4623982688702,-10.));
#2371=CARTESIAN_POINT('Origin',(8.17141183276801,53.4623982688702,50.));
#2372=CARTESIAN_POINT('',(8.17141183276801,53.4623982688702,50.));
#2373=CARTESIAN_POINT('',(-19.0178217783315,40.7838504166492,50.));
#2374=CARTESIAN_POINT('Origin',(-19.0178217783315,40.7838504166492,45.));
#2375=CARTESIAN_POINT('',(-19.0178217783315,40.7838504166492,45.));
#2376=CARTESIAN_POINT('',(-19.0178217783315,40.7838504166492,45.));
#2377=CARTESIAN_POINT('',(8.171411832768,53.4623982688702,45.));
#2378=CARTESIAN_POINT('',(8.171411832768,53.4623982688702,45.));
#2379=CARTESIAN_POINT('Origin',(-19.0178217783315,40.7838504166492,-5.00000000000001));
#2380=CARTESIAN_POINT('',(-19.0178217783315,40.7838504166492,-5.00000000000001));
#2381=CARTESIAN_POINT('Origin',(8.17141183276801,53.4623982688702,-10.));
#2382=CARTESIAN_POINT('Origin',(8.171411832768,53.4623982688702,45.));
#2383=CARTESIAN_POINT('Origin',(-16.7520523107399,41.840396071001,20.));
#2384=CARTESIAN_POINT('Origin',(-18.4369304411337,2.43649733205324,11.7470741584965));
#2385=CARTESIAN_POINT('',(-24.1172489172214,-0.212278674105779,11.7470741584965));
#2386=CARTESIAN_POINT('Origin',(-18.4369304411337,2.43649733205324,11.7470741584965));
#2387=CARTESIAN_POINT('',(-26.2303402259249,4.31926026107747,11.7470741584965));
#2388=CARTESIAN_POINT('',(-24.1172489172214,-0.212278674105781,11.7470741584965));
#2389=CARTESIAN_POINT('Origin',(-20.5500217498372,6.96803626723649,11.7470741584965));
#2390=CARTESIAN_POINT('Origin',(-20.5500217498372,6.96803626723649,11.7470741584965));
#2391=CARTESIAN_POINT('',(-23.8881843835644,5.41142546696265,11.6905174924453));
#2392=CARTESIAN_POINT('Origin',(-20.7161071289361,6.8905893830551,11.6905174924453));
#2393=CARTESIAN_POINT('Origin',(-33.3946549811571,34.0798229941546,11.6905174924453));
#2394=CARTESIAN_POINT('',(-25.5333082480639,8.93940497947726,11.6905174924453));
#2395=CARTESIAN_POINT('Origin',(-22.3612309934356,10.4185688955697,11.6905174924453));
#2396=CARTESIAN_POINT('',(-36.5667322357854,32.6006590780622,11.6905174924453));
#2397=CARTESIAN_POINT('Origin',(-11.0928918837121,8.61952355057075,37.5));
#2398=CARTESIAN_POINT('',(-28.9969686020267,3.02916026203226,40.));
#2399=CARTESIAN_POINT('',(-6.53359385007628,13.5040039368724,40.));
#2400=CARTESIAN_POINT('',(-5.30354915429758,14.077583198387,40.));
#2401=CARTESIAN_POINT('',(-26.8838772933232,-1.50237867315099,35.));
#2402=CARTESIAN_POINT('',(-32.6948783922579,10.9593533986029,48.75));
#2403=CARTESIAN_POINT('',(-8.95204147655603,6.85937369298566,35.));
#2404=CARTESIAN_POINT('',(-10.0363462293604,6.35375408297912,35.));
#2405=CARTESIAN_POINT('',(-8.95204147655603,6.85937369298566,35.));
#2406=CARTESIAN_POINT('Origin',(-7.74281766331615,10.181688814929,8.88862453029413));
#2407=CARTESIAN_POINT('',(-8.95204147655602,6.85937369298565,3.51816604039216));
#2408=CARTESIAN_POINT('',(-8.95204147655603,6.85937369298565,8.88862453029413));
#2409=CARTESIAN_POINT('',(-6.53359385007627,13.5040039368724,-1.48183395960784));
#2410=CARTESIAN_POINT('',(-8.95204147655602,6.85937369298565,3.51816604039216));
#2411=CARTESIAN_POINT('',(-6.53359385007627,13.5040039368724,9.25908302019607));
#2412=CARTESIAN_POINT('Origin',(-22.3245792596874,3.38210171315066,1.01816604039216));
#2413=CARTESIAN_POINT('',(-26.8838772933232,-1.50237867315101,3.51816604039216));
#2414=CARTESIAN_POINT('',(-21.2680336053356,1.11633224555903,3.51816604039216));
#2415=CARTESIAN_POINT('',(-28.9969686020267,3.02916026203224,-1.48183395960784));
#2416=CARTESIAN_POINT('',(-26.1990419430979,-2.97101282111879,5.13862453029413));
#2417=CARTESIAN_POINT('',(-16.5352365302728,8.84016136096686,-1.48183395960784));
#2418=CARTESIAN_POINT('Origin',(-15.652189917348,3.73504316426908,19.2590830201961));
#2419=CARTESIAN_POINT('',(-26.8838772933232,-1.50237867315101,-1.48183395960784));
#2420=CARTESIAN_POINT('Origin',(-41.6755164542477,30.2183938731318,50.));
#2421=CARTESIAN_POINT('',(-28.9969686020267,3.02916026203226,50.));
#2422=CARTESIAN_POINT('',(-28.9969686020267,3.02916026203226,50.));
#2423=CARTESIAN_POINT('',(-41.6755164542477,30.2183938731318,50.));
#2424=CARTESIAN_POINT('',(-41.6755164542477,30.2183938731318,50.));
#2425=CARTESIAN_POINT('',(-41.6755164542477,30.2183938731318,39.9788888169668));
#2426=CARTESIAN_POINT('',(-41.6755164542477,30.2183938731318,50.));
#2427=CARTESIAN_POINT('',(-30.6420924665262,6.55713977454687,39.9788888169668));
#2428=CARTESIAN_POINT('',(-40.796895857112,28.3341859220719,39.9788888169668));
#2429=CARTESIAN_POINT('',(-30.6420924665262,6.55713977454685,-3.91974800597978));
#2430=CARTESIAN_POINT('',(-30.6420924665262,6.55713977454687,44.9894444084834));
#2431=CARTESIAN_POINT('',(-31.1100597532927,7.56069885958953,-3.91974800597978));
#2432=CARTESIAN_POINT('',(-36.158804460387,18.3877668238393,-3.91974800597978));
#2433=CARTESIAN_POINT('',(-31.1100597532927,7.56069885958953,-10.));
#2434=CARTESIAN_POINT('',(-31.1100597532927,7.56069885958954,20.));
#2435=CARTESIAN_POINT('',(-28.9969686020267,3.02916026203224,-10.));
#2436=CARTESIAN_POINT('',(-41.6755164542477,30.2183938731317,-10.));
#2437=CARTESIAN_POINT('',(-28.9969686020267,3.02916026203226,50.));
#2438=CARTESIAN_POINT('Origin',(-4.07350445851887,14.6511624599015,20.));
#2439=CARTESIAN_POINT('',(12.9197676794653,22.5752553949555,-10.));
#2440=CARTESIAN_POINT('',(-6.3392739261105,13.5946168055497,-10.));
#2441=CARTESIAN_POINT('',(12.9197676794653,22.5752553949555,-5.));
#2442=CARTESIAN_POINT('',(12.9197676794653,22.5752553949555,4.99999999999999));
#2443=CARTESIAN_POINT('',(-6.3392739261105,13.5946168055497,-5.));
#2444=CARTESIAN_POINT('',(20.849959684989,26.2731646577707,-5.00000000000001));
#2445=CARTESIAN_POINT('',(-6.3392739261105,13.5946168055498,45.));
#2446=CARTESIAN_POINT('',(-6.3392739261105,13.5946168055497,-5.));
#2447=CARTESIAN_POINT('',(12.9197676794653,22.5752553949555,45.));
#2448=CARTESIAN_POINT('',(20.849959684989,26.2731646577707,45.));
#2449=CARTESIAN_POINT('',(12.9197676794653,22.5752553949555,50.));
#2450=CARTESIAN_POINT('',(12.9197676794653,22.5752553949555,4.99999999999999));
#2451=CARTESIAN_POINT('',(-6.3392739261105,13.5946168055498,50.));
#2452=CARTESIAN_POINT('Origin',(-41.6755164542477,30.2183938731318,50.));
#2453=CARTESIAN_POINT('',(-33.2231510934837,12.092237862298,-3.91974800597978));
#2454=CARTESIAN_POINT('',(-41.6755164542477,30.2183938731317,-3.91974800597979));
#2455=CARTESIAN_POINT('',(-40.796895857112,28.3341859220719,-3.91974800597979));
#2456=CARTESIAN_POINT('',(-41.6755164542477,30.2183938731317,-10.));
#2457=CARTESIAN_POINT('',(-41.6755164542477,30.2183938731318,50.));
#2458=CARTESIAN_POINT('',(-33.2231510934837,12.092237862298,-10.));
#2459=CARTESIAN_POINT('',(-41.6755164542477,30.2183938731317,-10.));
#2460=CARTESIAN_POINT('',(-33.2231510934837,12.092237862298,20.));
#2461=CARTESIAN_POINT('Origin',(-23.5566813002233,13.841341956813,-10.));
#2462=CARTESIAN_POINT('',(-24.613226954575,16.1071114244046,-3.91974800597978));
#2463=CARTESIAN_POINT('',(-22.500135614384,11.5755724216962,-3.91974800597978));
#2464=CARTESIAN_POINT('Origin',(-23.5566813002233,13.841341956813,-3.91974800597978));
#2465=CARTESIAN_POINT('',(-24.613226954575,16.1071114244046,-10.));
#2466=CARTESIAN_POINT('',(-24.613226954575,16.1071114244046,-10.));
#2467=CARTESIAN_POINT('',(-22.500135614384,11.5755724216962,-10.));
#2468=CARTESIAN_POINT('Origin',(-23.5566813002233,13.841341956813,-10.));
#2469=CARTESIAN_POINT('',(-22.500135614384,11.5755724216962,-10.));
#2470=CARTESIAN_POINT('Origin',(-31.1100597532927,7.56069885958953,-10.));
#2471=CARTESIAN_POINT('',(-31.1100597532927,7.56069885958953,-3.91974800597978));
#2472=CARTESIAN_POINT('',(-31.1100597532927,7.56069885958953,-10.));
#2473=CARTESIAN_POINT('Origin',(-24.613226954575,16.1071114244046,-10.));
#2474=CARTESIAN_POINT('',(-28.9181890240294,14.0996746433513,-3.91974800597978));
#2475=CARTESIAN_POINT('',(-28.9181890240294,14.0996746433513,-10.));
#2476=CARTESIAN_POINT('Origin',(-30.6420924665262,6.55713977454685,-3.91974800597978));
#2477=CARTESIAN_POINT('',(-12.5159367257932,15.0095050093608,-3.91974800597978));
#2478=CARTESIAN_POINT('',(-30.6420924665262,6.55713977454685,-3.91974800597978));
#2479=CARTESIAN_POINT('',(-23.5493607135147,38.6707591079457,-3.91974800597979));
#2480=CARTESIAN_POINT('',(-21.7921195192432,34.902343205826,-3.91974800597979));
#2481=CARTESIAN_POINT('',(-20.1507065121273,40.2555775894734,-3.91974800597978));
#2482=CARTESIAN_POINT('Origin',(-30.6420924665262,6.55713977454687,39.9788888169668));
#2483=CARTESIAN_POINT('',(-12.5159367257932,15.0095050093609,39.9788888169668));
#2484=CARTESIAN_POINT('',(-30.6420924665262,6.55713977454687,39.9788888169668));
#2485=CARTESIAN_POINT('',(-12.5159367257932,15.0095050093609,39.9788888169668));
#2486=CARTESIAN_POINT('Origin',(-39.9182752599762,26.449977971012,39.9788888169668));
#2487=CARTESIAN_POINT('',(-23.5493607135147,38.6707591079457,39.9788888169668));
#2488=CARTESIAN_POINT('',(-29.2137843824938,36.0293949720664,39.9788888169668));
#2489=CARTESIAN_POINT('',(-21.7921195192432,34.902343205826,39.9788888169668));
#2490=CARTESIAN_POINT('Origin',(-17.1540281225182,24.9559241075934,18.0295704054935));
#2491=CARTESIAN_POINT('',(-23.5493607135147,38.6707591079457,29.9894444084834));
#2492=CARTESIAN_POINT('Origin',(8.16653195181123,36.9094537119476,-10.));
#2493=CARTESIAN_POINT('',(6.58049332449709,36.1698717539014,45.));
#2494=CARTESIAN_POINT('Origin',(8.16653195181123,36.9094537119476,45.));
#2495=CARTESIAN_POINT('',(6.58049332449709,36.1698717539014,50.));
#2496=CARTESIAN_POINT('',(6.58049332449709,36.1698717539014,-10.));
#2497=CARTESIAN_POINT('Origin',(8.16653195181122,36.9094537119476,50.));
#2498=CARTESIAN_POINT('Origin',(8.16653195181123,36.9094537119476,-10.));
#2499=CARTESIAN_POINT('',(6.58049332449709,36.1698717539014,-10.));
#2500=CARTESIAN_POINT('Origin',(8.16653195181123,36.9094537119476,-10.));
#2501=CARTESIAN_POINT('',(6.58049332449709,36.1698717539014,-5.00000000000001));
#2502=CARTESIAN_POINT('',(6.58049332449709,36.1698717539014,-10.));
#2503=CARTESIAN_POINT('Origin',(8.16653195181122,36.9094537119476,-5.00000000000001));
#2504=CARTESIAN_POINT('Origin',(-5.12272873398768,41.7463490369825,-10.));
#2505=CARTESIAN_POINT('',(-6.70876736130182,41.0067670789363,45.));
#2506=CARTESIAN_POINT('Origin',(-5.12272873398768,41.7463490369825,45.));
#2507=CARTESIAN_POINT('',(-6.70876736130182,41.0067670789363,50.));
#2508=CARTESIAN_POINT('',(-6.70876736130182,41.0067670789363,-10.));
#2509=CARTESIAN_POINT('Origin',(-5.12272873398768,41.7463490369825,50.));
#2510=CARTESIAN_POINT('Origin',(-5.12272873398768,41.7463490369825,-10.));
#2511=CARTESIAN_POINT('',(-6.70876736130182,41.0067670789363,-10.));
#2512=CARTESIAN_POINT('Origin',(-5.12272873398768,41.7463490369825,-10.));
#2513=CARTESIAN_POINT('',(-6.70876736130182,41.0067670789363,-5.00000000000001));
#2514=CARTESIAN_POINT('',(-6.70876736130182,41.0067670789363,-10.));
#2515=CARTESIAN_POINT('Origin',(-5.12272873398768,41.7463490369825,-5.00000000000001));
#2516=CARTESIAN_POINT('Origin',(23.573764601535,44.0939642874896,-10.));
#2517=CARTESIAN_POINT('',(17.8916322747368,32.6173182621897,50.));
#2518=CARTESIAN_POINT('',(23.9202359145031,44.7937594327209,50.));
#2519=CARTESIAN_POINT('',(17.8916322747368,32.6173182621897,45.));
#2520=CARTESIAN_POINT('',(18.7231641677584,34.2968281092146,45.));
#2521=CARTESIAN_POINT('',(17.8916322747368,32.6173182621897,17.5));
#2522=CARTESIAN_POINT('Origin',(-7.53629577277121,51.6546635973683,-10.));
#2523=CARTESIAN_POINT('',(11.1297394319453,47.1182442593001,50.));
#2524=CARTESIAN_POINT('',(0.24121932080535,49.7644887698986,50.));
#2525=CARTESIAN_POINT('',(-0.32786746039148,49.9027943206461,50.));
#2526=CARTESIAN_POINT('',(11.1297394319453,47.1182442593001,45.));
#2527=CARTESIAN_POINT('',(11.1297394319453,47.1182442593001,17.5));
#2528=CARTESIAN_POINT('',(0.241219320805355,49.7644887698986,45.));
#2529=CARTESIAN_POINT('',(-11.7095966960245,52.668903783042,45.));
#2530=CARTESIAN_POINT('',(0.241219320805355,49.7644887698986,4.99999999999998));
#2531=CARTESIAN_POINT('Origin',(23.573764601535,44.0939642874896,-10.));
#2532=CARTESIAN_POINT('',(17.8916322747368,32.6173182621897,-5.00000000000001));
#2533=CARTESIAN_POINT('',(17.8916322747368,32.6173182621897,-10.));
#2534=CARTESIAN_POINT('',(17.8916322747368,32.6173182621897,-10.));
#2535=CARTESIAN_POINT('',(23.9202359145031,44.7937594327209,-5.00000000000001));
#2536=CARTESIAN_POINT('',(14.3922710454711,25.5493853396261,-10.));
#2537=CARTESIAN_POINT('Origin',(-7.53629577277121,51.6546635973683,-10.));
#2538=CARTESIAN_POINT('',(0.241219320805355,49.7644887698986,-5.00000000000002));
#2539=CARTESIAN_POINT('',(0.241219320805355,49.7644887698986,-10.));
#2540=CARTESIAN_POINT('',(0.241219320805355,49.7644887698986,4.99999999999998));
#2541=CARTESIAN_POINT('',(11.1297394319453,47.1182442593001,-5.00000000000001));
#2542=CARTESIAN_POINT('',(-0.32786746039148,49.9027943206461,-5.00000000000002));
#2543=CARTESIAN_POINT('',(11.1297394319453,47.1182442593001,-10.));
#2544=CARTESIAN_POINT('',(11.1297394319453,47.1182442593001,-10.));
#2545=CARTESIAN_POINT('',(-21.194371059052,54.9739950017053,-10.));
#2546=CARTESIAN_POINT('Origin',(-9.95962405902254,28.4570883511836,-10.));
#2547=CARTESIAN_POINT('',(-11.5456626863367,27.7175063931374,45.));
#2548=CARTESIAN_POINT('Origin',(-9.95962405902254,28.4570883511836,45.));
#2549=CARTESIAN_POINT('',(-11.5456626863367,27.7175063931374,50.));
#2550=CARTESIAN_POINT('',(-11.5456626863367,27.7175063931373,-10.));
#2551=CARTESIAN_POINT('Origin',(-9.95962405902254,28.4570883511836,50.));
#2552=CARTESIAN_POINT('Origin',(-9.95962405902254,28.4570883511836,-10.));
#2553=CARTESIAN_POINT('',(-11.5456626863367,27.7175063931373,-10.));
#2554=CARTESIAN_POINT('Origin',(-9.95962405902254,28.4570883511836,-10.));
#2555=CARTESIAN_POINT('',(-11.5456626863367,27.7175063931374,-5.00000000000001));
#2556=CARTESIAN_POINT('',(-11.5456626863367,27.7175063931373,-10.));
#2557=CARTESIAN_POINT('Origin',(-9.95962405902254,28.4570883511836,-5.00000000000001));
#2558=CARTESIAN_POINT('Origin',(-0.896546053605651,32.6832710315656,-10.));
#2559=CARTESIAN_POINT('',(-6.33439277582556,30.1475614611214,45.));
#2560=CARTESIAN_POINT('Origin',(-0.89654605360566,32.6832710315656,45.));
#2561=CARTESIAN_POINT('',(-6.33439277582556,30.1475614611214,50.));
#2562=CARTESIAN_POINT('',(-6.33439277582556,30.1475614611214,-10.));
#2563=CARTESIAN_POINT('Origin',(-0.896546053605656,32.6832710315656,50.));
#2564=CARTESIAN_POINT('Origin',(-0.896546053605651,32.6832710315656,-10.));
#2565=CARTESIAN_POINT('',(-6.33439277582556,30.1475614611214,-10.));
#2566=CARTESIAN_POINT('Origin',(-0.896546053605651,32.6832710315656,-10.));
#2567=CARTESIAN_POINT('',(-6.33439277582556,30.1475614611214,-5.00000000000001));
#2568=CARTESIAN_POINT('',(-6.33439277582556,30.1475614611214,-10.));
#2569=CARTESIAN_POINT('Origin',(-0.896546053605651,32.6832710315656,-5.00000000000001));
#2570=CARTESIAN_POINT('Origin',(3.32963662677637,23.6201930261487,-10.));
#2571=CARTESIAN_POINT('',(1.74359799946223,22.8806110681025,45.));
#2572=CARTESIAN_POINT('Origin',(3.32963662677636,23.6201930261487,45.));
#2573=CARTESIAN_POINT('',(1.74359799946223,22.8806110681025,50.));
#2574=CARTESIAN_POINT('',(1.74359799946223,22.8806110681025,-10.));
#2575=CARTESIAN_POINT('Origin',(3.32963662677637,23.6201930261487,50.));
#2576=CARTESIAN_POINT('Origin',(3.32963662677637,23.6201930261487,-10.));
#2577=CARTESIAN_POINT('',(1.74359799946223,22.8806110681025,-10.));
#2578=CARTESIAN_POINT('Origin',(3.32963662677637,23.6201930261487,-10.));
#2579=CARTESIAN_POINT('',(1.74359799946223,22.8806110681025,-5.00000000000001));
#2580=CARTESIAN_POINT('',(1.74359799946223,22.8806110681025,-10.));
#2581=CARTESIAN_POINT('Origin',(3.32963662677637,23.6201930261487,-5.00000000000001));
#2582=CARTESIAN_POINT('Origin',(8.171411832768,53.4623982688702,-5.00000000000002));
#2583=CARTESIAN_POINT('',(8.171411832768,53.4623982688702,-5.00000000000002));
#2584=CARTESIAN_POINT('',(-19.0178217783315,40.7838504166492,-5.00000000000001));
#2585=CARTESIAN_POINT('',(8.171411832768,53.4623982688702,-5.00000000000002));
#2586=CARTESIAN_POINT('',(-19.0178217783315,40.7838504166492,-5.00000000000001));
#2587=CARTESIAN_POINT('Origin',(-41.6755164542477,30.2183938731317,-10.));
#2588=CARTESIAN_POINT('',(-19.0178217783315,40.7838504166492,-10.));
#2589=CARTESIAN_POINT('',(8.17141183276801,53.4623982688702,-10.));
#2590=CARTESIAN_POINT('Origin',(8.17141183276801,53.4623982688702,50.));
#2591=CARTESIAN_POINT('',(8.17141183276801,53.4623982688702,50.));
#2592=CARTESIAN_POINT('',(-19.0178217783315,40.7838504166492,50.));
#2593=CARTESIAN_POINT('Origin',(-19.0178217783315,40.7838504166492,45.));
#2594=CARTESIAN_POINT('',(-19.0178217783315,40.7838504166492,45.));
#2595=CARTESIAN_POINT('',(-19.0178217783315,40.7838504166492,45.));
#2596=CARTESIAN_POINT('',(8.171411832768,53.4623982688702,45.));
#2597=CARTESIAN_POINT('',(8.171411832768,53.4623982688702,45.));
#2598=CARTESIAN_POINT('Origin',(-19.0178217783315,40.7838504166492,-5.00000000000001));
#2599=CARTESIAN_POINT('',(-19.0178217783315,40.7838504166492,-5.00000000000001));
#2600=CARTESIAN_POINT('Origin',(8.17141183276801,53.4623982688702,-10.));
#2601=CARTESIAN_POINT('Origin',(8.171411832768,53.4623982688702,45.));
#2602=CARTESIAN_POINT('Origin',(-16.7520523107399,41.840396071001,20.));
#2603=UNCERTAINTY_MEASURE_WITH_UNIT(LENGTH_MEASURE(0.01),#2607,
'DISTANCE_ACCURACY_VALUE',
'Maximum model space distance between geometric entities at asserted c
onnectivities');
#2604=UNCERTAINTY_MEASURE_WITH_UNIT(LENGTH_MEASURE(0.01),#2607,
'DISTANCE_ACCURACY_VALUE',
'Maximum model space distance between geometric entities at asserted c
onnectivities');
#2605=(
GEOMETRIC_REPRESENTATION_CONTEXT(3)
GLOBAL_UNCERTAINTY_ASSIGNED_CONTEXT((#2603))
GLOBAL_UNIT_ASSIGNED_CONTEXT((#2607,#2609,#2610))
REPRESENTATION_CONTEXT('','3D')
);
#2606=(
GEOMETRIC_REPRESENTATION_CONTEXT(3)
GLOBAL_UNCERTAINTY_ASSIGNED_CONTEXT((#2604))
GLOBAL_UNIT_ASSIGNED_CONTEXT((#2607,#2609,#2610))
REPRESENTATION_CONTEXT('','3D')
);
#2607=(
LENGTH_UNIT()
NAMED_UNIT(*)
SI_UNIT(.MILLI.,.METRE.)
);
#2608=(
LENGTH_UNIT()
NAMED_UNIT(*)
SI_UNIT($,.METRE.)
);
#2609=(
NAMED_UNIT(*)
PLANE_ANGLE_UNIT()
SI_UNIT($,.RADIAN.)
);
#2610=(
NAMED_UNIT(*)
SI_UNIT($,.STERADIAN.)
SOLID_ANGLE_UNIT()
);
#2611=SHAPE_DEFINITION_REPRESENTATION(#2612,#2613);
#2612=PRODUCT_DEFINITION_SHAPE('',$,#2615);
#2613=SHAPE_REPRESENTATION('',(#1607),#2605);
#2614=PRODUCT_DEFINITION_CONTEXT('part definition',#2619,'design');
#2615=PRODUCT_DEFINITION('coxa','coxa',#2616,#2614);
#2616=PRODUCT_DEFINITION_FORMATION('',$,#2621);
#2617=PRODUCT_RELATED_PRODUCT_CATEGORY('coxa','coxa',(#2621));
#2618=APPLICATION_PROTOCOL_DEFINITION('international standard',
'automotive_design',2009,#2619);
#2619=APPLICATION_CONTEXT(
'Core Data for Automotive Mechanical Design Process');
#2620=PRODUCT_CONTEXT('part definition',#2619,'mechanical');
#2621=PRODUCT('coxa','coxa',$,(#2620));
#2622=PRESENTATION_STYLE_ASSIGNMENT((#2623));
#2623=SURFACE_STYLE_USAGE(.BOTH.,#2624);
#2624=SURFACE_SIDE_STYLE('',(#2625));
#2625=SURFACE_STYLE_FILL_AREA(#2626);
#2626=FILL_AREA_STYLE('Steel - Satin',(#2627));
#2627=FILL_AREA_STYLE_COLOUR('Steel - Satin',#2628);
#2628=COLOUR_RGB('Steel - Satin',0.627450980392157,0.627450980392157,0.627450980392157);
ENDSEC;
END-ISO-10303-21;
