ISO-10303-21;
HEADER;
/* Generated by software containing ST-Developer
 * from STEP Tools, Inc. (www.steptools.com) 
 */

FILE_DESCRIPTION(
/* description */ (''),
/* implementation_level */ '2;1');

FILE_NAME(
/* name */ 'tibia.step',
/* time_stamp */ '2026-08-23T17:02:23+05:30',
/* author */ (''),
/* organization */ (''),
/* preprocessor_version */ 'ST-DEVELOPER v20.1',
/* originating_system */ 'Autodesk Translation Framework v15.8.0.0',
/* authorisation */ '');

FILE_SCHEMA (('AUTOMOTIVE_DESIGN { 1 0 10303 214 3 1 1 }'));
ENDSEC;

DATA;
#10=MECHANICAL_DESIGN_GEOMETRIC_PRESENTATION_REPRESENTATION('',(#41,#42,
#43),#4028);
#11=ITEM_DEFINED_TRANSFORMATION($,$,#2414,#2648);
#12=(
REPRESENTATION_RELATIONSHIP($,$,#4039,#4038)
REPRESENTATION_RELATIONSHIP_WITH_TRANSFORMATION(#11)
SHAPE_REPRESENTATION_RELATIONSHIP()
);
#13=CONTEXT_DEPENDENT_SHAPE_REPRESENTATION(#12,#4037);
#14=NEXT_ASSEMBLY_USAGE_OCCURRENCE('coxa:1','coxa:1','coxa:1',#4041,#4042,
'coxa:1');
#15=ELLIPSE('',#2621,627.613445095693,443.789722991016);
#16=ELLIPSE('',#2622,533.368867256022,443.789722991015);
#17=ELLIPSE('',#2624,562.99096476052,443.789722991016);
#18=ELLIPSE('',#2626,511.135304685655,443.789722991016);
#19=ELLIPSE('',#2627,511.135304685655,443.789722991016);
#20=ELLIPSE('',#2628,627.613445095693,443.789722991016);
#21=ELLIPSE('',#2630,455.369745271401,395.371658462856);
#22=ELLIPSE('',#2632,501.567882051826,395.371658462856);
#23=ELLIPSE('',#2633,475.177595817688,395.371658462856);
#24=ELLIPSE('',#2634,559.139961576114,395.371658462856);
#25=ELLIPSE('',#2635,559.139961576114,395.371658462856);
#26=ELLIPSE('',#2636,455.369745271401,395.371658462856);
#27=CONICAL_SURFACE('',#2576,225.435522671896,0.785398163397461);
#28=CONICAL_SURFACE('',#2579,138.314480143078,0.785398163397447);
#29=CONICAL_SURFACE('',#2591,225.435522671896,0.785398163397461);
#30=CONICAL_SURFACE('',#2595,138.314480143078,0.785398163397447);
#31=B_SPLINE_CURVE_WITH_KNOTS('',3,(#3839,#3840,#3841,#3842),
 .UNSPECIFIED.,.F.,.F.,(4,4),(-0.179435517456828,0.),.UNSPECIFIED.);
#32=B_SPLINE_CURVE_WITH_KNOTS('',3,(#3845,#3846,#3847,#3848),
 .UNSPECIFIED.,.F.,.F.,(4,4),(-0.169167406844355,0.),.UNSPECIFIED.);
#33=B_SPLINE_CURVE_WITH_KNOTS('',3,(#3853,#3854,#3855,#3856),
 .UNSPECIFIED.,.F.,.F.,(4,4),(-0.770224473234151,0.),.UNSPECIFIED.);
#34=B_SPLINE_CURVE_WITH_KNOTS('',3,(#3888,#3889,#3890,#3891),
 .UNSPECIFIED.,.F.,.F.,(4,4),(-0.770223363567327,0.),.UNSPECIFIED.);
#35=B_SPLINE_CURVE_WITH_KNOTS('',3,(#3894,#3895,#3896,#3897),
 .UNSPECIFIED.,.F.,.F.,(4,4),(-0.169167406858149,0.),.UNSPECIFIED.);
#36=B_SPLINE_CURVE_WITH_KNOTS('',3,(#3902,#3903,#3904,#3905),
 .UNSPECIFIED.,.F.,.F.,(4,4),(-0.179435515376639,0.),.UNSPECIFIED.);
#37=SHAPE_REPRESENTATION_RELATIONSHIP('SRR','None',#4039,#39);
#38=SHAPE_REPRESENTATION_RELATIONSHIP('SRR','None',#4038,#40);
#39=ADVANCED_BREP_SHAPE_REPRESENTATION('',(#44,#45),#4027);
#40=ADVANCED_BREP_SHAPE_REPRESENTATION('',(#46),#4026);
#41=STYLED_ITEM('',(#4052),#44);
#42=STYLED_ITEM('',(#4052),#45);
#43=STYLED_ITEM('',(#4052),#46);
#44=MANIFOLD_SOLID_BREP('Body1',#2398);
#45=MANIFOLD_SOLID_BREP('Body2',#2399);
#46=MANIFOLD_SOLID_BREP('Body1',#2400);
#47=FACE_BOUND('',#315,.T.);
#48=FACE_BOUND('',#321,.T.);
#49=FACE_BOUND('',#330,.T.);
#50=FACE_BOUND('',#348,.T.);
#51=FACE_BOUND('',#349,.T.);
#52=FACE_BOUND('',#350,.T.);
#53=FACE_BOUND('',#351,.T.);
#54=FACE_BOUND('',#352,.T.);
#55=FACE_BOUND('',#354,.T.);
#56=FACE_BOUND('',#355,.T.);
#57=FACE_BOUND('',#356,.T.);
#58=FACE_BOUND('',#357,.T.);
#59=FACE_BOUND('',#358,.T.);
#60=FACE_BOUND('',#360,.T.);
#61=FACE_BOUND('',#361,.T.);
#62=FACE_BOUND('',#362,.T.);
#63=FACE_BOUND('',#363,.T.);
#64=FACE_BOUND('',#364,.T.);
#65=FACE_BOUND('',#366,.T.);
#66=FACE_BOUND('',#367,.T.);
#67=FACE_BOUND('',#368,.T.);
#68=FACE_BOUND('',#369,.T.);
#69=FACE_BOUND('',#370,.T.);
#70=FACE_BOUND('',#377,.T.);
#71=FACE_BOUND('',#383,.T.);
#72=FACE_BOUND('',#392,.T.);
#73=FACE_BOUND('',#410,.T.);
#74=FACE_BOUND('',#411,.T.);
#75=FACE_BOUND('',#412,.T.);
#76=FACE_BOUND('',#413,.T.);
#77=FACE_BOUND('',#414,.T.);
#78=FACE_BOUND('',#416,.T.);
#79=FACE_BOUND('',#417,.T.);
#80=FACE_BOUND('',#418,.T.);
#81=FACE_BOUND('',#419,.T.);
#82=FACE_BOUND('',#420,.T.);
#83=FACE_BOUND('',#422,.T.);
#84=FACE_BOUND('',#423,.T.);
#85=FACE_BOUND('',#424,.T.);
#86=FACE_BOUND('',#425,.T.);
#87=FACE_BOUND('',#426,.T.);
#88=FACE_BOUND('',#428,.T.);
#89=FACE_BOUND('',#429,.T.);
#90=FACE_BOUND('',#430,.T.);
#91=FACE_BOUND('',#431,.T.);
#92=FACE_BOUND('',#432,.T.);
#93=FACE_BOUND('',#453,.T.);
#94=FACE_BOUND('',#462,.T.);
#95=FACE_BOUND('',#468,.T.);
#96=FACE_BOUND('',#469,.T.);
#97=FACE_BOUND('',#470,.T.);
#98=FACE_BOUND('',#471,.T.);
#99=FACE_BOUND('',#472,.T.);
#100=FACE_BOUND('',#474,.T.);
#101=FACE_BOUND('',#475,.T.);
#102=FACE_BOUND('',#476,.T.);
#103=FACE_BOUND('',#477,.T.);
#104=FACE_BOUND('',#478,.T.);
#105=FACE_BOUND('',#484,.T.);
#106=FACE_BOUND('',#485,.T.);
#107=FACE_BOUND('',#486,.T.);
#108=FACE_BOUND('',#487,.T.);
#109=FACE_BOUND('',#488,.T.);
#110=FACE_BOUND('',#490,.T.);
#111=FACE_BOUND('',#491,.T.);
#112=FACE_BOUND('',#492,.T.);
#113=FACE_BOUND('',#493,.T.);
#114=FACE_BOUND('',#494,.T.);
#115=PLANE('',#2418);
#116=PLANE('',#2422);
#117=PLANE('',#2423);
#118=PLANE('',#2424);
#119=PLANE('',#2425);
#120=PLANE('',#2426);
#121=PLANE('',#2427);
#122=PLANE('',#2428);
#123=PLANE('',#2432);
#124=PLANE('',#2433);
#125=PLANE('',#2434);
#126=PLANE('',#2435);
#127=PLANE('',#2436);
#128=PLANE('',#2437);
#129=PLANE('',#2450);
#130=PLANE('',#2451);
#131=PLANE('',#2452);
#132=PLANE('',#2453);
#133=PLANE('',#2472);
#134=PLANE('',#2473);
#135=PLANE('',#2474);
#136=PLANE('',#2475);
#137=PLANE('',#2476);
#138=PLANE('',#2477);
#139=PLANE('',#2478);
#140=PLANE('',#2479);
#141=PLANE('',#2483);
#142=PLANE('',#2487);
#143=PLANE('',#2488);
#144=PLANE('',#2489);
#145=PLANE('',#2490);
#146=PLANE('',#2491);
#147=PLANE('',#2492);
#148=PLANE('',#2493);
#149=PLANE('',#2497);
#150=PLANE('',#2498);
#151=PLANE('',#2499);
#152=PLANE('',#2500);
#153=PLANE('',#2501);
#154=PLANE('',#2502);
#155=PLANE('',#2515);
#156=PLANE('',#2516);
#157=PLANE('',#2517);
#158=PLANE('',#2518);
#159=PLANE('',#2537);
#160=PLANE('',#2538);
#161=PLANE('',#2539);
#162=PLANE('',#2540);
#163=PLANE('',#2541);
#164=PLANE('',#2542);
#165=PLANE('',#2543);
#166=PLANE('',#2544);
#167=PLANE('',#2575);
#168=PLANE('',#2584);
#169=PLANE('',#2585);
#170=PLANE('',#2590);
#171=PLANE('',#2594);
#172=PLANE('',#2598);
#173=PLANE('',#2601);
#174=PLANE('',#2606);
#175=PLANE('',#2613);
#176=PLANE('',#2615);
#177=PLANE('',#2617);
#178=PLANE('',#2618);
#179=PLANE('',#2637);
#180=PLANE('',#2638);
#181=PLANE('',#2639);
#182=PLANE('',#2640);
#183=PLANE('',#2641);
#184=PLANE('',#2642);
#185=PLANE('',#2643);
#186=PLANE('',#2644);
#187=PLANE('',#2645);
#188=PLANE('',#2646);
#189=PLANE('',#2647);
#190=FACE_OUTER_BOUND('',#313,.T.);
#191=FACE_OUTER_BOUND('',#314,.T.);
#192=FACE_OUTER_BOUND('',#316,.T.);
#193=FACE_OUTER_BOUND('',#317,.T.);
#194=FACE_OUTER_BOUND('',#318,.T.);
#195=FACE_OUTER_BOUND('',#319,.T.);
#196=FACE_OUTER_BOUND('',#320,.T.);
#197=FACE_OUTER_BOUND('',#322,.T.);
#198=FACE_OUTER_BOUND('',#323,.T.);
#199=FACE_OUTER_BOUND('',#324,.T.);
#200=FACE_OUTER_BOUND('',#325,.T.);
#201=FACE_OUTER_BOUND('',#326,.T.);
#202=FACE_OUTER_BOUND('',#327,.T.);
#203=FACE_OUTER_BOUND('',#328,.T.);
#204=FACE_OUTER_BOUND('',#329,.T.);
#205=FACE_OUTER_BOUND('',#331,.T.);
#206=FACE_OUTER_BOUND('',#332,.T.);
#207=FACE_OUTER_BOUND('',#333,.T.);
#208=FACE_OUTER_BOUND('',#334,.T.);
#209=FACE_OUTER_BOUND('',#335,.T.);
#210=FACE_OUTER_BOUND('',#336,.T.);
#211=FACE_OUTER_BOUND('',#337,.T.);
#212=FACE_OUTER_BOUND('',#338,.T.);
#213=FACE_OUTER_BOUND('',#339,.T.);
#214=FACE_OUTER_BOUND('',#340,.T.);
#215=FACE_OUTER_BOUND('',#341,.T.);
#216=FACE_OUTER_BOUND('',#342,.T.);
#217=FACE_OUTER_BOUND('',#343,.T.);
#218=FACE_OUTER_BOUND('',#344,.T.);
#219=FACE_OUTER_BOUND('',#345,.T.);
#220=FACE_OUTER_BOUND('',#346,.T.);
#221=FACE_OUTER_BOUND('',#347,.T.);
#222=FACE_OUTER_BOUND('',#353,.T.);
#223=FACE_OUTER_BOUND('',#359,.T.);
#224=FACE_OUTER_BOUND('',#365,.T.);
#225=FACE_OUTER_BOUND('',#371,.T.);
#226=FACE_OUTER_BOUND('',#372,.T.);
#227=FACE_OUTER_BOUND('',#373,.T.);
#228=FACE_OUTER_BOUND('',#374,.T.);
#229=FACE_OUTER_BOUND('',#375,.T.);
#230=FACE_OUTER_BOUND('',#376,.T.);
#231=FACE_OUTER_BOUND('',#378,.T.);
#232=FACE_OUTER_BOUND('',#379,.T.);
#233=FACE_OUTER_BOUND('',#380,.T.);
#234=FACE_OUTER_BOUND('',#381,.T.);
#235=FACE_OUTER_BOUND('',#382,.T.);
#236=FACE_OUTER_BOUND('',#384,.T.);
#237=FACE_OUTER_BOUND('',#385,.T.);
#238=FACE_OUTER_BOUND('',#386,.T.);
#239=FACE_OUTER_BOUND('',#387,.T.);
#240=FACE_OUTER_BOUND('',#388,.T.);
#241=FACE_OUTER_BOUND('',#389,.T.);
#242=FACE_OUTER_BOUND('',#390,.T.);
#243=FACE_OUTER_BOUND('',#391,.T.);
#244=FACE_OUTER_BOUND('',#393,.T.);
#245=FACE_OUTER_BOUND('',#394,.T.);
#246=FACE_OUTER_BOUND('',#395,.T.);
#247=FACE_OUTER_BOUND('',#396,.T.);
#248=FACE_OUTER_BOUND('',#397,.T.);
#249=FACE_OUTER_BOUND('',#398,.T.);
#250=FACE_OUTER_BOUND('',#399,.T.);
#251=FACE_OUTER_BOUND('',#400,.T.);
#252=FACE_OUTER_BOUND('',#401,.T.);
#253=FACE_OUTER_BOUND('',#402,.T.);
#254=FACE_OUTER_BOUND('',#403,.T.);
#255=FACE_OUTER_BOUND('',#404,.T.);
#256=FACE_OUTER_BOUND('',#405,.T.);
#257=FACE_OUTER_BOUND('',#406,.T.);
#258=FACE_OUTER_BOUND('',#407,.T.);
#259=FACE_OUTER_BOUND('',#408,.T.);
#260=FACE_OUTER_BOUND('',#409,.T.);
#261=FACE_OUTER_BOUND('',#415,.T.);
#262=FACE_OUTER_BOUND('',#421,.T.);
#263=FACE_OUTER_BOUND('',#427,.T.);
#264=FACE_OUTER_BOUND('',#433,.T.);
#265=FACE_OUTER_BOUND('',#434,.T.);
#266=FACE_OUTER_BOUND('',#435,.T.);
#267=FACE_OUTER_BOUND('',#436,.T.);
#268=FACE_OUTER_BOUND('',#437,.T.);
#269=FACE_OUTER_BOUND('',#438,.T.);
#270=FACE_OUTER_BOUND('',#439,.T.);
#271=FACE_OUTER_BOUND('',#440,.T.);
#272=FACE_OUTER_BOUND('',#441,.T.);
#273=FACE_OUTER_BOUND('',#442,.T.);
#274=FACE_OUTER_BOUND('',#443,.T.);
#275=FACE_OUTER_BOUND('',#444,.T.);
#276=FACE_OUTER_BOUND('',#445,.T.);
#277=FACE_OUTER_BOUND('',#446,.T.);
#278=FACE_OUTER_BOUND('',#447,.T.);
#279=FACE_OUTER_BOUND('',#448,.T.);
#280=FACE_OUTER_BOUND('',#449,.T.);
#281=FACE_OUTER_BOUND('',#450,.T.);
#282=FACE_OUTER_BOUND('',#451,.T.);
#283=FACE_OUTER_BOUND('',#452,.T.);
#284=FACE_OUTER_BOUND('',#454,.T.);
#285=FACE_OUTER_BOUND('',#455,.T.);
#286=FACE_OUTER_BOUND('',#456,.T.);
#287=FACE_OUTER_BOUND('',#457,.T.);
#288=FACE_OUTER_BOUND('',#458,.T.);
#289=FACE_OUTER_BOUND('',#459,.T.);
#290=FACE_OUTER_BOUND('',#460,.T.);
#291=FACE_OUTER_BOUND('',#461,.T.);
#292=FACE_OUTER_BOUND('',#463,.T.);
#293=FACE_OUTER_BOUND('',#464,.T.);
#294=FACE_OUTER_BOUND('',#465,.T.);
#295=FACE_OUTER_BOUND('',#466,.T.);
#296=FACE_OUTER_BOUND('',#467,.T.);
#297=FACE_OUTER_BOUND('',#473,.T.);
#298=FACE_OUTER_BOUND('',#479,.T.);
#299=FACE_OUTER_BOUND('',#480,.T.);
#300=FACE_OUTER_BOUND('',#481,.T.);
#301=FACE_OUTER_BOUND('',#482,.T.);
#302=FACE_OUTER_BOUND('',#483,.T.);
#303=FACE_OUTER_BOUND('',#489,.T.);
#304=FACE_OUTER_BOUND('',#495,.T.);
#305=FACE_OUTER_BOUND('',#496,.T.);
#306=FACE_OUTER_BOUND('',#497,.T.);
#307=FACE_OUTER_BOUND('',#498,.T.);
#308=FACE_OUTER_BOUND('',#499,.T.);
#309=FACE_OUTER_BOUND('',#500,.T.);
#310=FACE_OUTER_BOUND('',#501,.T.);
#311=FACE_OUTER_BOUND('',#502,.T.);
#312=FACE_OUTER_BOUND('',#503,.T.);
#313=EDGE_LOOP('',(#1573,#1574,#1575,#1576));
#314=EDGE_LOOP('',(#1577));
#315=EDGE_LOOP('',(#1578));
#316=EDGE_LOOP('',(#1579,#1580,#1581,#1582));
#317=EDGE_LOOP('',(#1583,#1584,#1585,#1586));
#318=EDGE_LOOP('',(#1587,#1588,#1589,#1590));
#319=EDGE_LOOP('',(#1591,#1592,#1593,#1594));
#320=EDGE_LOOP('',(#1595,#1596,#1597,#1598));
#321=EDGE_LOOP('',(#1599));
#322=EDGE_LOOP('',(#1600,#1601,#1602,#1603,#1604,#1605,#1606,#1607,#1608,
#1609,#1610,#1611));
#323=EDGE_LOOP('',(#1612,#1613,#1614,#1615,#1616,#1617,#1618,#1619,#1620,
#1621,#1622,#1623));
#324=EDGE_LOOP('',(#1624,#1625,#1626,#1627));
#325=EDGE_LOOP('',(#1628,#1629,#1630,#1631));
#326=EDGE_LOOP('',(#1632,#1633,#1634,#1635));
#327=EDGE_LOOP('',(#1636,#1637,#1638,#1639));
#328=EDGE_LOOP('',(#1640,#1641,#1642,#1643,#1644,#1645,#1646,#1647));
#329=EDGE_LOOP('',(#1648,#1649,#1650,#1651));
#330=EDGE_LOOP('',(#1652));
#331=EDGE_LOOP('',(#1653,#1654,#1655,#1656));
#332=EDGE_LOOP('',(#1657,#1658,#1659,#1660));
#333=EDGE_LOOP('',(#1661,#1662,#1663,#1664));
#334=EDGE_LOOP('',(#1665,#1666,#1667,#1668));
#335=EDGE_LOOP('',(#1669,#1670,#1671,#1672));
#336=EDGE_LOOP('',(#1673,#1674,#1675,#1676));
#337=EDGE_LOOP('',(#1677,#1678,#1679,#1680));
#338=EDGE_LOOP('',(#1681,#1682,#1683,#1684));
#339=EDGE_LOOP('',(#1685,#1686,#1687,#1688));
#340=EDGE_LOOP('',(#1689,#1690,#1691,#1692));
#341=EDGE_LOOP('',(#1693,#1694,#1695,#1696));
#342=EDGE_LOOP('',(#1697,#1698,#1699,#1700));
#343=EDGE_LOOP('',(#1701,#1702,#1703,#1704));
#344=EDGE_LOOP('',(#1705,#1706,#1707,#1708));
#345=EDGE_LOOP('',(#1709,#1710,#1711,#1712));
#346=EDGE_LOOP('',(#1713,#1714,#1715,#1716));
#347=EDGE_LOOP('',(#1717,#1718,#1719,#1720,#1721,#1722));
#348=EDGE_LOOP('',(#1723));
#349=EDGE_LOOP('',(#1724));
#350=EDGE_LOOP('',(#1725));
#351=EDGE_LOOP('',(#1726));
#352=EDGE_LOOP('',(#1727));
#353=EDGE_LOOP('',(#1728,#1729,#1730,#1731,#1732,#1733,#1734,#1735,#1736,
#1737));
#354=EDGE_LOOP('',(#1738));
#355=EDGE_LOOP('',(#1739));
#356=EDGE_LOOP('',(#1740));
#357=EDGE_LOOP('',(#1741));
#358=EDGE_LOOP('',(#1742));
#359=EDGE_LOOP('',(#1743,#1744,#1745,#1746,#1747,#1748));
#360=EDGE_LOOP('',(#1749));
#361=EDGE_LOOP('',(#1750));
#362=EDGE_LOOP('',(#1751));
#363=EDGE_LOOP('',(#1752));
#364=EDGE_LOOP('',(#1753));
#365=EDGE_LOOP('',(#1754,#1755,#1756,#1757,#1758,#1759));
#366=EDGE_LOOP('',(#1760));
#367=EDGE_LOOP('',(#1761));
#368=EDGE_LOOP('',(#1762));
#369=EDGE_LOOP('',(#1763));
#370=EDGE_LOOP('',(#1764));
#371=EDGE_LOOP('',(#1765,#1766,#1767,#1768));
#372=EDGE_LOOP('',(#1769,#1770,#1771,#1772));
#373=EDGE_LOOP('',(#1773,#1774,#1775,#1776));
#374=EDGE_LOOP('',(#1777,#1778,#1779,#1780,#1781,#1782,#1783,#1784,#1785,
#1786,#1787,#1788));
#375=EDGE_LOOP('',(#1789,#1790,#1791,#1792));
#376=EDGE_LOOP('',(#1793));
#377=EDGE_LOOP('',(#1794));
#378=EDGE_LOOP('',(#1795,#1796,#1797,#1798));
#379=EDGE_LOOP('',(#1799,#1800,#1801,#1802));
#380=EDGE_LOOP('',(#1803,#1804,#1805,#1806));
#381=EDGE_LOOP('',(#1807,#1808,#1809,#1810));
#382=EDGE_LOOP('',(#1811,#1812,#1813,#1814));
#383=EDGE_LOOP('',(#1815));
#384=EDGE_LOOP('',(#1816,#1817,#1818,#1819,#1820,#1821,#1822,#1823,#1824,
#1825,#1826,#1827));
#385=EDGE_LOOP('',(#1828,#1829,#1830,#1831,#1832,#1833,#1834,#1835,#1836,
#1837,#1838,#1839));
#386=EDGE_LOOP('',(#1840,#1841,#1842,#1843));
#387=EDGE_LOOP('',(#1844,#1845,#1846,#1847));
#388=EDGE_LOOP('',(#1848,#1849,#1850,#1851));
#389=EDGE_LOOP('',(#1852,#1853,#1854,#1855));
#390=EDGE_LOOP('',(#1856,#1857,#1858,#1859,#1860,#1861,#1862,#1863));
#391=EDGE_LOOP('',(#1864,#1865,#1866,#1867));
#392=EDGE_LOOP('',(#1868));
#393=EDGE_LOOP('',(#1869,#1870,#1871,#1872));
#394=EDGE_LOOP('',(#1873,#1874,#1875,#1876));
#395=EDGE_LOOP('',(#1877,#1878,#1879,#1880));
#396=EDGE_LOOP('',(#1881,#1882,#1883,#1884));
#397=EDGE_LOOP('',(#1885,#1886,#1887,#1888));
#398=EDGE_LOOP('',(#1889,#1890,#1891,#1892));
#399=EDGE_LOOP('',(#1893,#1894,#1895,#1896));
#400=EDGE_LOOP('',(#1897,#1898,#1899,#1900));
#401=EDGE_LOOP('',(#1901,#1902,#1903,#1904));
#402=EDGE_LOOP('',(#1905,#1906,#1907,#1908));
#403=EDGE_LOOP('',(#1909,#1910,#1911,#1912));
#404=EDGE_LOOP('',(#1913,#1914,#1915,#1916));
#405=EDGE_LOOP('',(#1917,#1918,#1919,#1920));
#406=EDGE_LOOP('',(#1921,#1922,#1923,#1924));
#407=EDGE_LOOP('',(#1925,#1926,#1927,#1928));
#408=EDGE_LOOP('',(#1929,#1930,#1931,#1932));
#409=EDGE_LOOP('',(#1933,#1934,#1935,#1936,#1937,#1938));
#410=EDGE_LOOP('',(#1939));
#411=EDGE_LOOP('',(#1940));
#412=EDGE_LOOP('',(#1941));
#413=EDGE_LOOP('',(#1942));
#414=EDGE_LOOP('',(#1943));
#415=EDGE_LOOP('',(#1944,#1945,#1946,#1947,#1948,#1949,#1950,#1951,#1952,
#1953));
#416=EDGE_LOOP('',(#1954));
#417=EDGE_LOOP('',(#1955));
#418=EDGE_LOOP('',(#1956));
#419=EDGE_LOOP('',(#1957));
#420=EDGE_LOOP('',(#1958));
#421=EDGE_LOOP('',(#1959,#1960,#1961,#1962,#1963,#1964));
#422=EDGE_LOOP('',(#1965));
#423=EDGE_LOOP('',(#1966));
#424=EDGE_LOOP('',(#1967));
#425=EDGE_LOOP('',(#1968));
#426=EDGE_LOOP('',(#1969));
#427=EDGE_LOOP('',(#1970,#1971,#1972,#1973,#1974,#1975));
#428=EDGE_LOOP('',(#1976));
#429=EDGE_LOOP('',(#1977));
#430=EDGE_LOOP('',(#1978));
#431=EDGE_LOOP('',(#1979));
#432=EDGE_LOOP('',(#1980));
#433=EDGE_LOOP('',(#1981,#1982,#1983,#1984));
#434=EDGE_LOOP('',(#1985,#1986,#1987,#1988));
#435=EDGE_LOOP('',(#1989,#1990,#1991,#1992));
#436=EDGE_LOOP('',(#1993,#1994,#1995,#1996,#1997,#1998,#1999,#2000,#2001,
#2002,#2003,#2004));
#437=EDGE_LOOP('',(#2005,#2006,#2007,#2008));
#438=EDGE_LOOP('',(#2009,#2010,#2011,#2012));
#439=EDGE_LOOP('',(#2013,#2014,#2015,#2016));
#440=EDGE_LOOP('',(#2017,#2018,#2019,#2020));
#441=EDGE_LOOP('',(#2021,#2022,#2023,#2024));
#442=EDGE_LOOP('',(#2025,#2026,#2027,#2028));
#443=EDGE_LOOP('',(#2029,#2030,#2031,#2032));
#444=EDGE_LOOP('',(#2033,#2034,#2035,#2036));
#445=EDGE_LOOP('',(#2037,#2038,#2039,#2040));
#446=EDGE_LOOP('',(#2041,#2042,#2043,#2044));
#447=EDGE_LOOP('',(#2045,#2046,#2047,#2048));
#448=EDGE_LOOP('',(#2049,#2050,#2051,#2052));
#449=EDGE_LOOP('',(#2053,#2054,#2055,#2056));
#450=EDGE_LOOP('',(#2057,#2058,#2059,#2060));
#451=EDGE_LOOP('',(#2061,#2062,#2063,#2064));
#452=EDGE_LOOP('',(#2065,#2066,#2067,#2068));
#453=EDGE_LOOP('',(#2069,#2070,#2071));
#454=EDGE_LOOP('',(#2072,#2073,#2074,#2075));
#455=EDGE_LOOP('',(#2076,#2077,#2078));
#456=EDGE_LOOP('',(#2079,#2080,#2081,#2082));
#457=EDGE_LOOP('',(#2083,#2084,#2085,#2086));
#458=EDGE_LOOP('',(#2087,#2088,#2089,#2090));
#459=EDGE_LOOP('',(#2091,#2092,#2093,#2094));
#460=EDGE_LOOP('',(#2095,#2096,#2097,#2098));
#461=EDGE_LOOP('',(#2099,#2100,#2101,#2102));
#462=EDGE_LOOP('',(#2103,#2104,#2105));
#463=EDGE_LOOP('',(#2106,#2107,#2108,#2109));
#464=EDGE_LOOP('',(#2110,#2111,#2112));
#465=EDGE_LOOP('',(#2113,#2114,#2115,#2116));
#466=EDGE_LOOP('',(#2117,#2118,#2119,#2120));
#467=EDGE_LOOP('',(#2121,#2122,#2123,#2124));
#468=EDGE_LOOP('',(#2125));
#469=EDGE_LOOP('',(#2126));
#470=EDGE_LOOP('',(#2127));
#471=EDGE_LOOP('',(#2128));
#472=EDGE_LOOP('',(#2129));
#473=EDGE_LOOP('',(#2130,#2131,#2132,#2133));
#474=EDGE_LOOP('',(#2134));
#475=EDGE_LOOP('',(#2135));
#476=EDGE_LOOP('',(#2136));
#477=EDGE_LOOP('',(#2137));
#478=EDGE_LOOP('',(#2138));
#479=EDGE_LOOP('',(#2139,#2140,#2141,#2142));
#480=EDGE_LOOP('',(#2143,#2144,#2145,#2146));
#481=EDGE_LOOP('',(#2147,#2148,#2149,#2150,#2151,#2152,#2153,#2154,#2155,
#2156,#2157,#2158,#2159,#2160,#2161,#2162,#2163));
#482=EDGE_LOOP('',(#2164,#2165,#2166,#2167,#2168,#2169,#2170,#2171,#2172,
#2173,#2174,#2175,#2176));
#483=EDGE_LOOP('',(#2177,#2178,#2179,#2180));
#484=EDGE_LOOP('',(#2181));
#485=EDGE_LOOP('',(#2182));
#486=EDGE_LOOP('',(#2183));
#487=EDGE_LOOP('',(#2184));
#488=EDGE_LOOP('',(#2185));
#489=EDGE_LOOP('',(#2186,#2187,#2188,#2189));
#490=EDGE_LOOP('',(#2190));
#491=EDGE_LOOP('',(#2191));
#492=EDGE_LOOP('',(#2192));
#493=EDGE_LOOP('',(#2193));
#494=EDGE_LOOP('',(#2194));
#495=EDGE_LOOP('',(#2195,#2196,#2197,#2198));
#496=EDGE_LOOP('',(#2199,#2200,#2201,#2202));
#497=EDGE_LOOP('',(#2203,#2204,#2205,#2206));
#498=EDGE_LOOP('',(#2207,#2208,#2209,#2210));
#499=EDGE_LOOP('',(#2211,#2212,#2213,#2214));
#500=EDGE_LOOP('',(#2215,#2216,#2217,#2218));
#501=EDGE_LOOP('',(#2219,#2220,#2221,#2222));
#502=EDGE_LOOP('',(#2223,#2224,#2225,#2226));
#503=EDGE_LOOP('',(#2227,#2228,#2229,#2230));
#504=LINE('',#3340,#717);
#505=LINE('',#3348,#718);
#506=LINE('',#3352,#719);
#507=LINE('',#3354,#720);
#508=LINE('',#3356,#721);
#509=LINE('',#3357,#722);
#510=LINE('',#3360,#723);
#511=LINE('',#3362,#724);
#512=LINE('',#3363,#725);
#513=LINE('',#3366,#726);
#514=LINE('',#3368,#727);
#515=LINE('',#3369,#728);
#516=LINE('',#3371,#729);
#517=LINE('',#3374,#730);
#518=LINE('',#3376,#731);
#519=LINE('',#3378,#732);
#520=LINE('',#3380,#733);
#521=LINE('',#3382,#734);
#522=LINE('',#3384,#735);
#523=LINE('',#3386,#736);
#524=LINE('',#3388,#737);
#525=LINE('',#3389,#738);
#526=LINE('',#3392,#739);
#527=LINE('',#3394,#740);
#528=LINE('',#3396,#741);
#529=LINE('',#3398,#742);
#530=LINE('',#3400,#743);
#531=LINE('',#3402,#744);
#532=LINE('',#3403,#745);
#533=LINE('',#3407,#746);
#534=LINE('',#3409,#747);
#535=LINE('',#3411,#748);
#536=LINE('',#3412,#749);
#537=LINE('',#3418,#750);
#538=LINE('',#3421,#751);
#539=LINE('',#3423,#752);
#540=LINE('',#3424,#753);
#541=LINE('',#3426,#754);
#542=LINE('',#3427,#755);
#543=LINE('',#3430,#756);
#544=LINE('',#3432,#757);
#545=LINE('',#3433,#758);
#546=LINE('',#3436,#759);
#547=LINE('',#3437,#760);
#548=LINE('',#3440,#761);
#549=LINE('',#3441,#762);
#550=LINE('',#3443,#763);
#551=LINE('',#3448,#764);
#552=LINE('',#3454,#765);
#553=LINE('',#3460,#766);
#554=LINE('',#3466,#767);
#555=LINE('',#3470,#768);
#556=LINE('',#3472,#769);
#557=LINE('',#3473,#770);
#558=LINE('',#3477,#771);
#559=LINE('',#3479,#772);
#560=LINE('',#3481,#773);
#561=LINE('',#3482,#774);
#562=LINE('',#3486,#775);
#563=LINE('',#3487,#776);
#564=LINE('',#3488,#777);
#565=LINE('',#3492,#778);
#566=LINE('',#3494,#779);
#567=LINE('',#3496,#780);
#568=LINE('',#3497,#781);
#569=LINE('',#3502,#782);
#570=LINE('',#3508,#783);
#571=LINE('',#3514,#784);
#572=LINE('',#3520,#785);
#573=LINE('',#3526,#786);
#574=LINE('',#3532,#787);
#575=LINE('',#3535,#788);
#576=LINE('',#3537,#789);
#577=LINE('',#3538,#790);
#578=LINE('',#3540,#791);
#579=LINE('',#3541,#792);
#580=LINE('',#3543,#793);
#581=LINE('',#3544,#794);
#582=LINE('',#3547,#795);
#583=LINE('',#3548,#796);
#584=LINE('',#3549,#797);
#585=LINE('',#3551,#798);
#586=LINE('',#3559,#799);
#587=LINE('',#3567,#800);
#588=LINE('',#3571,#801);
#589=LINE('',#3573,#802);
#590=LINE('',#3575,#803);
#591=LINE('',#3576,#804);
#592=LINE('',#3579,#805);
#593=LINE('',#3581,#806);
#594=LINE('',#3582,#807);
#595=LINE('',#3585,#808);
#596=LINE('',#3587,#809);
#597=LINE('',#3588,#810);
#598=LINE('',#3590,#811);
#599=LINE('',#3593,#812);
#600=LINE('',#3595,#813);
#601=LINE('',#3597,#814);
#602=LINE('',#3599,#815);
#603=LINE('',#3601,#816);
#604=LINE('',#3603,#817);
#605=LINE('',#3605,#818);
#606=LINE('',#3607,#819);
#607=LINE('',#3608,#820);
#608=LINE('',#3611,#821);
#609=LINE('',#3613,#822);
#610=LINE('',#3615,#823);
#611=LINE('',#3617,#824);
#612=LINE('',#3619,#825);
#613=LINE('',#3621,#826);
#614=LINE('',#3622,#827);
#615=LINE('',#3626,#828);
#616=LINE('',#3628,#829);
#617=LINE('',#3630,#830);
#618=LINE('',#3631,#831);
#619=LINE('',#3637,#832);
#620=LINE('',#3640,#833);
#621=LINE('',#3642,#834);
#622=LINE('',#3643,#835);
#623=LINE('',#3645,#836);
#624=LINE('',#3646,#837);
#625=LINE('',#3649,#838);
#626=LINE('',#3651,#839);
#627=LINE('',#3652,#840);
#628=LINE('',#3655,#841);
#629=LINE('',#3656,#842);
#630=LINE('',#3659,#843);
#631=LINE('',#3660,#844);
#632=LINE('',#3662,#845);
#633=LINE('',#3667,#846);
#634=LINE('',#3673,#847);
#635=LINE('',#3679,#848);
#636=LINE('',#3685,#849);
#637=LINE('',#3689,#850);
#638=LINE('',#3691,#851);
#639=LINE('',#3692,#852);
#640=LINE('',#3696,#853);
#641=LINE('',#3698,#854);
#642=LINE('',#3700,#855);
#643=LINE('',#3701,#856);
#644=LINE('',#3705,#857);
#645=LINE('',#3706,#858);
#646=LINE('',#3707,#859);
#647=LINE('',#3711,#860);
#648=LINE('',#3713,#861);
#649=LINE('',#3715,#862);
#650=LINE('',#3716,#863);
#651=LINE('',#3721,#864);
#652=LINE('',#3727,#865);
#653=LINE('',#3733,#866);
#654=LINE('',#3739,#867);
#655=LINE('',#3745,#868);
#656=LINE('',#3751,#869);
#657=LINE('',#3754,#870);
#658=LINE('',#3756,#871);
#659=LINE('',#3757,#872);
#660=LINE('',#3759,#873);
#661=LINE('',#3760,#874);
#662=LINE('',#3762,#875);
#663=LINE('',#3763,#876);
#664=LINE('',#3766,#877);
#665=LINE('',#3767,#878);
#666=LINE('',#3768,#879);
#667=LINE('',#3770,#880);
#668=LINE('',#3778,#881);
#669=LINE('',#3784,#882);
#670=LINE('',#3790,#883);
#671=LINE('',#3796,#884);
#672=LINE('',#3802,#885);
#673=LINE('',#3808,#886);
#674=LINE('',#3814,#887);
#675=LINE('',#3820,#888);
#676=LINE('',#3826,#889);
#677=LINE('',#3832,#890);
#678=LINE('',#3837,#891);
#679=LINE('',#3844,#892);
#680=LINE('',#3863,#893);
#681=LINE('',#3866,#894);
#682=LINE('',#3869,#895);
#683=LINE('',#3870,#896);
#684=LINE('',#3876,#897);
#685=LINE('',#3879,#898);
#686=LINE('',#3900,#899);
#687=LINE('',#3906,#900);
#688=LINE('',#3912,#901);
#689=LINE('',#3914,#902);
#690=LINE('',#3915,#903);
#691=LINE('',#3918,#904);
#692=LINE('',#3925,#905);
#693=LINE('',#3928,#906);
#694=LINE('',#3935,#907);
#695=LINE('',#3939,#908);
#696=LINE('',#3944,#909);
#697=LINE('',#3948,#910);
#698=LINE('',#3954,#911);
#699=LINE('',#3955,#912);
#700=LINE('',#3960,#913);
#701=LINE('',#3961,#914);
#702=LINE('',#3964,#915);
#703=LINE('',#3965,#916);
#704=LINE('',#3968,#917);
#705=LINE('',#3969,#918);
#706=LINE('',#3976,#919);
#707=LINE('',#3985,#920);
#708=LINE('',#3998,#921);
#709=LINE('',#4003,#922);
#710=LINE('',#4005,#923);
#711=LINE('',#4007,#924);
#712=LINE('',#4009,#925);
#713=LINE('',#4011,#926);
#714=LINE('',#4015,#927);
#715=LINE('',#4017,#928);
#716=LINE('',#4020,#929);
#717=VECTOR('',#2657,6.26753797918983);
#718=VECTOR('',#2668,3.5);
#719=VECTOR('',#2671,10.);
#720=VECTOR('',#2672,10.);
#721=VECTOR('',#2673,10.);
#722=VECTOR('',#2674,10.);
#723=VECTOR('',#2677,10.);
#724=VECTOR('',#2678,10.);
#725=VECTOR('',#2679,10.);
#726=VECTOR('',#2682,10.);
#727=VECTOR('',#2683,10.);
#728=VECTOR('',#2684,10.);
#729=VECTOR('',#2687,10.);
#730=VECTOR('',#2690,10.);
#731=VECTOR('',#2691,10.);
#732=VECTOR('',#2692,10.);
#733=VECTOR('',#2693,10.);
#734=VECTOR('',#2694,10.);
#735=VECTOR('',#2695,10.);
#736=VECTOR('',#2696,10.);
#737=VECTOR('',#2697,10.);
#738=VECTOR('',#2698,10.);
#739=VECTOR('',#2701,10.);
#740=VECTOR('',#2702,10.);
#741=VECTOR('',#2703,10.);
#742=VECTOR('',#2704,10.);
#743=VECTOR('',#2705,10.);
#744=VECTOR('',#2706,10.);
#745=VECTOR('',#2707,10.);
#746=VECTOR('',#2710,10.);
#747=VECTOR('',#2711,10.);
#748=VECTOR('',#2712,10.);
#749=VECTOR('',#2713,10.);
#750=VECTOR('',#2718,10.);
#751=VECTOR('',#2721,10.);
#752=VECTOR('',#2724,10.);
#753=VECTOR('',#2725,10.);
#754=VECTOR('',#2728,10.);
#755=VECTOR('',#2729,10.);
#756=VECTOR('',#2732,10.);
#757=VECTOR('',#2733,10.);
#758=VECTOR('',#2734,10.);
#759=VECTOR('',#2737,10.);
#760=VECTOR('',#2738,10.);
#761=VECTOR('',#2741,10.);
#762=VECTOR('',#2742,10.);
#763=VECTOR('',#2745,10.);
#764=VECTOR('',#2750,1.75);
#765=VECTOR('',#2757,1.75);
#766=VECTOR('',#2764,1.75);
#767=VECTOR('',#2771,1.75);
#768=VECTOR('',#2776,10.);
#769=VECTOR('',#2777,10.);
#770=VECTOR('',#2778,10.);
#771=VECTOR('',#2781,10.);
#772=VECTOR('',#2782,10.);
#773=VECTOR('',#2783,10.);
#774=VECTOR('',#2784,10.);
#775=VECTOR('',#2787,10.);
#776=VECTOR('',#2788,10.);
#777=VECTOR('',#2789,10.);
#778=VECTOR('',#2792,10.);
#779=VECTOR('',#2793,10.);
#780=VECTOR('',#2794,10.);
#781=VECTOR('',#2795,10.);
#782=VECTOR('',#2800,1.75);
#783=VECTOR('',#2807,1.75);
#784=VECTOR('',#2814,6.00000000000001);
#785=VECTOR('',#2821,6.00000000000001);
#786=VECTOR('',#2828,1.75);
#787=VECTOR('',#2835,1.75);
#788=VECTOR('',#2840,10.);
#789=VECTOR('',#2841,10.);
#790=VECTOR('',#2842,10.);
#791=VECTOR('',#2845,10.);
#792=VECTOR('',#2846,10.);
#793=VECTOR('',#2849,10.);
#794=VECTOR('',#2850,10.);
#795=VECTOR('',#2853,10.);
#796=VECTOR('',#2854,10.);
#797=VECTOR('',#2855,10.);
#798=VECTOR('',#2858,10.);
#799=VECTOR('',#2869,6.26753797918983);
#800=VECTOR('',#2880,3.5);
#801=VECTOR('',#2883,10.);
#802=VECTOR('',#2884,10.);
#803=VECTOR('',#2885,10.);
#804=VECTOR('',#2886,10.);
#805=VECTOR('',#2889,10.);
#806=VECTOR('',#2890,10.);
#807=VECTOR('',#2891,10.);
#808=VECTOR('',#2894,10.);
#809=VECTOR('',#2895,10.);
#810=VECTOR('',#2896,10.);
#811=VECTOR('',#2899,10.);
#812=VECTOR('',#2902,10.);
#813=VECTOR('',#2903,10.);
#814=VECTOR('',#2904,10.);
#815=VECTOR('',#2905,10.);
#816=VECTOR('',#2906,10.);
#817=VECTOR('',#2907,10.);
#818=VECTOR('',#2908,10.);
#819=VECTOR('',#2909,10.);
#820=VECTOR('',#2910,10.);
#821=VECTOR('',#2913,10.);
#822=VECTOR('',#2914,10.);
#823=VECTOR('',#2915,10.);
#824=VECTOR('',#2916,10.);
#825=VECTOR('',#2917,10.);
#826=VECTOR('',#2918,10.);
#827=VECTOR('',#2919,10.);
#828=VECTOR('',#2922,10.);
#829=VECTOR('',#2923,10.);
#830=VECTOR('',#2924,10.);
#831=VECTOR('',#2925,10.);
#832=VECTOR('',#2930,10.);
#833=VECTOR('',#2933,10.);
#834=VECTOR('',#2936,10.);
#835=VECTOR('',#2937,10.);
#836=VECTOR('',#2940,10.);
#837=VECTOR('',#2941,10.);
#838=VECTOR('',#2944,10.);
#839=VECTOR('',#2945,10.);
#840=VECTOR('',#2946,10.);
#841=VECTOR('',#2949,10.);
#842=VECTOR('',#2950,10.);
#843=VECTOR('',#2953,10.);
#844=VECTOR('',#2954,10.);
#845=VECTOR('',#2957,10.);
#846=VECTOR('',#2962,1.75);
#847=VECTOR('',#2969,1.75);
#848=VECTOR('',#2976,1.75);
#849=VECTOR('',#2983,1.75);
#850=VECTOR('',#2988,10.);
#851=VECTOR('',#2989,10.);
#852=VECTOR('',#2990,10.);
#853=VECTOR('',#2993,10.);
#854=VECTOR('',#2994,10.);
#855=VECTOR('',#2995,10.);
#856=VECTOR('',#2996,10.);
#857=VECTOR('',#2999,10.);
#858=VECTOR('',#3000,10.);
#859=VECTOR('',#3001,10.);
#860=VECTOR('',#3004,10.);
#861=VECTOR('',#3005,10.);
#862=VECTOR('',#3006,10.);
#863=VECTOR('',#3007,10.);
#864=VECTOR('',#3012,1.75);
#865=VECTOR('',#3019,1.75);
#866=VECTOR('',#3026,6.00000000000001);
#867=VECTOR('',#3033,6.00000000000001);
#868=VECTOR('',#3040,1.75);
#869=VECTOR('',#3047,1.75);
#870=VECTOR('',#3052,10.);
#871=VECTOR('',#3053,10.);
#872=VECTOR('',#3054,10.);
#873=VECTOR('',#3057,10.);
#874=VECTOR('',#3058,10.);
#875=VECTOR('',#3061,10.);
#876=VECTOR('',#3062,10.);
#877=VECTOR('',#3065,10.);
#878=VECTOR('',#3066,10.);
#879=VECTOR('',#3067,10.);
#880=VECTOR('',#3070,10.);
#881=VECTOR('',#3081,1.75000000000001);
#882=VECTOR('',#3088,1.75000000000001);
#883=VECTOR('',#3095,1.75000000000001);
#884=VECTOR('',#3102,1.75000000000001);
#885=VECTOR('',#3109,1.75000000000001);
#886=VECTOR('',#3116,1.75000000000001);
#887=VECTOR('',#3123,5.);
#888=VECTOR('',#3130,5.);
#889=VECTOR('',#3137,1.75000000000001);
#890=VECTOR('',#3144,1.75000000000001);
#891=VECTOR('',#3149,10.);
#892=VECTOR('',#3150,10.);
#893=VECTOR('',#3165,10.);
#894=VECTOR('',#3168,10.);
#895=VECTOR('',#3171,10.);
#896=VECTOR('',#3172,10.);
#897=VECTOR('',#3177,10.);
#898=VECTOR('',#3180,10.);
#899=VECTOR('',#3195,10.);
#900=VECTOR('',#3196,10.);
#901=VECTOR('',#3205,10.);
#902=VECTOR('',#3206,10.);
#903=VECTOR('',#3207,10.);
#904=VECTOR('',#3210,10.);
#905=VECTOR('',#3217,10.);
#906=VECTOR('',#3220,10.);
#907=VECTOR('',#3229,10.);
#908=VECTOR('',#3232,10.);
#909=VECTOR('',#3237,10.);
#910=VECTOR('',#3240,10.);
#911=VECTOR('',#3247,10.);
#912=VECTOR('',#3248,10.);
#913=VECTOR('',#3253,10.);
#914=VECTOR('',#3254,10.);
#915=VECTOR('',#3257,10.);
#916=VECTOR('',#3258,10.);
#917=VECTOR('',#3261,10.);
#918=VECTOR('',#3262,10.);
#919=VECTOR('',#3269,10.);
#920=VECTOR('',#3280,10.);
#921=VECTOR('',#3295,10.);
#922=VECTOR('',#3302,10.);
#923=VECTOR('',#3305,10.);
#924=VECTOR('',#3308,10.);
#925=VECTOR('',#3311,10.);
#926=VECTOR('',#3314,10.);
#927=VECTOR('',#3321,10.);
#928=VECTOR('',#3324,10.);
#929=VECTOR('',#3329,10.);
#930=CIRCLE('',#2416,6.26753797918983);
#931=CIRCLE('',#2417,6.26753797918983);
#932=CIRCLE('',#2419,3.5);
#933=CIRCLE('',#2421,3.5);
#934=CIRCLE('',#2430,2.49999999999999);
#935=CIRCLE('',#2431,2.49999999999999);
#936=CIRCLE('',#2439,1.75);
#937=CIRCLE('',#2440,1.75);
#938=CIRCLE('',#2442,1.75);
#939=CIRCLE('',#2443,1.75);
#940=CIRCLE('',#2445,1.75);
#941=CIRCLE('',#2446,1.75);
#942=CIRCLE('',#2448,1.75);
#943=CIRCLE('',#2449,1.75);
#944=CIRCLE('',#2455,1.75);
#945=CIRCLE('',#2456,1.75);
#946=CIRCLE('',#2458,1.75);
#947=CIRCLE('',#2459,1.75);
#948=CIRCLE('',#2461,6.00000000000001);
#949=CIRCLE('',#2462,6.00000000000001);
#950=CIRCLE('',#2464,6.00000000000001);
#951=CIRCLE('',#2465,6.00000000000001);
#952=CIRCLE('',#2467,1.75);
#953=CIRCLE('',#2468,1.75);
#954=CIRCLE('',#2470,1.75);
#955=CIRCLE('',#2471,1.75);
#956=CIRCLE('',#2481,6.26753797918983);
#957=CIRCLE('',#2482,6.26753797918983);
#958=CIRCLE('',#2484,3.5);
#959=CIRCLE('',#2486,3.5);
#960=CIRCLE('',#2495,2.49999999999999);
#961=CIRCLE('',#2496,2.49999999999999);
#962=CIRCLE('',#2504,1.75);
#963=CIRCLE('',#2505,1.75);
#964=CIRCLE('',#2507,1.75);
#965=CIRCLE('',#2508,1.75);
#966=CIRCLE('',#2510,1.75);
#967=CIRCLE('',#2511,1.75);
#968=CIRCLE('',#2513,1.75);
#969=CIRCLE('',#2514,1.75);
#970=CIRCLE('',#2520,1.75);
#971=CIRCLE('',#2521,1.75);
#972=CIRCLE('',#2523,1.75);
#973=CIRCLE('',#2524,1.75);
#974=CIRCLE('',#2526,6.00000000000001);
#975=CIRCLE('',#2527,6.00000000000001);
#976=CIRCLE('',#2529,6.00000000000001);
#977=CIRCLE('',#2530,6.00000000000001);
#978=CIRCLE('',#2532,1.75);
#979=CIRCLE('',#2533,1.75);
#980=CIRCLE('',#2535,1.75);
#981=CIRCLE('',#2536,1.75);
#982=CIRCLE('',#2546,1.75000000000001);
#983=CIRCLE('',#2547,1.75000000000001);
#984=CIRCLE('',#2549,1.75000000000001);
#985=CIRCLE('',#2550,1.75000000000001);
#986=CIRCLE('',#2552,1.75000000000001);
#987=CIRCLE('',#2553,1.75000000000001);
#988=CIRCLE('',#2555,1.75000000000001);
#989=CIRCLE('',#2556,1.75000000000001);
#990=CIRCLE('',#2558,1.75000000000001);
#991=CIRCLE('',#2559,1.75000000000001);
#992=CIRCLE('',#2561,1.75000000000001);
#993=CIRCLE('',#2562,1.75000000000001);
#994=CIRCLE('',#2564,5.);
#995=CIRCLE('',#2565,5.);
#996=CIRCLE('',#2567,5.);
#997=CIRCLE('',#2568,5.);
#998=CIRCLE('',#2570,1.75000000000001);
#999=CIRCLE('',#2571,1.75000000000001);
#1000=CIRCLE('',#2573,1.75000000000001);
#1001=CIRCLE('',#2574,1.75000000000001);
#1002=CIRCLE('',#2577,225.935522671896);
#1003=CIRCLE('',#2578,224.935522671896);
#1004=CIRCLE('',#2580,138.814480143078);
#1005=CIRCLE('',#2581,137.814480143078);
#1006=CIRCLE('',#2583,225.935522671896);
#1007=CIRCLE('',#2586,443.789722991016);
#1008=CIRCLE('',#2587,395.371658462856);
#1009=CIRCLE('',#2589,137.814480143078);
#1010=CIRCLE('',#2592,224.935522671896);
#1011=CIRCLE('',#2593,225.935522671896);
#1012=CIRCLE('',#2596,138.814480143078);
#1013=CIRCLE('',#2597,137.814480143078);
#1014=CIRCLE('',#2600,225.935522671896);
#1015=CIRCLE('',#2602,443.789722991016);
#1016=CIRCLE('',#2603,395.371658462856);
#1017=CIRCLE('',#2605,137.814480143078);
#1018=CIRCLE('',#2608,14.7908802406548);
#1019=CIRCLE('',#2609,14.7908802406548);
#1020=CIRCLE('',#2611,14.7908802406548);
#1021=CIRCLE('',#2612,14.7908802406548);
#1022=CIRCLE('',#2614,443.789722991016);
#1023=CIRCLE('',#2616,443.789722991016);
#1024=CIRCLE('',#2620,443.789722991016);
#1025=CIRCLE('',#2623,443.789722991016);
#1026=CIRCLE('',#2625,443.789722991016);
#1027=CIRCLE('',#2631,395.371658462856);
#1028=VERTEX_POINT('',#3337);
#1029=VERTEX_POINT('',#3339);
#1030=VERTEX_POINT('',#3343);
#1031=VERTEX_POINT('',#3346);
#1032=VERTEX_POINT('',#3350);
#1033=VERTEX_POINT('',#3351);
#1034=VERTEX_POINT('',#3353);
#1035=VERTEX_POINT('',#3355);
#1036=VERTEX_POINT('',#3359);
#1037=VERTEX_POINT('',#3361);
#1038=VERTEX_POINT('',#3365);
#1039=VERTEX_POINT('',#3367);
#1040=VERTEX_POINT('',#3373);
#1041=VERTEX_POINT('',#3375);
#1042=VERTEX_POINT('',#3377);
#1043=VERTEX_POINT('',#3379);
#1044=VERTEX_POINT('',#3381);
#1045=VERTEX_POINT('',#3383);
#1046=VERTEX_POINT('',#3385);
#1047=VERTEX_POINT('',#3387);
#1048=VERTEX_POINT('',#3391);
#1049=VERTEX_POINT('',#3393);
#1050=VERTEX_POINT('',#3395);
#1051=VERTEX_POINT('',#3397);
#1052=VERTEX_POINT('',#3399);
#1053=VERTEX_POINT('',#3401);
#1054=VERTEX_POINT('',#3405);
#1055=VERTEX_POINT('',#3406);
#1056=VERTEX_POINT('',#3408);
#1057=VERTEX_POINT('',#3410);
#1058=VERTEX_POINT('',#3414);
#1059=VERTEX_POINT('',#3415);
#1060=VERTEX_POINT('',#3417);
#1061=VERTEX_POINT('',#3419);
#1062=VERTEX_POINT('',#3429);
#1063=VERTEX_POINT('',#3431);
#1064=VERTEX_POINT('',#3435);
#1065=VERTEX_POINT('',#3439);
#1066=VERTEX_POINT('',#3445);
#1067=VERTEX_POINT('',#3447);
#1068=VERTEX_POINT('',#3451);
#1069=VERTEX_POINT('',#3453);
#1070=VERTEX_POINT('',#3457);
#1071=VERTEX_POINT('',#3459);
#1072=VERTEX_POINT('',#3463);
#1073=VERTEX_POINT('',#3465);
#1074=VERTEX_POINT('',#3469);
#1075=VERTEX_POINT('',#3471);
#1076=VERTEX_POINT('',#3475);
#1077=VERTEX_POINT('',#3476);
#1078=VERTEX_POINT('',#3478);
#1079=VERTEX_POINT('',#3480);
#1080=VERTEX_POINT('',#3484);
#1081=VERTEX_POINT('',#3485);
#1082=VERTEX_POINT('',#3490);
#1083=VERTEX_POINT('',#3491);
#1084=VERTEX_POINT('',#3493);
#1085=VERTEX_POINT('',#3495);
#1086=VERTEX_POINT('',#3499);
#1087=VERTEX_POINT('',#3501);
#1088=VERTEX_POINT('',#3505);
#1089=VERTEX_POINT('',#3507);
#1090=VERTEX_POINT('',#3511);
#1091=VERTEX_POINT('',#3513);
#1092=VERTEX_POINT('',#3517);
#1093=VERTEX_POINT('',#3519);
#1094=VERTEX_POINT('',#3523);
#1095=VERTEX_POINT('',#3525);
#1096=VERTEX_POINT('',#3529);
#1097=VERTEX_POINT('',#3531);
#1098=VERTEX_POINT('',#3536);
#1099=VERTEX_POINT('',#3546);
#1100=VERTEX_POINT('',#3556);
#1101=VERTEX_POINT('',#3558);
#1102=VERTEX_POINT('',#3562);
#1103=VERTEX_POINT('',#3565);
#1104=VERTEX_POINT('',#3569);
#1105=VERTEX_POINT('',#3570);
#1106=VERTEX_POINT('',#3572);
#1107=VERTEX_POINT('',#3574);
#1108=VERTEX_POINT('',#3578);
#1109=VERTEX_POINT('',#3580);
#1110=VERTEX_POINT('',#3584);
#1111=VERTEX_POINT('',#3586);
#1112=VERTEX_POINT('',#3592);
#1113=VERTEX_POINT('',#3594);
#1114=VERTEX_POINT('',#3596);
#1115=VERTEX_POINT('',#3598);
#1116=VERTEX_POINT('',#3600);
#1117=VERTEX_POINT('',#3602);
#1118=VERTEX_POINT('',#3604);
#1119=VERTEX_POINT('',#3606);
#1120=VERTEX_POINT('',#3610);
#1121=VERTEX_POINT('',#3612);
#1122=VERTEX_POINT('',#3614);
#1123=VERTEX_POINT('',#3616);
#1124=VERTEX_POINT('',#3618);
#1125=VERTEX_POINT('',#3620);
#1126=VERTEX_POINT('',#3624);
#1127=VERTEX_POINT('',#3625);
#1128=VERTEX_POINT('',#3627);
#1129=VERTEX_POINT('',#3629);
#1130=VERTEX_POINT('',#3633);
#1131=VERTEX_POINT('',#3634);
#1132=VERTEX_POINT('',#3636);
#1133=VERTEX_POINT('',#3638);
#1134=VERTEX_POINT('',#3648);
#1135=VERTEX_POINT('',#3650);
#1136=VERTEX_POINT('',#3654);
#1137=VERTEX_POINT('',#3658);
#1138=VERTEX_POINT('',#3664);
#1139=VERTEX_POINT('',#3666);
#1140=VERTEX_POINT('',#3670);
#1141=VERTEX_POINT('',#3672);
#1142=VERTEX_POINT('',#3676);
#1143=VERTEX_POINT('',#3678);
#1144=VERTEX_POINT('',#3682);
#1145=VERTEX_POINT('',#3684);
#1146=VERTEX_POINT('',#3688);
#1147=VERTEX_POINT('',#3690);
#1148=VERTEX_POINT('',#3694);
#1149=VERTEX_POINT('',#3695);
#1150=VERTEX_POINT('',#3697);
#1151=VERTEX_POINT('',#3699);
#1152=VERTEX_POINT('',#3703);
#1153=VERTEX_POINT('',#3704);
#1154=VERTEX_POINT('',#3709);
#1155=VERTEX_POINT('',#3710);
#1156=VERTEX_POINT('',#3712);
#1157=VERTEX_POINT('',#3714);
#1158=VERTEX_POINT('',#3718);
#1159=VERTEX_POINT('',#3720);
#1160=VERTEX_POINT('',#3724);
#1161=VERTEX_POINT('',#3726);
#1162=VERTEX_POINT('',#3730);
#1163=VERTEX_POINT('',#3732);
#1164=VERTEX_POINT('',#3736);
#1165=VERTEX_POINT('',#3738);
#1166=VERTEX_POINT('',#3742);
#1167=VERTEX_POINT('',#3744);
#1168=VERTEX_POINT('',#3748);
#1169=VERTEX_POINT('',#3750);
#1170=VERTEX_POINT('',#3755);
#1171=VERTEX_POINT('',#3765);
#1172=VERTEX_POINT('',#3775);
#1173=VERTEX_POINT('',#3777);
#1174=VERTEX_POINT('',#3781);
#1175=VERTEX_POINT('',#3783);
#1176=VERTEX_POINT('',#3787);
#1177=VERTEX_POINT('',#3789);
#1178=VERTEX_POINT('',#3793);
#1179=VERTEX_POINT('',#3795);
#1180=VERTEX_POINT('',#3799);
#1181=VERTEX_POINT('',#3801);
#1182=VERTEX_POINT('',#3805);
#1183=VERTEX_POINT('',#3807);
#1184=VERTEX_POINT('',#3811);
#1185=VERTEX_POINT('',#3813);
#1186=VERTEX_POINT('',#3817);
#1187=VERTEX_POINT('',#3819);
#1188=VERTEX_POINT('',#3823);
#1189=VERTEX_POINT('',#3825);
#1190=VERTEX_POINT('',#3829);
#1191=VERTEX_POINT('',#3831);
#1192=VERTEX_POINT('',#3835);
#1193=VERTEX_POINT('',#3836);
#1194=VERTEX_POINT('',#3838);
#1195=VERTEX_POINT('',#3843);
#1196=VERTEX_POINT('',#3850);
#1197=VERTEX_POINT('',#3852);
#1198=VERTEX_POINT('',#3862);
#1199=VERTEX_POINT('',#3864);
#1200=VERTEX_POINT('',#3868);
#1201=VERTEX_POINT('',#3872);
#1202=VERTEX_POINT('',#3873);
#1203=VERTEX_POINT('',#3875);
#1204=VERTEX_POINT('',#3877);
#1205=VERTEX_POINT('',#3884);
#1206=VERTEX_POINT('',#3885);
#1207=VERTEX_POINT('',#3887);
#1208=VERTEX_POINT('',#3892);
#1209=VERTEX_POINT('',#3899);
#1210=VERTEX_POINT('',#3901);
#1211=VERTEX_POINT('',#3911);
#1212=VERTEX_POINT('',#3913);
#1213=VERTEX_POINT('',#3917);
#1214=VERTEX_POINT('',#3921);
#1215=VERTEX_POINT('',#3922);
#1216=VERTEX_POINT('',#3924);
#1217=VERTEX_POINT('',#3926);
#1218=VERTEX_POINT('',#3933);
#1219=VERTEX_POINT('',#3934);
#1220=VERTEX_POINT('',#3936);
#1221=VERTEX_POINT('',#3938);
#1222=VERTEX_POINT('',#3942);
#1223=VERTEX_POINT('',#3943);
#1224=VERTEX_POINT('',#3945);
#1225=VERTEX_POINT('',#3947);
#1226=VERTEX_POINT('',#3951);
#1227=VERTEX_POINT('',#3953);
#1228=VERTEX_POINT('',#3957);
#1229=VERTEX_POINT('',#3959);
#1230=VERTEX_POINT('',#3963);
#1231=VERTEX_POINT('',#3967);
#1232=VERTEX_POINT('',#3971);
#1233=VERTEX_POINT('',#3973);
#1234=VERTEX_POINT('',#3975);
#1235=VERTEX_POINT('',#3978);
#1236=VERTEX_POINT('',#3980);
#1237=VERTEX_POINT('',#3982);
#1238=VERTEX_POINT('',#3986);
#1239=VERTEX_POINT('',#3990);
#1240=VERTEX_POINT('',#3992);
#1241=VERTEX_POINT('',#3995);
#1242=VERTEX_POINT('',#3997);
#1243=VERTEX_POINT('',#4000);
#1244=EDGE_CURVE('',#1028,#1028,#930,.T.);
#1245=EDGE_CURVE('',#1028,#1029,#504,.T.);
#1246=EDGE_CURVE('',#1029,#1029,#931,.T.);
#1247=EDGE_CURVE('',#1030,#1030,#932,.T.);
#1248=EDGE_CURVE('',#1031,#1031,#933,.T.);
#1249=EDGE_CURVE('',#1031,#1030,#505,.T.);
#1250=EDGE_CURVE('',#1032,#1033,#506,.T.);
#1251=EDGE_CURVE('',#1032,#1034,#507,.T.);
#1252=EDGE_CURVE('',#1034,#1035,#508,.T.);
#1253=EDGE_CURVE('',#1035,#1033,#509,.T.);
#1254=EDGE_CURVE('',#1035,#1036,#510,.T.);
#1255=EDGE_CURVE('',#1036,#1037,#511,.T.);
#1256=EDGE_CURVE('',#1033,#1037,#512,.T.);
#1257=EDGE_CURVE('',#1036,#1038,#513,.T.);
#1258=EDGE_CURVE('',#1038,#1039,#514,.T.);
#1259=EDGE_CURVE('',#1037,#1039,#515,.T.);
#1260=EDGE_CURVE('',#1034,#1038,#516,.T.);
#1261=EDGE_CURVE('',#1040,#1032,#517,.T.);
#1262=EDGE_CURVE('',#1041,#1040,#518,.T.);
#1263=EDGE_CURVE('',#1041,#1042,#519,.T.);
#1264=EDGE_CURVE('',#1042,#1043,#520,.T.);
#1265=EDGE_CURVE('',#1043,#1044,#521,.T.);
#1266=EDGE_CURVE('',#1044,#1045,#522,.T.);
#1267=EDGE_CURVE('',#1045,#1046,#523,.T.);
#1268=EDGE_CURVE('',#1046,#1047,#524,.T.);
#1269=EDGE_CURVE('',#1039,#1047,#525,.T.);
#1270=EDGE_CURVE('',#1047,#1048,#526,.T.);
#1271=EDGE_CURVE('',#1048,#1049,#527,.T.);
#1272=EDGE_CURVE('',#1049,#1050,#528,.T.);
#1273=EDGE_CURVE('',#1050,#1051,#529,.T.);
#1274=EDGE_CURVE('',#1051,#1052,#530,.T.);
#1275=EDGE_CURVE('',#1052,#1053,#531,.T.);
#1276=EDGE_CURVE('',#1053,#1040,#532,.T.);
#1277=EDGE_CURVE('',#1054,#1055,#533,.T.);
#1278=EDGE_CURVE('',#1055,#1056,#534,.T.);
#1279=EDGE_CURVE('',#1056,#1057,#535,.T.);
#1280=EDGE_CURVE('',#1057,#1054,#536,.T.);
#1281=EDGE_CURVE('',#1058,#1059,#934,.T.);
#1282=EDGE_CURVE('',#1060,#1058,#537,.T.);
#1283=EDGE_CURVE('',#1061,#1060,#935,.T.);
#1284=EDGE_CURVE('',#1061,#1059,#538,.T.);
#1285=EDGE_CURVE('',#1059,#1045,#539,.T.);
#1286=EDGE_CURVE('',#1046,#1061,#540,.T.);
#1287=EDGE_CURVE('',#1054,#1058,#541,.T.);
#1288=EDGE_CURVE('',#1060,#1057,#542,.T.);
#1289=EDGE_CURVE('',#1044,#1062,#543,.T.);
#1290=EDGE_CURVE('',#1062,#1063,#544,.T.);
#1291=EDGE_CURVE('',#1055,#1063,#545,.T.);
#1292=EDGE_CURVE('',#1043,#1064,#546,.T.);
#1293=EDGE_CURVE('',#1064,#1062,#547,.T.);
#1294=EDGE_CURVE('',#1065,#1042,#548,.T.);
#1295=EDGE_CURVE('',#1065,#1064,#549,.T.);
#1296=EDGE_CURVE('',#1063,#1065,#550,.T.);
#1297=EDGE_CURVE('',#1066,#1066,#936,.T.);
#1298=EDGE_CURVE('',#1066,#1067,#551,.T.);
#1299=EDGE_CURVE('',#1067,#1067,#937,.T.);
#1300=EDGE_CURVE('',#1068,#1068,#938,.T.);
#1301=EDGE_CURVE('',#1068,#1069,#552,.T.);
#1302=EDGE_CURVE('',#1069,#1069,#939,.T.);
#1303=EDGE_CURVE('',#1070,#1070,#940,.T.);
#1304=EDGE_CURVE('',#1070,#1071,#553,.T.);
#1305=EDGE_CURVE('',#1071,#1071,#941,.T.);
#1306=EDGE_CURVE('',#1072,#1072,#942,.T.);
#1307=EDGE_CURVE('',#1072,#1073,#554,.T.);
#1308=EDGE_CURVE('',#1073,#1073,#943,.T.);
#1309=EDGE_CURVE('',#1053,#1074,#555,.T.);
#1310=EDGE_CURVE('',#1075,#1052,#556,.T.);
#1311=EDGE_CURVE('',#1074,#1075,#557,.T.);
#1312=EDGE_CURVE('',#1076,#1077,#558,.T.);
#1313=EDGE_CURVE('',#1078,#1076,#559,.T.);
#1314=EDGE_CURVE('',#1079,#1078,#560,.T.);
#1315=EDGE_CURVE('',#1077,#1079,#561,.T.);
#1316=EDGE_CURVE('',#1080,#1081,#562,.T.);
#1317=EDGE_CURVE('',#1049,#1080,#563,.T.);
#1318=EDGE_CURVE('',#1081,#1048,#564,.T.);
#1319=EDGE_CURVE('',#1082,#1083,#565,.T.);
#1320=EDGE_CURVE('',#1084,#1082,#566,.T.);
#1321=EDGE_CURVE('',#1085,#1084,#567,.T.);
#1322=EDGE_CURVE('',#1083,#1085,#568,.T.);
#1323=EDGE_CURVE('',#1086,#1086,#944,.T.);
#1324=EDGE_CURVE('',#1086,#1087,#569,.T.);
#1325=EDGE_CURVE('',#1087,#1087,#945,.T.);
#1326=EDGE_CURVE('',#1088,#1088,#946,.T.);
#1327=EDGE_CURVE('',#1088,#1089,#570,.T.);
#1328=EDGE_CURVE('',#1089,#1089,#947,.T.);
#1329=EDGE_CURVE('',#1090,#1090,#948,.T.);
#1330=EDGE_CURVE('',#1090,#1091,#571,.T.);
#1331=EDGE_CURVE('',#1091,#1091,#949,.T.);
#1332=EDGE_CURVE('',#1092,#1092,#950,.T.);
#1333=EDGE_CURVE('',#1092,#1093,#572,.T.);
#1334=EDGE_CURVE('',#1093,#1093,#951,.T.);
#1335=EDGE_CURVE('',#1094,#1094,#952,.T.);
#1336=EDGE_CURVE('',#1094,#1095,#573,.T.);
#1337=EDGE_CURVE('',#1095,#1095,#953,.T.);
#1338=EDGE_CURVE('',#1096,#1096,#954,.T.);
#1339=EDGE_CURVE('',#1096,#1097,#574,.T.);
#1340=EDGE_CURVE('',#1097,#1097,#955,.T.);
#1341=EDGE_CURVE('',#1084,#1080,#575,.T.);
#1342=EDGE_CURVE('',#1082,#1098,#576,.T.);
#1343=EDGE_CURVE('',#1098,#1050,#577,.T.);
#1344=EDGE_CURVE('',#1056,#1083,#578,.T.);
#1345=EDGE_CURVE('',#1085,#1081,#579,.T.);
#1346=EDGE_CURVE('',#1076,#1074,#580,.T.);
#1347=EDGE_CURVE('',#1077,#1041,#581,.T.);
#1348=EDGE_CURVE('',#1099,#1051,#582,.T.);
#1349=EDGE_CURVE('',#1079,#1099,#583,.T.);
#1350=EDGE_CURVE('',#1078,#1075,#584,.T.);
#1351=EDGE_CURVE('',#1099,#1098,#585,.T.);
#1352=EDGE_CURVE('',#1100,#1100,#956,.T.);
#1353=EDGE_CURVE('',#1100,#1101,#586,.T.);
#1354=EDGE_CURVE('',#1101,#1101,#957,.T.);
#1355=EDGE_CURVE('',#1102,#1102,#958,.T.);
#1356=EDGE_CURVE('',#1103,#1103,#959,.T.);
#1357=EDGE_CURVE('',#1103,#1102,#587,.T.);
#1358=EDGE_CURVE('',#1104,#1105,#588,.T.);
#1359=EDGE_CURVE('',#1104,#1106,#589,.T.);
#1360=EDGE_CURVE('',#1106,#1107,#590,.T.);
#1361=EDGE_CURVE('',#1107,#1105,#591,.T.);
#1362=EDGE_CURVE('',#1107,#1108,#592,.T.);
#1363=EDGE_CURVE('',#1108,#1109,#593,.T.);
#1364=EDGE_CURVE('',#1105,#1109,#594,.T.);
#1365=EDGE_CURVE('',#1108,#1110,#595,.T.);
#1366=EDGE_CURVE('',#1110,#1111,#596,.T.);
#1367=EDGE_CURVE('',#1109,#1111,#597,.T.);
#1368=EDGE_CURVE('',#1106,#1110,#598,.T.);
#1369=EDGE_CURVE('',#1112,#1104,#599,.T.);
#1370=EDGE_CURVE('',#1113,#1112,#600,.T.);
#1371=EDGE_CURVE('',#1113,#1114,#601,.T.);
#1372=EDGE_CURVE('',#1114,#1115,#602,.T.);
#1373=EDGE_CURVE('',#1115,#1116,#603,.T.);
#1374=EDGE_CURVE('',#1116,#1117,#604,.T.);
#1375=EDGE_CURVE('',#1117,#1118,#605,.T.);
#1376=EDGE_CURVE('',#1118,#1119,#606,.T.);
#1377=EDGE_CURVE('',#1111,#1119,#607,.T.);
#1378=EDGE_CURVE('',#1119,#1120,#608,.T.);
#1379=EDGE_CURVE('',#1120,#1121,#609,.T.);
#1380=EDGE_CURVE('',#1121,#1122,#610,.T.);
#1381=EDGE_CURVE('',#1122,#1123,#611,.T.);
#1382=EDGE_CURVE('',#1123,#1124,#612,.T.);
#1383=EDGE_CURVE('',#1124,#1125,#613,.T.);
#1384=EDGE_CURVE('',#1125,#1112,#614,.T.);
#1385=EDGE_CURVE('',#1126,#1127,#615,.T.);
#1386=EDGE_CURVE('',#1127,#1128,#616,.T.);
#1387=EDGE_CURVE('',#1128,#1129,#617,.T.);
#1388=EDGE_CURVE('',#1129,#1126,#618,.T.);
#1389=EDGE_CURVE('',#1130,#1131,#960,.T.);
#1390=EDGE_CURVE('',#1132,#1130,#619,.T.);
#1391=EDGE_CURVE('',#1133,#1132,#961,.T.);
#1392=EDGE_CURVE('',#1133,#1131,#620,.T.);
#1393=EDGE_CURVE('',#1131,#1117,#621,.T.);
#1394=EDGE_CURVE('',#1118,#1133,#622,.T.);
#1395=EDGE_CURVE('',#1126,#1130,#623,.T.);
#1396=EDGE_CURVE('',#1132,#1129,#624,.T.);
#1397=EDGE_CURVE('',#1116,#1134,#625,.T.);
#1398=EDGE_CURVE('',#1134,#1135,#626,.T.);
#1399=EDGE_CURVE('',#1127,#1135,#627,.T.);
#1400=EDGE_CURVE('',#1115,#1136,#628,.T.);
#1401=EDGE_CURVE('',#1136,#1134,#629,.T.);
#1402=EDGE_CURVE('',#1137,#1114,#630,.T.);
#1403=EDGE_CURVE('',#1137,#1136,#631,.T.);
#1404=EDGE_CURVE('',#1135,#1137,#632,.T.);
#1405=EDGE_CURVE('',#1138,#1138,#962,.T.);
#1406=EDGE_CURVE('',#1138,#1139,#633,.T.);
#1407=EDGE_CURVE('',#1139,#1139,#963,.T.);
#1408=EDGE_CURVE('',#1140,#1140,#964,.T.);
#1409=EDGE_CURVE('',#1140,#1141,#634,.T.);
#1410=EDGE_CURVE('',#1141,#1141,#965,.T.);
#1411=EDGE_CURVE('',#1142,#1142,#966,.T.);
#1412=EDGE_CURVE('',#1142,#1143,#635,.T.);
#1413=EDGE_CURVE('',#1143,#1143,#967,.T.);
#1414=EDGE_CURVE('',#1144,#1144,#968,.T.);
#1415=EDGE_CURVE('',#1144,#1145,#636,.T.);
#1416=EDGE_CURVE('',#1145,#1145,#969,.T.);
#1417=EDGE_CURVE('',#1125,#1146,#637,.T.);
#1418=EDGE_CURVE('',#1147,#1124,#638,.T.);
#1419=EDGE_CURVE('',#1146,#1147,#639,.T.);
#1420=EDGE_CURVE('',#1148,#1149,#640,.T.);
#1421=EDGE_CURVE('',#1150,#1148,#641,.T.);
#1422=EDGE_CURVE('',#1151,#1150,#642,.T.);
#1423=EDGE_CURVE('',#1149,#1151,#643,.T.);
#1424=EDGE_CURVE('',#1152,#1153,#644,.T.);
#1425=EDGE_CURVE('',#1121,#1152,#645,.T.);
#1426=EDGE_CURVE('',#1153,#1120,#646,.T.);
#1427=EDGE_CURVE('',#1154,#1155,#647,.T.);
#1428=EDGE_CURVE('',#1156,#1154,#648,.T.);
#1429=EDGE_CURVE('',#1157,#1156,#649,.T.);
#1430=EDGE_CURVE('',#1155,#1157,#650,.T.);
#1431=EDGE_CURVE('',#1158,#1158,#970,.T.);
#1432=EDGE_CURVE('',#1158,#1159,#651,.T.);
#1433=EDGE_CURVE('',#1159,#1159,#971,.T.);
#1434=EDGE_CURVE('',#1160,#1160,#972,.T.);
#1435=EDGE_CURVE('',#1160,#1161,#652,.T.);
#1436=EDGE_CURVE('',#1161,#1161,#973,.T.);
#1437=EDGE_CURVE('',#1162,#1162,#974,.T.);
#1438=EDGE_CURVE('',#1162,#1163,#653,.T.);
#1439=EDGE_CURVE('',#1163,#1163,#975,.T.);
#1440=EDGE_CURVE('',#1164,#1164,#976,.T.);
#1441=EDGE_CURVE('',#1164,#1165,#654,.T.);
#1442=EDGE_CURVE('',#1165,#1165,#977,.T.);
#1443=EDGE_CURVE('',#1166,#1166,#978,.T.);
#1444=EDGE_CURVE('',#1166,#1167,#655,.T.);
#1445=EDGE_CURVE('',#1167,#1167,#979,.T.);
#1446=EDGE_CURVE('',#1168,#1168,#980,.T.);
#1447=EDGE_CURVE('',#1168,#1169,#656,.T.);
#1448=EDGE_CURVE('',#1169,#1169,#981,.T.);
#1449=EDGE_CURVE('',#1156,#1152,#657,.T.);
#1450=EDGE_CURVE('',#1154,#1170,#658,.T.);
#1451=EDGE_CURVE('',#1170,#1122,#659,.T.);
#1452=EDGE_CURVE('',#1128,#1155,#660,.T.);
#1453=EDGE_CURVE('',#1157,#1153,#661,.T.);
#1454=EDGE_CURVE('',#1148,#1146,#662,.T.);
#1455=EDGE_CURVE('',#1149,#1113,#663,.T.);
#1456=EDGE_CURVE('',#1171,#1123,#664,.T.);
#1457=EDGE_CURVE('',#1151,#1171,#665,.T.);
#1458=EDGE_CURVE('',#1150,#1147,#666,.T.);
#1459=EDGE_CURVE('',#1171,#1170,#667,.T.);
#1460=EDGE_CURVE('',#1172,#1172,#982,.T.);
#1461=EDGE_CURVE('',#1172,#1173,#668,.T.);
#1462=EDGE_CURVE('',#1173,#1173,#983,.T.);
#1463=EDGE_CURVE('',#1174,#1174,#984,.T.);
#1464=EDGE_CURVE('',#1174,#1175,#669,.T.);
#1465=EDGE_CURVE('',#1175,#1175,#985,.T.);
#1466=EDGE_CURVE('',#1176,#1176,#986,.T.);
#1467=EDGE_CURVE('',#1176,#1177,#670,.T.);
#1468=EDGE_CURVE('',#1177,#1177,#987,.T.);
#1469=EDGE_CURVE('',#1178,#1178,#988,.T.);
#1470=EDGE_CURVE('',#1178,#1179,#671,.T.);
#1471=EDGE_CURVE('',#1179,#1179,#989,.T.);
#1472=EDGE_CURVE('',#1180,#1180,#990,.T.);
#1473=EDGE_CURVE('',#1180,#1181,#672,.T.);
#1474=EDGE_CURVE('',#1181,#1181,#991,.T.);
#1475=EDGE_CURVE('',#1182,#1182,#992,.T.);
#1476=EDGE_CURVE('',#1182,#1183,#673,.T.);
#1477=EDGE_CURVE('',#1183,#1183,#993,.T.);
#1478=EDGE_CURVE('',#1184,#1184,#994,.T.);
#1479=EDGE_CURVE('',#1184,#1185,#674,.T.);
#1480=EDGE_CURVE('',#1185,#1185,#995,.T.);
#1481=EDGE_CURVE('',#1186,#1186,#996,.T.);
#1482=EDGE_CURVE('',#1186,#1187,#675,.T.);
#1483=EDGE_CURVE('',#1187,#1187,#997,.T.);
#1484=EDGE_CURVE('',#1188,#1188,#998,.T.);
#1485=EDGE_CURVE('',#1188,#1189,#676,.T.);
#1486=EDGE_CURVE('',#1189,#1189,#999,.T.);
#1487=EDGE_CURVE('',#1190,#1190,#1000,.T.);
#1488=EDGE_CURVE('',#1190,#1191,#677,.T.);
#1489=EDGE_CURVE('',#1191,#1191,#1001,.T.);
#1490=EDGE_CURVE('',#1192,#1193,#678,.T.);
#1491=EDGE_CURVE('',#1193,#1194,#31,.T.);
#1492=EDGE_CURVE('',#1194,#1195,#679,.T.);
#1493=EDGE_CURVE('',#1192,#1195,#32,.T.);
#1494=EDGE_CURVE('',#1195,#1196,#1002,.T.);
#1495=EDGE_CURVE('',#1196,#1197,#33,.T.);
#1496=EDGE_CURVE('',#1197,#1192,#1003,.T.);
#1497=EDGE_CURVE('',#1193,#1197,#1004,.T.);
#1498=EDGE_CURVE('',#1196,#1194,#1005,.T.);
#1499=EDGE_CURVE('',#1195,#1198,#680,.T.);
#1500=EDGE_CURVE('',#1198,#1199,#1006,.T.);
#1501=EDGE_CURVE('',#1196,#1199,#681,.T.);
#1502=EDGE_CURVE('',#1194,#1200,#682,.T.);
#1503=EDGE_CURVE('',#1200,#1198,#683,.T.);
#1504=EDGE_CURVE('',#1201,#1202,#1007,.T.);
#1505=EDGE_CURVE('',#1202,#1203,#684,.T.);
#1506=EDGE_CURVE('',#1203,#1204,#1008,.T.);
#1507=EDGE_CURVE('',#1201,#1204,#685,.T.);
#1508=EDGE_CURVE('',#1199,#1200,#1009,.T.);
#1509=EDGE_CURVE('',#1205,#1206,#1010,.T.);
#1510=EDGE_CURVE('',#1206,#1207,#34,.T.);
#1511=EDGE_CURVE('',#1207,#1208,#1011,.T.);
#1512=EDGE_CURVE('',#1205,#1208,#35,.T.);
#1513=EDGE_CURVE('',#1208,#1209,#686,.T.);
#1514=EDGE_CURVE('',#1209,#1210,#36,.T.);
#1515=EDGE_CURVE('',#1210,#1205,#687,.T.);
#1516=EDGE_CURVE('',#1206,#1210,#1012,.T.);
#1517=EDGE_CURVE('',#1209,#1207,#1013,.T.);
#1518=EDGE_CURVE('',#1208,#1211,#688,.T.);
#1519=EDGE_CURVE('',#1211,#1212,#689,.T.);
#1520=EDGE_CURVE('',#1209,#1212,#690,.T.);
#1521=EDGE_CURVE('',#1207,#1213,#691,.T.);
#1522=EDGE_CURVE('',#1213,#1211,#1014,.T.);
#1523=EDGE_CURVE('',#1214,#1215,#1015,.T.);
#1524=EDGE_CURVE('',#1215,#1216,#692,.T.);
#1525=EDGE_CURVE('',#1216,#1217,#1016,.T.);
#1526=EDGE_CURVE('',#1214,#1217,#693,.T.);
#1527=EDGE_CURVE('',#1212,#1213,#1017,.T.);
#1528=EDGE_CURVE('',#1218,#1219,#694,.T.);
#1529=EDGE_CURVE('',#1220,#1218,#1018,.T.);
#1530=EDGE_CURVE('',#1221,#1220,#695,.T.);
#1531=EDGE_CURVE('',#1219,#1221,#1019,.T.);
#1532=EDGE_CURVE('',#1222,#1223,#696,.T.);
#1533=EDGE_CURVE('',#1224,#1222,#1020,.T.);
#1534=EDGE_CURVE('',#1225,#1224,#697,.T.);
#1535=EDGE_CURVE('',#1223,#1225,#1021,.T.);
#1536=EDGE_CURVE('',#1222,#1226,#1022,.T.);
#1537=EDGE_CURVE('',#1226,#1227,#698,.T.);
#1538=EDGE_CURVE('',#1224,#1227,#699,.T.);
#1539=EDGE_CURVE('',#1218,#1228,#1023,.T.);
#1540=EDGE_CURVE('',#1228,#1229,#700,.T.);
#1541=EDGE_CURVE('',#1220,#1229,#701,.T.);
#1542=EDGE_CURVE('',#1227,#1230,#702,.T.);
#1543=EDGE_CURVE('',#1230,#1225,#703,.T.);
#1544=EDGE_CURVE('',#1229,#1231,#704,.T.);
#1545=EDGE_CURVE('',#1231,#1221,#705,.T.);
#1546=EDGE_CURVE('',#1232,#1223,#1024,.T.);
#1547=EDGE_CURVE('',#1233,#1232,#15,.T.);
#1548=EDGE_CURVE('',#1234,#1233,#706,.T.);
#1549=EDGE_CURVE('',#1228,#1234,#16,.T.);
#1550=EDGE_CURVE('',#1235,#1219,#1025,.T.);
#1551=EDGE_CURVE('',#1236,#1235,#17,.T.);
#1552=EDGE_CURVE('',#1237,#1236,#1026,.T.);
#1553=EDGE_CURVE('',#1202,#1237,#18,.T.);
#1554=EDGE_CURVE('',#1215,#1201,#707,.T.);
#1555=EDGE_CURVE('',#1238,#1214,#19,.T.);
#1556=EDGE_CURVE('',#1226,#1238,#20,.T.);
#1557=EDGE_CURVE('',#1239,#1203,#21,.T.);
#1558=EDGE_CURVE('',#1240,#1239,#1027,.T.);
#1559=EDGE_CURVE('',#1231,#1240,#22,.T.);
#1560=EDGE_CURVE('',#1241,#1229,#23,.T.);
#1561=EDGE_CURVE('',#1242,#1241,#708,.T.);
#1562=EDGE_CURVE('',#1230,#1242,#24,.T.);
#1563=EDGE_CURVE('',#1243,#1227,#25,.T.);
#1564=EDGE_CURVE('',#1217,#1243,#26,.T.);
#1565=EDGE_CURVE('',#1204,#1216,#709,.T.);
#1566=EDGE_CURVE('',#1232,#1230,#710,.T.);
#1567=EDGE_CURVE('',#1235,#1231,#711,.T.);
#1568=EDGE_CURVE('',#1237,#1239,#712,.T.);
#1569=EDGE_CURVE('',#1236,#1240,#713,.T.);
#1570=EDGE_CURVE('',#1234,#1241,#714,.T.);
#1571=EDGE_CURVE('',#1238,#1243,#715,.T.);
#1572=EDGE_CURVE('',#1233,#1242,#716,.T.);
#1573=ORIENTED_EDGE('',*,*,#1244,.F.);
#1574=ORIENTED_EDGE('',*,*,#1245,.T.);
#1575=ORIENTED_EDGE('',*,*,#1246,.T.);
#1576=ORIENTED_EDGE('',*,*,#1245,.F.);
#1577=ORIENTED_EDGE('',*,*,#1246,.F.);
#1578=ORIENTED_EDGE('',*,*,#1247,.F.);
#1579=ORIENTED_EDGE('',*,*,#1248,.F.);
#1580=ORIENTED_EDGE('',*,*,#1249,.T.);
#1581=ORIENTED_EDGE('',*,*,#1247,.T.);
#1582=ORIENTED_EDGE('',*,*,#1249,.F.);
#1583=ORIENTED_EDGE('',*,*,#1250,.F.);
#1584=ORIENTED_EDGE('',*,*,#1251,.T.);
#1585=ORIENTED_EDGE('',*,*,#1252,.T.);
#1586=ORIENTED_EDGE('',*,*,#1253,.T.);
#1587=ORIENTED_EDGE('',*,*,#1254,.T.);
#1588=ORIENTED_EDGE('',*,*,#1255,.T.);
#1589=ORIENTED_EDGE('',*,*,#1256,.F.);
#1590=ORIENTED_EDGE('',*,*,#1253,.F.);
#1591=ORIENTED_EDGE('',*,*,#1257,.T.);
#1592=ORIENTED_EDGE('',*,*,#1258,.T.);
#1593=ORIENTED_EDGE('',*,*,#1259,.F.);
#1594=ORIENTED_EDGE('',*,*,#1255,.F.);
#1595=ORIENTED_EDGE('',*,*,#1257,.F.);
#1596=ORIENTED_EDGE('',*,*,#1254,.F.);
#1597=ORIENTED_EDGE('',*,*,#1252,.F.);
#1598=ORIENTED_EDGE('',*,*,#1260,.T.);
#1599=ORIENTED_EDGE('',*,*,#1244,.T.);
#1600=ORIENTED_EDGE('',*,*,#1258,.F.);
#1601=ORIENTED_EDGE('',*,*,#1260,.F.);
#1602=ORIENTED_EDGE('',*,*,#1251,.F.);
#1603=ORIENTED_EDGE('',*,*,#1261,.F.);
#1604=ORIENTED_EDGE('',*,*,#1262,.F.);
#1605=ORIENTED_EDGE('',*,*,#1263,.T.);
#1606=ORIENTED_EDGE('',*,*,#1264,.T.);
#1607=ORIENTED_EDGE('',*,*,#1265,.T.);
#1608=ORIENTED_EDGE('',*,*,#1266,.T.);
#1609=ORIENTED_EDGE('',*,*,#1267,.T.);
#1610=ORIENTED_EDGE('',*,*,#1268,.T.);
#1611=ORIENTED_EDGE('',*,*,#1269,.F.);
#1612=ORIENTED_EDGE('',*,*,#1250,.T.);
#1613=ORIENTED_EDGE('',*,*,#1256,.T.);
#1614=ORIENTED_EDGE('',*,*,#1259,.T.);
#1615=ORIENTED_EDGE('',*,*,#1269,.T.);
#1616=ORIENTED_EDGE('',*,*,#1270,.T.);
#1617=ORIENTED_EDGE('',*,*,#1271,.T.);
#1618=ORIENTED_EDGE('',*,*,#1272,.T.);
#1619=ORIENTED_EDGE('',*,*,#1273,.T.);
#1620=ORIENTED_EDGE('',*,*,#1274,.T.);
#1621=ORIENTED_EDGE('',*,*,#1275,.T.);
#1622=ORIENTED_EDGE('',*,*,#1276,.T.);
#1623=ORIENTED_EDGE('',*,*,#1261,.T.);
#1624=ORIENTED_EDGE('',*,*,#1277,.T.);
#1625=ORIENTED_EDGE('',*,*,#1278,.T.);
#1626=ORIENTED_EDGE('',*,*,#1279,.T.);
#1627=ORIENTED_EDGE('',*,*,#1280,.T.);
#1628=ORIENTED_EDGE('',*,*,#1281,.F.);
#1629=ORIENTED_EDGE('',*,*,#1282,.F.);
#1630=ORIENTED_EDGE('',*,*,#1283,.F.);
#1631=ORIENTED_EDGE('',*,*,#1284,.T.);
#1632=ORIENTED_EDGE('',*,*,#1285,.F.);
#1633=ORIENTED_EDGE('',*,*,#1284,.F.);
#1634=ORIENTED_EDGE('',*,*,#1286,.F.);
#1635=ORIENTED_EDGE('',*,*,#1267,.F.);
#1636=ORIENTED_EDGE('',*,*,#1287,.F.);
#1637=ORIENTED_EDGE('',*,*,#1280,.F.);
#1638=ORIENTED_EDGE('',*,*,#1288,.F.);
#1639=ORIENTED_EDGE('',*,*,#1282,.T.);
#1640=ORIENTED_EDGE('',*,*,#1287,.T.);
#1641=ORIENTED_EDGE('',*,*,#1281,.T.);
#1642=ORIENTED_EDGE('',*,*,#1285,.T.);
#1643=ORIENTED_EDGE('',*,*,#1266,.F.);
#1644=ORIENTED_EDGE('',*,*,#1289,.T.);
#1645=ORIENTED_EDGE('',*,*,#1290,.T.);
#1646=ORIENTED_EDGE('',*,*,#1291,.F.);
#1647=ORIENTED_EDGE('',*,*,#1277,.F.);
#1648=ORIENTED_EDGE('',*,*,#1265,.F.);
#1649=ORIENTED_EDGE('',*,*,#1292,.T.);
#1650=ORIENTED_EDGE('',*,*,#1293,.T.);
#1651=ORIENTED_EDGE('',*,*,#1289,.F.);
#1652=ORIENTED_EDGE('',*,*,#1248,.T.);
#1653=ORIENTED_EDGE('',*,*,#1264,.F.);
#1654=ORIENTED_EDGE('',*,*,#1294,.F.);
#1655=ORIENTED_EDGE('',*,*,#1295,.T.);
#1656=ORIENTED_EDGE('',*,*,#1292,.F.);
#1657=ORIENTED_EDGE('',*,*,#1295,.F.);
#1658=ORIENTED_EDGE('',*,*,#1296,.F.);
#1659=ORIENTED_EDGE('',*,*,#1290,.F.);
#1660=ORIENTED_EDGE('',*,*,#1293,.F.);
#1661=ORIENTED_EDGE('',*,*,#1297,.F.);
#1662=ORIENTED_EDGE('',*,*,#1298,.T.);
#1663=ORIENTED_EDGE('',*,*,#1299,.F.);
#1664=ORIENTED_EDGE('',*,*,#1298,.F.);
#1665=ORIENTED_EDGE('',*,*,#1300,.F.);
#1666=ORIENTED_EDGE('',*,*,#1301,.T.);
#1667=ORIENTED_EDGE('',*,*,#1302,.F.);
#1668=ORIENTED_EDGE('',*,*,#1301,.F.);
#1669=ORIENTED_EDGE('',*,*,#1303,.F.);
#1670=ORIENTED_EDGE('',*,*,#1304,.T.);
#1671=ORIENTED_EDGE('',*,*,#1305,.F.);
#1672=ORIENTED_EDGE('',*,*,#1304,.F.);
#1673=ORIENTED_EDGE('',*,*,#1306,.F.);
#1674=ORIENTED_EDGE('',*,*,#1307,.T.);
#1675=ORIENTED_EDGE('',*,*,#1308,.F.);
#1676=ORIENTED_EDGE('',*,*,#1307,.F.);
#1677=ORIENTED_EDGE('',*,*,#1309,.F.);
#1678=ORIENTED_EDGE('',*,*,#1275,.F.);
#1679=ORIENTED_EDGE('',*,*,#1310,.F.);
#1680=ORIENTED_EDGE('',*,*,#1311,.F.);
#1681=ORIENTED_EDGE('',*,*,#1312,.F.);
#1682=ORIENTED_EDGE('',*,*,#1313,.F.);
#1683=ORIENTED_EDGE('',*,*,#1314,.F.);
#1684=ORIENTED_EDGE('',*,*,#1315,.F.);
#1685=ORIENTED_EDGE('',*,*,#1316,.F.);
#1686=ORIENTED_EDGE('',*,*,#1317,.F.);
#1687=ORIENTED_EDGE('',*,*,#1271,.F.);
#1688=ORIENTED_EDGE('',*,*,#1318,.F.);
#1689=ORIENTED_EDGE('',*,*,#1319,.F.);
#1690=ORIENTED_EDGE('',*,*,#1320,.F.);
#1691=ORIENTED_EDGE('',*,*,#1321,.F.);
#1692=ORIENTED_EDGE('',*,*,#1322,.F.);
#1693=ORIENTED_EDGE('',*,*,#1323,.F.);
#1694=ORIENTED_EDGE('',*,*,#1324,.T.);
#1695=ORIENTED_EDGE('',*,*,#1325,.F.);
#1696=ORIENTED_EDGE('',*,*,#1324,.F.);
#1697=ORIENTED_EDGE('',*,*,#1326,.F.);
#1698=ORIENTED_EDGE('',*,*,#1327,.T.);
#1699=ORIENTED_EDGE('',*,*,#1328,.F.);
#1700=ORIENTED_EDGE('',*,*,#1327,.F.);
#1701=ORIENTED_EDGE('',*,*,#1329,.F.);
#1702=ORIENTED_EDGE('',*,*,#1330,.T.);
#1703=ORIENTED_EDGE('',*,*,#1331,.F.);
#1704=ORIENTED_EDGE('',*,*,#1330,.F.);
#1705=ORIENTED_EDGE('',*,*,#1332,.F.);
#1706=ORIENTED_EDGE('',*,*,#1333,.T.);
#1707=ORIENTED_EDGE('',*,*,#1334,.F.);
#1708=ORIENTED_EDGE('',*,*,#1333,.F.);
#1709=ORIENTED_EDGE('',*,*,#1335,.F.);
#1710=ORIENTED_EDGE('',*,*,#1336,.T.);
#1711=ORIENTED_EDGE('',*,*,#1337,.F.);
#1712=ORIENTED_EDGE('',*,*,#1336,.F.);
#1713=ORIENTED_EDGE('',*,*,#1338,.F.);
#1714=ORIENTED_EDGE('',*,*,#1339,.T.);
#1715=ORIENTED_EDGE('',*,*,#1340,.F.);
#1716=ORIENTED_EDGE('',*,*,#1339,.F.);
#1717=ORIENTED_EDGE('',*,*,#1317,.T.);
#1718=ORIENTED_EDGE('',*,*,#1341,.F.);
#1719=ORIENTED_EDGE('',*,*,#1320,.T.);
#1720=ORIENTED_EDGE('',*,*,#1342,.T.);
#1721=ORIENTED_EDGE('',*,*,#1343,.T.);
#1722=ORIENTED_EDGE('',*,*,#1272,.F.);
#1723=ORIENTED_EDGE('',*,*,#1340,.T.);
#1724=ORIENTED_EDGE('',*,*,#1334,.T.);
#1725=ORIENTED_EDGE('',*,*,#1328,.T.);
#1726=ORIENTED_EDGE('',*,*,#1308,.T.);
#1727=ORIENTED_EDGE('',*,*,#1302,.T.);
#1728=ORIENTED_EDGE('',*,*,#1288,.T.);
#1729=ORIENTED_EDGE('',*,*,#1279,.F.);
#1730=ORIENTED_EDGE('',*,*,#1344,.T.);
#1731=ORIENTED_EDGE('',*,*,#1322,.T.);
#1732=ORIENTED_EDGE('',*,*,#1345,.T.);
#1733=ORIENTED_EDGE('',*,*,#1318,.T.);
#1734=ORIENTED_EDGE('',*,*,#1270,.F.);
#1735=ORIENTED_EDGE('',*,*,#1268,.F.);
#1736=ORIENTED_EDGE('',*,*,#1286,.T.);
#1737=ORIENTED_EDGE('',*,*,#1283,.T.);
#1738=ORIENTED_EDGE('',*,*,#1338,.T.);
#1739=ORIENTED_EDGE('',*,*,#1332,.T.);
#1740=ORIENTED_EDGE('',*,*,#1326,.T.);
#1741=ORIENTED_EDGE('',*,*,#1306,.T.);
#1742=ORIENTED_EDGE('',*,*,#1300,.T.);
#1743=ORIENTED_EDGE('',*,*,#1309,.T.);
#1744=ORIENTED_EDGE('',*,*,#1346,.F.);
#1745=ORIENTED_EDGE('',*,*,#1312,.T.);
#1746=ORIENTED_EDGE('',*,*,#1347,.T.);
#1747=ORIENTED_EDGE('',*,*,#1262,.T.);
#1748=ORIENTED_EDGE('',*,*,#1276,.F.);
#1749=ORIENTED_EDGE('',*,*,#1337,.T.);
#1750=ORIENTED_EDGE('',*,*,#1331,.T.);
#1751=ORIENTED_EDGE('',*,*,#1325,.T.);
#1752=ORIENTED_EDGE('',*,*,#1305,.T.);
#1753=ORIENTED_EDGE('',*,*,#1299,.T.);
#1754=ORIENTED_EDGE('',*,*,#1310,.T.);
#1755=ORIENTED_EDGE('',*,*,#1274,.F.);
#1756=ORIENTED_EDGE('',*,*,#1348,.F.);
#1757=ORIENTED_EDGE('',*,*,#1349,.F.);
#1758=ORIENTED_EDGE('',*,*,#1314,.T.);
#1759=ORIENTED_EDGE('',*,*,#1350,.T.);
#1760=ORIENTED_EDGE('',*,*,#1335,.T.);
#1761=ORIENTED_EDGE('',*,*,#1329,.T.);
#1762=ORIENTED_EDGE('',*,*,#1323,.T.);
#1763=ORIENTED_EDGE('',*,*,#1303,.T.);
#1764=ORIENTED_EDGE('',*,*,#1297,.T.);
#1765=ORIENTED_EDGE('',*,*,#1351,.F.);
#1766=ORIENTED_EDGE('',*,*,#1348,.T.);
#1767=ORIENTED_EDGE('',*,*,#1273,.F.);
#1768=ORIENTED_EDGE('',*,*,#1343,.F.);
#1769=ORIENTED_EDGE('',*,*,#1316,.T.);
#1770=ORIENTED_EDGE('',*,*,#1345,.F.);
#1771=ORIENTED_EDGE('',*,*,#1321,.T.);
#1772=ORIENTED_EDGE('',*,*,#1341,.T.);
#1773=ORIENTED_EDGE('',*,*,#1311,.T.);
#1774=ORIENTED_EDGE('',*,*,#1350,.F.);
#1775=ORIENTED_EDGE('',*,*,#1313,.T.);
#1776=ORIENTED_EDGE('',*,*,#1346,.T.);
#1777=ORIENTED_EDGE('',*,*,#1294,.T.);
#1778=ORIENTED_EDGE('',*,*,#1263,.F.);
#1779=ORIENTED_EDGE('',*,*,#1347,.F.);
#1780=ORIENTED_EDGE('',*,*,#1315,.T.);
#1781=ORIENTED_EDGE('',*,*,#1349,.T.);
#1782=ORIENTED_EDGE('',*,*,#1351,.T.);
#1783=ORIENTED_EDGE('',*,*,#1342,.F.);
#1784=ORIENTED_EDGE('',*,*,#1319,.T.);
#1785=ORIENTED_EDGE('',*,*,#1344,.F.);
#1786=ORIENTED_EDGE('',*,*,#1278,.F.);
#1787=ORIENTED_EDGE('',*,*,#1291,.T.);
#1788=ORIENTED_EDGE('',*,*,#1296,.T.);
#1789=ORIENTED_EDGE('',*,*,#1352,.F.);
#1790=ORIENTED_EDGE('',*,*,#1353,.T.);
#1791=ORIENTED_EDGE('',*,*,#1354,.T.);
#1792=ORIENTED_EDGE('',*,*,#1353,.F.);
#1793=ORIENTED_EDGE('',*,*,#1354,.F.);
#1794=ORIENTED_EDGE('',*,*,#1355,.F.);
#1795=ORIENTED_EDGE('',*,*,#1356,.F.);
#1796=ORIENTED_EDGE('',*,*,#1357,.T.);
#1797=ORIENTED_EDGE('',*,*,#1355,.T.);
#1798=ORIENTED_EDGE('',*,*,#1357,.F.);
#1799=ORIENTED_EDGE('',*,*,#1358,.F.);
#1800=ORIENTED_EDGE('',*,*,#1359,.T.);
#1801=ORIENTED_EDGE('',*,*,#1360,.T.);
#1802=ORIENTED_EDGE('',*,*,#1361,.T.);
#1803=ORIENTED_EDGE('',*,*,#1362,.T.);
#1804=ORIENTED_EDGE('',*,*,#1363,.T.);
#1805=ORIENTED_EDGE('',*,*,#1364,.F.);
#1806=ORIENTED_EDGE('',*,*,#1361,.F.);
#1807=ORIENTED_EDGE('',*,*,#1365,.T.);
#1808=ORIENTED_EDGE('',*,*,#1366,.T.);
#1809=ORIENTED_EDGE('',*,*,#1367,.F.);
#1810=ORIENTED_EDGE('',*,*,#1363,.F.);
#1811=ORIENTED_EDGE('',*,*,#1365,.F.);
#1812=ORIENTED_EDGE('',*,*,#1362,.F.);
#1813=ORIENTED_EDGE('',*,*,#1360,.F.);
#1814=ORIENTED_EDGE('',*,*,#1368,.T.);
#1815=ORIENTED_EDGE('',*,*,#1352,.T.);
#1816=ORIENTED_EDGE('',*,*,#1366,.F.);
#1817=ORIENTED_EDGE('',*,*,#1368,.F.);
#1818=ORIENTED_EDGE('',*,*,#1359,.F.);
#1819=ORIENTED_EDGE('',*,*,#1369,.F.);
#1820=ORIENTED_EDGE('',*,*,#1370,.F.);
#1821=ORIENTED_EDGE('',*,*,#1371,.T.);
#1822=ORIENTED_EDGE('',*,*,#1372,.T.);
#1823=ORIENTED_EDGE('',*,*,#1373,.T.);
#1824=ORIENTED_EDGE('',*,*,#1374,.T.);
#1825=ORIENTED_EDGE('',*,*,#1375,.T.);
#1826=ORIENTED_EDGE('',*,*,#1376,.T.);
#1827=ORIENTED_EDGE('',*,*,#1377,.F.);
#1828=ORIENTED_EDGE('',*,*,#1358,.T.);
#1829=ORIENTED_EDGE('',*,*,#1364,.T.);
#1830=ORIENTED_EDGE('',*,*,#1367,.T.);
#1831=ORIENTED_EDGE('',*,*,#1377,.T.);
#1832=ORIENTED_EDGE('',*,*,#1378,.T.);
#1833=ORIENTED_EDGE('',*,*,#1379,.T.);
#1834=ORIENTED_EDGE('',*,*,#1380,.T.);
#1835=ORIENTED_EDGE('',*,*,#1381,.T.);
#1836=ORIENTED_EDGE('',*,*,#1382,.T.);
#1837=ORIENTED_EDGE('',*,*,#1383,.T.);
#1838=ORIENTED_EDGE('',*,*,#1384,.T.);
#1839=ORIENTED_EDGE('',*,*,#1369,.T.);
#1840=ORIENTED_EDGE('',*,*,#1385,.T.);
#1841=ORIENTED_EDGE('',*,*,#1386,.T.);
#1842=ORIENTED_EDGE('',*,*,#1387,.T.);
#1843=ORIENTED_EDGE('',*,*,#1388,.T.);
#1844=ORIENTED_EDGE('',*,*,#1389,.F.);
#1845=ORIENTED_EDGE('',*,*,#1390,.F.);
#1846=ORIENTED_EDGE('',*,*,#1391,.F.);
#1847=ORIENTED_EDGE('',*,*,#1392,.T.);
#1848=ORIENTED_EDGE('',*,*,#1393,.F.);
#1849=ORIENTED_EDGE('',*,*,#1392,.F.);
#1850=ORIENTED_EDGE('',*,*,#1394,.F.);
#1851=ORIENTED_EDGE('',*,*,#1375,.F.);
#1852=ORIENTED_EDGE('',*,*,#1395,.F.);
#1853=ORIENTED_EDGE('',*,*,#1388,.F.);
#1854=ORIENTED_EDGE('',*,*,#1396,.F.);
#1855=ORIENTED_EDGE('',*,*,#1390,.T.);
#1856=ORIENTED_EDGE('',*,*,#1395,.T.);
#1857=ORIENTED_EDGE('',*,*,#1389,.T.);
#1858=ORIENTED_EDGE('',*,*,#1393,.T.);
#1859=ORIENTED_EDGE('',*,*,#1374,.F.);
#1860=ORIENTED_EDGE('',*,*,#1397,.T.);
#1861=ORIENTED_EDGE('',*,*,#1398,.T.);
#1862=ORIENTED_EDGE('',*,*,#1399,.F.);
#1863=ORIENTED_EDGE('',*,*,#1385,.F.);
#1864=ORIENTED_EDGE('',*,*,#1373,.F.);
#1865=ORIENTED_EDGE('',*,*,#1400,.T.);
#1866=ORIENTED_EDGE('',*,*,#1401,.T.);
#1867=ORIENTED_EDGE('',*,*,#1397,.F.);
#1868=ORIENTED_EDGE('',*,*,#1356,.T.);
#1869=ORIENTED_EDGE('',*,*,#1372,.F.);
#1870=ORIENTED_EDGE('',*,*,#1402,.F.);
#1871=ORIENTED_EDGE('',*,*,#1403,.T.);
#1872=ORIENTED_EDGE('',*,*,#1400,.F.);
#1873=ORIENTED_EDGE('',*,*,#1403,.F.);
#1874=ORIENTED_EDGE('',*,*,#1404,.F.);
#1875=ORIENTED_EDGE('',*,*,#1398,.F.);
#1876=ORIENTED_EDGE('',*,*,#1401,.F.);
#1877=ORIENTED_EDGE('',*,*,#1405,.F.);
#1878=ORIENTED_EDGE('',*,*,#1406,.T.);
#1879=ORIENTED_EDGE('',*,*,#1407,.F.);
#1880=ORIENTED_EDGE('',*,*,#1406,.F.);
#1881=ORIENTED_EDGE('',*,*,#1408,.F.);
#1882=ORIENTED_EDGE('',*,*,#1409,.T.);
#1883=ORIENTED_EDGE('',*,*,#1410,.F.);
#1884=ORIENTED_EDGE('',*,*,#1409,.F.);
#1885=ORIENTED_EDGE('',*,*,#1411,.F.);
#1886=ORIENTED_EDGE('',*,*,#1412,.T.);
#1887=ORIENTED_EDGE('',*,*,#1413,.F.);
#1888=ORIENTED_EDGE('',*,*,#1412,.F.);
#1889=ORIENTED_EDGE('',*,*,#1414,.F.);
#1890=ORIENTED_EDGE('',*,*,#1415,.T.);
#1891=ORIENTED_EDGE('',*,*,#1416,.F.);
#1892=ORIENTED_EDGE('',*,*,#1415,.F.);
#1893=ORIENTED_EDGE('',*,*,#1417,.F.);
#1894=ORIENTED_EDGE('',*,*,#1383,.F.);
#1895=ORIENTED_EDGE('',*,*,#1418,.F.);
#1896=ORIENTED_EDGE('',*,*,#1419,.F.);
#1897=ORIENTED_EDGE('',*,*,#1420,.F.);
#1898=ORIENTED_EDGE('',*,*,#1421,.F.);
#1899=ORIENTED_EDGE('',*,*,#1422,.F.);
#1900=ORIENTED_EDGE('',*,*,#1423,.F.);
#1901=ORIENTED_EDGE('',*,*,#1424,.F.);
#1902=ORIENTED_EDGE('',*,*,#1425,.F.);
#1903=ORIENTED_EDGE('',*,*,#1379,.F.);
#1904=ORIENTED_EDGE('',*,*,#1426,.F.);
#1905=ORIENTED_EDGE('',*,*,#1427,.F.);
#1906=ORIENTED_EDGE('',*,*,#1428,.F.);
#1907=ORIENTED_EDGE('',*,*,#1429,.F.);
#1908=ORIENTED_EDGE('',*,*,#1430,.F.);
#1909=ORIENTED_EDGE('',*,*,#1431,.F.);
#1910=ORIENTED_EDGE('',*,*,#1432,.T.);
#1911=ORIENTED_EDGE('',*,*,#1433,.F.);
#1912=ORIENTED_EDGE('',*,*,#1432,.F.);
#1913=ORIENTED_EDGE('',*,*,#1434,.F.);
#1914=ORIENTED_EDGE('',*,*,#1435,.T.);
#1915=ORIENTED_EDGE('',*,*,#1436,.F.);
#1916=ORIENTED_EDGE('',*,*,#1435,.F.);
#1917=ORIENTED_EDGE('',*,*,#1437,.F.);
#1918=ORIENTED_EDGE('',*,*,#1438,.T.);
#1919=ORIENTED_EDGE('',*,*,#1439,.F.);
#1920=ORIENTED_EDGE('',*,*,#1438,.F.);
#1921=ORIENTED_EDGE('',*,*,#1440,.F.);
#1922=ORIENTED_EDGE('',*,*,#1441,.T.);
#1923=ORIENTED_EDGE('',*,*,#1442,.F.);
#1924=ORIENTED_EDGE('',*,*,#1441,.F.);
#1925=ORIENTED_EDGE('',*,*,#1443,.F.);
#1926=ORIENTED_EDGE('',*,*,#1444,.T.);
#1927=ORIENTED_EDGE('',*,*,#1445,.F.);
#1928=ORIENTED_EDGE('',*,*,#1444,.F.);
#1929=ORIENTED_EDGE('',*,*,#1446,.F.);
#1930=ORIENTED_EDGE('',*,*,#1447,.T.);
#1931=ORIENTED_EDGE('',*,*,#1448,.F.);
#1932=ORIENTED_EDGE('',*,*,#1447,.F.);
#1933=ORIENTED_EDGE('',*,*,#1425,.T.);
#1934=ORIENTED_EDGE('',*,*,#1449,.F.);
#1935=ORIENTED_EDGE('',*,*,#1428,.T.);
#1936=ORIENTED_EDGE('',*,*,#1450,.T.);
#1937=ORIENTED_EDGE('',*,*,#1451,.T.);
#1938=ORIENTED_EDGE('',*,*,#1380,.F.);
#1939=ORIENTED_EDGE('',*,*,#1448,.T.);
#1940=ORIENTED_EDGE('',*,*,#1442,.T.);
#1941=ORIENTED_EDGE('',*,*,#1436,.T.);
#1942=ORIENTED_EDGE('',*,*,#1416,.T.);
#1943=ORIENTED_EDGE('',*,*,#1410,.T.);
#1944=ORIENTED_EDGE('',*,*,#1396,.T.);
#1945=ORIENTED_EDGE('',*,*,#1387,.F.);
#1946=ORIENTED_EDGE('',*,*,#1452,.T.);
#1947=ORIENTED_EDGE('',*,*,#1430,.T.);
#1948=ORIENTED_EDGE('',*,*,#1453,.T.);
#1949=ORIENTED_EDGE('',*,*,#1426,.T.);
#1950=ORIENTED_EDGE('',*,*,#1378,.F.);
#1951=ORIENTED_EDGE('',*,*,#1376,.F.);
#1952=ORIENTED_EDGE('',*,*,#1394,.T.);
#1953=ORIENTED_EDGE('',*,*,#1391,.T.);
#1954=ORIENTED_EDGE('',*,*,#1446,.T.);
#1955=ORIENTED_EDGE('',*,*,#1440,.T.);
#1956=ORIENTED_EDGE('',*,*,#1434,.T.);
#1957=ORIENTED_EDGE('',*,*,#1414,.T.);
#1958=ORIENTED_EDGE('',*,*,#1408,.T.);
#1959=ORIENTED_EDGE('',*,*,#1417,.T.);
#1960=ORIENTED_EDGE('',*,*,#1454,.F.);
#1961=ORIENTED_EDGE('',*,*,#1420,.T.);
#1962=ORIENTED_EDGE('',*,*,#1455,.T.);
#1963=ORIENTED_EDGE('',*,*,#1370,.T.);
#1964=ORIENTED_EDGE('',*,*,#1384,.F.);
#1965=ORIENTED_EDGE('',*,*,#1445,.T.);
#1966=ORIENTED_EDGE('',*,*,#1439,.T.);
#1967=ORIENTED_EDGE('',*,*,#1433,.T.);
#1968=ORIENTED_EDGE('',*,*,#1413,.T.);
#1969=ORIENTED_EDGE('',*,*,#1407,.T.);
#1970=ORIENTED_EDGE('',*,*,#1418,.T.);
#1971=ORIENTED_EDGE('',*,*,#1382,.F.);
#1972=ORIENTED_EDGE('',*,*,#1456,.F.);
#1973=ORIENTED_EDGE('',*,*,#1457,.F.);
#1974=ORIENTED_EDGE('',*,*,#1422,.T.);
#1975=ORIENTED_EDGE('',*,*,#1458,.T.);
#1976=ORIENTED_EDGE('',*,*,#1443,.T.);
#1977=ORIENTED_EDGE('',*,*,#1437,.T.);
#1978=ORIENTED_EDGE('',*,*,#1431,.T.);
#1979=ORIENTED_EDGE('',*,*,#1411,.T.);
#1980=ORIENTED_EDGE('',*,*,#1405,.T.);
#1981=ORIENTED_EDGE('',*,*,#1459,.F.);
#1982=ORIENTED_EDGE('',*,*,#1456,.T.);
#1983=ORIENTED_EDGE('',*,*,#1381,.F.);
#1984=ORIENTED_EDGE('',*,*,#1451,.F.);
#1985=ORIENTED_EDGE('',*,*,#1424,.T.);
#1986=ORIENTED_EDGE('',*,*,#1453,.F.);
#1987=ORIENTED_EDGE('',*,*,#1429,.T.);
#1988=ORIENTED_EDGE('',*,*,#1449,.T.);
#1989=ORIENTED_EDGE('',*,*,#1419,.T.);
#1990=ORIENTED_EDGE('',*,*,#1458,.F.);
#1991=ORIENTED_EDGE('',*,*,#1421,.T.);
#1992=ORIENTED_EDGE('',*,*,#1454,.T.);
#1993=ORIENTED_EDGE('',*,*,#1402,.T.);
#1994=ORIENTED_EDGE('',*,*,#1371,.F.);
#1995=ORIENTED_EDGE('',*,*,#1455,.F.);
#1996=ORIENTED_EDGE('',*,*,#1423,.T.);
#1997=ORIENTED_EDGE('',*,*,#1457,.T.);
#1998=ORIENTED_EDGE('',*,*,#1459,.T.);
#1999=ORIENTED_EDGE('',*,*,#1450,.F.);
#2000=ORIENTED_EDGE('',*,*,#1427,.T.);
#2001=ORIENTED_EDGE('',*,*,#1452,.F.);
#2002=ORIENTED_EDGE('',*,*,#1386,.F.);
#2003=ORIENTED_EDGE('',*,*,#1399,.T.);
#2004=ORIENTED_EDGE('',*,*,#1404,.T.);
#2005=ORIENTED_EDGE('',*,*,#1460,.F.);
#2006=ORIENTED_EDGE('',*,*,#1461,.T.);
#2007=ORIENTED_EDGE('',*,*,#1462,.F.);
#2008=ORIENTED_EDGE('',*,*,#1461,.F.);
#2009=ORIENTED_EDGE('',*,*,#1463,.F.);
#2010=ORIENTED_EDGE('',*,*,#1464,.T.);
#2011=ORIENTED_EDGE('',*,*,#1465,.F.);
#2012=ORIENTED_EDGE('',*,*,#1464,.F.);
#2013=ORIENTED_EDGE('',*,*,#1466,.F.);
#2014=ORIENTED_EDGE('',*,*,#1467,.T.);
#2015=ORIENTED_EDGE('',*,*,#1468,.F.);
#2016=ORIENTED_EDGE('',*,*,#1467,.F.);
#2017=ORIENTED_EDGE('',*,*,#1469,.F.);
#2018=ORIENTED_EDGE('',*,*,#1470,.T.);
#2019=ORIENTED_EDGE('',*,*,#1471,.F.);
#2020=ORIENTED_EDGE('',*,*,#1470,.F.);
#2021=ORIENTED_EDGE('',*,*,#1472,.F.);
#2022=ORIENTED_EDGE('',*,*,#1473,.T.);
#2023=ORIENTED_EDGE('',*,*,#1474,.F.);
#2024=ORIENTED_EDGE('',*,*,#1473,.F.);
#2025=ORIENTED_EDGE('',*,*,#1475,.F.);
#2026=ORIENTED_EDGE('',*,*,#1476,.T.);
#2027=ORIENTED_EDGE('',*,*,#1477,.F.);
#2028=ORIENTED_EDGE('',*,*,#1476,.F.);
#2029=ORIENTED_EDGE('',*,*,#1478,.F.);
#2030=ORIENTED_EDGE('',*,*,#1479,.T.);
#2031=ORIENTED_EDGE('',*,*,#1480,.F.);
#2032=ORIENTED_EDGE('',*,*,#1479,.F.);
#2033=ORIENTED_EDGE('',*,*,#1481,.F.);
#2034=ORIENTED_EDGE('',*,*,#1482,.T.);
#2035=ORIENTED_EDGE('',*,*,#1483,.F.);
#2036=ORIENTED_EDGE('',*,*,#1482,.F.);
#2037=ORIENTED_EDGE('',*,*,#1484,.F.);
#2038=ORIENTED_EDGE('',*,*,#1485,.T.);
#2039=ORIENTED_EDGE('',*,*,#1486,.F.);
#2040=ORIENTED_EDGE('',*,*,#1485,.F.);
#2041=ORIENTED_EDGE('',*,*,#1487,.F.);
#2042=ORIENTED_EDGE('',*,*,#1488,.T.);
#2043=ORIENTED_EDGE('',*,*,#1489,.F.);
#2044=ORIENTED_EDGE('',*,*,#1488,.F.);
#2045=ORIENTED_EDGE('',*,*,#1490,.T.);
#2046=ORIENTED_EDGE('',*,*,#1491,.T.);
#2047=ORIENTED_EDGE('',*,*,#1492,.T.);
#2048=ORIENTED_EDGE('',*,*,#1493,.F.);
#2049=ORIENTED_EDGE('',*,*,#1494,.T.);
#2050=ORIENTED_EDGE('',*,*,#1495,.T.);
#2051=ORIENTED_EDGE('',*,*,#1496,.T.);
#2052=ORIENTED_EDGE('',*,*,#1493,.T.);
#2053=ORIENTED_EDGE('',*,*,#1497,.T.);
#2054=ORIENTED_EDGE('',*,*,#1495,.F.);
#2055=ORIENTED_EDGE('',*,*,#1498,.T.);
#2056=ORIENTED_EDGE('',*,*,#1491,.F.);
#2057=ORIENTED_EDGE('',*,*,#1494,.F.);
#2058=ORIENTED_EDGE('',*,*,#1499,.T.);
#2059=ORIENTED_EDGE('',*,*,#1500,.T.);
#2060=ORIENTED_EDGE('',*,*,#1501,.F.);
#2061=ORIENTED_EDGE('',*,*,#1492,.F.);
#2062=ORIENTED_EDGE('',*,*,#1502,.T.);
#2063=ORIENTED_EDGE('',*,*,#1503,.T.);
#2064=ORIENTED_EDGE('',*,*,#1499,.F.);
#2065=ORIENTED_EDGE('',*,*,#1504,.T.);
#2066=ORIENTED_EDGE('',*,*,#1505,.T.);
#2067=ORIENTED_EDGE('',*,*,#1506,.T.);
#2068=ORIENTED_EDGE('',*,*,#1507,.F.);
#2069=ORIENTED_EDGE('',*,*,#1490,.F.);
#2070=ORIENTED_EDGE('',*,*,#1496,.F.);
#2071=ORIENTED_EDGE('',*,*,#1497,.F.);
#2072=ORIENTED_EDGE('',*,*,#1498,.F.);
#2073=ORIENTED_EDGE('',*,*,#1501,.T.);
#2074=ORIENTED_EDGE('',*,*,#1508,.T.);
#2075=ORIENTED_EDGE('',*,*,#1502,.F.);
#2076=ORIENTED_EDGE('',*,*,#1508,.F.);
#2077=ORIENTED_EDGE('',*,*,#1500,.F.);
#2078=ORIENTED_EDGE('',*,*,#1503,.F.);
#2079=ORIENTED_EDGE('',*,*,#1509,.T.);
#2080=ORIENTED_EDGE('',*,*,#1510,.T.);
#2081=ORIENTED_EDGE('',*,*,#1511,.T.);
#2082=ORIENTED_EDGE('',*,*,#1512,.F.);
#2083=ORIENTED_EDGE('',*,*,#1513,.T.);
#2084=ORIENTED_EDGE('',*,*,#1514,.T.);
#2085=ORIENTED_EDGE('',*,*,#1515,.T.);
#2086=ORIENTED_EDGE('',*,*,#1512,.T.);
#2087=ORIENTED_EDGE('',*,*,#1516,.T.);
#2088=ORIENTED_EDGE('',*,*,#1514,.F.);
#2089=ORIENTED_EDGE('',*,*,#1517,.T.);
#2090=ORIENTED_EDGE('',*,*,#1510,.F.);
#2091=ORIENTED_EDGE('',*,*,#1513,.F.);
#2092=ORIENTED_EDGE('',*,*,#1518,.T.);
#2093=ORIENTED_EDGE('',*,*,#1519,.T.);
#2094=ORIENTED_EDGE('',*,*,#1520,.F.);
#2095=ORIENTED_EDGE('',*,*,#1511,.F.);
#2096=ORIENTED_EDGE('',*,*,#1521,.T.);
#2097=ORIENTED_EDGE('',*,*,#1522,.T.);
#2098=ORIENTED_EDGE('',*,*,#1518,.F.);
#2099=ORIENTED_EDGE('',*,*,#1523,.T.);
#2100=ORIENTED_EDGE('',*,*,#1524,.T.);
#2101=ORIENTED_EDGE('',*,*,#1525,.T.);
#2102=ORIENTED_EDGE('',*,*,#1526,.F.);
#2103=ORIENTED_EDGE('',*,*,#1509,.F.);
#2104=ORIENTED_EDGE('',*,*,#1515,.F.);
#2105=ORIENTED_EDGE('',*,*,#1516,.F.);
#2106=ORIENTED_EDGE('',*,*,#1517,.F.);
#2107=ORIENTED_EDGE('',*,*,#1520,.T.);
#2108=ORIENTED_EDGE('',*,*,#1527,.T.);
#2109=ORIENTED_EDGE('',*,*,#1521,.F.);
#2110=ORIENTED_EDGE('',*,*,#1527,.F.);
#2111=ORIENTED_EDGE('',*,*,#1519,.F.);
#2112=ORIENTED_EDGE('',*,*,#1522,.F.);
#2113=ORIENTED_EDGE('',*,*,#1528,.F.);
#2114=ORIENTED_EDGE('',*,*,#1529,.F.);
#2115=ORIENTED_EDGE('',*,*,#1530,.F.);
#2116=ORIENTED_EDGE('',*,*,#1531,.F.);
#2117=ORIENTED_EDGE('',*,*,#1532,.F.);
#2118=ORIENTED_EDGE('',*,*,#1533,.F.);
#2119=ORIENTED_EDGE('',*,*,#1534,.F.);
#2120=ORIENTED_EDGE('',*,*,#1535,.F.);
#2121=ORIENTED_EDGE('',*,*,#1533,.T.);
#2122=ORIENTED_EDGE('',*,*,#1536,.T.);
#2123=ORIENTED_EDGE('',*,*,#1537,.T.);
#2124=ORIENTED_EDGE('',*,*,#1538,.F.);
#2125=ORIENTED_EDGE('',*,*,#1484,.T.);
#2126=ORIENTED_EDGE('',*,*,#1478,.T.);
#2127=ORIENTED_EDGE('',*,*,#1472,.T.);
#2128=ORIENTED_EDGE('',*,*,#1466,.T.);
#2129=ORIENTED_EDGE('',*,*,#1460,.T.);
#2130=ORIENTED_EDGE('',*,*,#1529,.T.);
#2131=ORIENTED_EDGE('',*,*,#1539,.T.);
#2132=ORIENTED_EDGE('',*,*,#1540,.T.);
#2133=ORIENTED_EDGE('',*,*,#1541,.F.);
#2134=ORIENTED_EDGE('',*,*,#1487,.T.);
#2135=ORIENTED_EDGE('',*,*,#1481,.T.);
#2136=ORIENTED_EDGE('',*,*,#1475,.T.);
#2137=ORIENTED_EDGE('',*,*,#1469,.T.);
#2138=ORIENTED_EDGE('',*,*,#1463,.T.);
#2139=ORIENTED_EDGE('',*,*,#1534,.T.);
#2140=ORIENTED_EDGE('',*,*,#1538,.T.);
#2141=ORIENTED_EDGE('',*,*,#1542,.T.);
#2142=ORIENTED_EDGE('',*,*,#1543,.T.);
#2143=ORIENTED_EDGE('',*,*,#1530,.T.);
#2144=ORIENTED_EDGE('',*,*,#1541,.T.);
#2145=ORIENTED_EDGE('',*,*,#1544,.T.);
#2146=ORIENTED_EDGE('',*,*,#1545,.T.);
#2147=ORIENTED_EDGE('',*,*,#1532,.T.);
#2148=ORIENTED_EDGE('',*,*,#1546,.F.);
#2149=ORIENTED_EDGE('',*,*,#1547,.F.);
#2150=ORIENTED_EDGE('',*,*,#1548,.F.);
#2151=ORIENTED_EDGE('',*,*,#1549,.F.);
#2152=ORIENTED_EDGE('',*,*,#1539,.F.);
#2153=ORIENTED_EDGE('',*,*,#1528,.T.);
#2154=ORIENTED_EDGE('',*,*,#1550,.F.);
#2155=ORIENTED_EDGE('',*,*,#1551,.F.);
#2156=ORIENTED_EDGE('',*,*,#1552,.F.);
#2157=ORIENTED_EDGE('',*,*,#1553,.F.);
#2158=ORIENTED_EDGE('',*,*,#1504,.F.);
#2159=ORIENTED_EDGE('',*,*,#1554,.F.);
#2160=ORIENTED_EDGE('',*,*,#1523,.F.);
#2161=ORIENTED_EDGE('',*,*,#1555,.F.);
#2162=ORIENTED_EDGE('',*,*,#1556,.F.);
#2163=ORIENTED_EDGE('',*,*,#1536,.F.);
#2164=ORIENTED_EDGE('',*,*,#1506,.F.);
#2165=ORIENTED_EDGE('',*,*,#1557,.F.);
#2166=ORIENTED_EDGE('',*,*,#1558,.F.);
#2167=ORIENTED_EDGE('',*,*,#1559,.F.);
#2168=ORIENTED_EDGE('',*,*,#1544,.F.);
#2169=ORIENTED_EDGE('',*,*,#1560,.F.);
#2170=ORIENTED_EDGE('',*,*,#1561,.F.);
#2171=ORIENTED_EDGE('',*,*,#1562,.F.);
#2172=ORIENTED_EDGE('',*,*,#1542,.F.);
#2173=ORIENTED_EDGE('',*,*,#1563,.F.);
#2174=ORIENTED_EDGE('',*,*,#1564,.F.);
#2175=ORIENTED_EDGE('',*,*,#1525,.F.);
#2176=ORIENTED_EDGE('',*,*,#1565,.F.);
#2177=ORIENTED_EDGE('',*,*,#1535,.T.);
#2178=ORIENTED_EDGE('',*,*,#1543,.F.);
#2179=ORIENTED_EDGE('',*,*,#1566,.F.);
#2180=ORIENTED_EDGE('',*,*,#1546,.T.);
#2181=ORIENTED_EDGE('',*,*,#1486,.T.);
#2182=ORIENTED_EDGE('',*,*,#1480,.T.);
#2183=ORIENTED_EDGE('',*,*,#1474,.T.);
#2184=ORIENTED_EDGE('',*,*,#1468,.T.);
#2185=ORIENTED_EDGE('',*,*,#1462,.T.);
#2186=ORIENTED_EDGE('',*,*,#1531,.T.);
#2187=ORIENTED_EDGE('',*,*,#1545,.F.);
#2188=ORIENTED_EDGE('',*,*,#1567,.F.);
#2189=ORIENTED_EDGE('',*,*,#1550,.T.);
#2190=ORIENTED_EDGE('',*,*,#1489,.T.);
#2191=ORIENTED_EDGE('',*,*,#1483,.T.);
#2192=ORIENTED_EDGE('',*,*,#1477,.T.);
#2193=ORIENTED_EDGE('',*,*,#1471,.T.);
#2194=ORIENTED_EDGE('',*,*,#1465,.T.);
#2195=ORIENTED_EDGE('',*,*,#1553,.T.);
#2196=ORIENTED_EDGE('',*,*,#1568,.T.);
#2197=ORIENTED_EDGE('',*,*,#1557,.T.);
#2198=ORIENTED_EDGE('',*,*,#1505,.F.);
#2199=ORIENTED_EDGE('',*,*,#1552,.T.);
#2200=ORIENTED_EDGE('',*,*,#1569,.T.);
#2201=ORIENTED_EDGE('',*,*,#1558,.T.);
#2202=ORIENTED_EDGE('',*,*,#1568,.F.);
#2203=ORIENTED_EDGE('',*,*,#1565,.T.);
#2204=ORIENTED_EDGE('',*,*,#1524,.F.);
#2205=ORIENTED_EDGE('',*,*,#1554,.T.);
#2206=ORIENTED_EDGE('',*,*,#1507,.T.);
#2207=ORIENTED_EDGE('',*,*,#1551,.T.);
#2208=ORIENTED_EDGE('',*,*,#1567,.T.);
#2209=ORIENTED_EDGE('',*,*,#1559,.T.);
#2210=ORIENTED_EDGE('',*,*,#1569,.F.);
#2211=ORIENTED_EDGE('',*,*,#1549,.T.);
#2212=ORIENTED_EDGE('',*,*,#1570,.T.);
#2213=ORIENTED_EDGE('',*,*,#1560,.T.);
#2214=ORIENTED_EDGE('',*,*,#1540,.F.);
#2215=ORIENTED_EDGE('',*,*,#1555,.T.);
#2216=ORIENTED_EDGE('',*,*,#1526,.T.);
#2217=ORIENTED_EDGE('',*,*,#1564,.T.);
#2218=ORIENTED_EDGE('',*,*,#1571,.F.);
#2219=ORIENTED_EDGE('',*,*,#1556,.T.);
#2220=ORIENTED_EDGE('',*,*,#1571,.T.);
#2221=ORIENTED_EDGE('',*,*,#1563,.T.);
#2222=ORIENTED_EDGE('',*,*,#1537,.F.);
#2223=ORIENTED_EDGE('',*,*,#1547,.T.);
#2224=ORIENTED_EDGE('',*,*,#1566,.T.);
#2225=ORIENTED_EDGE('',*,*,#1562,.T.);
#2226=ORIENTED_EDGE('',*,*,#1572,.F.);
#2227=ORIENTED_EDGE('',*,*,#1548,.T.);
#2228=ORIENTED_EDGE('',*,*,#1572,.T.);
#2229=ORIENTED_EDGE('',*,*,#1561,.T.);
#2230=ORIENTED_EDGE('',*,*,#1570,.F.);
#2231=CYLINDRICAL_SURFACE('',#2415,6.26753797918983);
#2232=CYLINDRICAL_SURFACE('',#2420,3.5);
#2233=CYLINDRICAL_SURFACE('',#2429,2.49999999999999);
#2234=CYLINDRICAL_SURFACE('',#2438,1.75);
#2235=CYLINDRICAL_SURFACE('',#2441,1.75);
#2236=CYLINDRICAL_SURFACE('',#2444,1.75);
#2237=CYLINDRICAL_SURFACE('',#2447,1.75);
#2238=CYLINDRICAL_SURFACE('',#2454,1.75);
#2239=CYLINDRICAL_SURFACE('',#2457,1.75);
#2240=CYLINDRICAL_SURFACE('',#2460,6.00000000000001);
#2241=CYLINDRICAL_SURFACE('',#2463,6.00000000000001);
#2242=CYLINDRICAL_SURFACE('',#2466,1.75);
#2243=CYLINDRICAL_SURFACE('',#2469,1.75);
#2244=CYLINDRICAL_SURFACE('',#2480,6.26753797918983);
#2245=CYLINDRICAL_SURFACE('',#2485,3.5);
#2246=CYLINDRICAL_SURFACE('',#2494,2.49999999999999);
#2247=CYLINDRICAL_SURFACE('',#2503,1.75);
#2248=CYLINDRICAL_SURFACE('',#2506,1.75);
#2249=CYLINDRICAL_SURFACE('',#2509,1.75);
#2250=CYLINDRICAL_SURFACE('',#2512,1.75);
#2251=CYLINDRICAL_SURFACE('',#2519,1.75);
#2252=CYLINDRICAL_SURFACE('',#2522,1.75);
#2253=CYLINDRICAL_SURFACE('',#2525,6.00000000000001);
#2254=CYLINDRICAL_SURFACE('',#2528,6.00000000000001);
#2255=CYLINDRICAL_SURFACE('',#2531,1.75);
#2256=CYLINDRICAL_SURFACE('',#2534,1.75);
#2257=CYLINDRICAL_SURFACE('',#2545,1.75000000000001);
#2258=CYLINDRICAL_SURFACE('',#2548,1.75000000000001);
#2259=CYLINDRICAL_SURFACE('',#2551,1.75000000000001);
#2260=CYLINDRICAL_SURFACE('',#2554,1.75000000000001);
#2261=CYLINDRICAL_SURFACE('',#2557,1.75000000000001);
#2262=CYLINDRICAL_SURFACE('',#2560,1.75000000000001);
#2263=CYLINDRICAL_SURFACE('',#2563,5.);
#2264=CYLINDRICAL_SURFACE('',#2566,5.);
#2265=CYLINDRICAL_SURFACE('',#2569,1.75000000000001);
#2266=CYLINDRICAL_SURFACE('',#2572,1.75000000000001);
#2267=CYLINDRICAL_SURFACE('',#2582,225.935522671896);
#2268=CYLINDRICAL_SURFACE('',#2588,137.814480143078);
#2269=CYLINDRICAL_SURFACE('',#2599,225.935522671896);
#2270=CYLINDRICAL_SURFACE('',#2604,137.814480143078);
#2271=CYLINDRICAL_SURFACE('',#2607,14.7908802406548);
#2272=CYLINDRICAL_SURFACE('',#2610,14.7908802406548);
#2273=CYLINDRICAL_SURFACE('',#2619,443.789722991016);
#2274=CYLINDRICAL_SURFACE('',#2629,395.371658462856);
#2275=ADVANCED_FACE('',(#190),#2231,.F.);
#2276=ADVANCED_FACE('',(#191,#47),#115,.T.);
#2277=ADVANCED_FACE('',(#192),#2232,.F.);
#2278=ADVANCED_FACE('',(#193),#116,.T.);
#2279=ADVANCED_FACE('',(#194),#117,.T.);
#2280=ADVANCED_FACE('',(#195),#118,.T.);
#2281=ADVANCED_FACE('',(#196,#48),#119,.T.);
#2282=ADVANCED_FACE('',(#197),#120,.T.);
#2283=ADVANCED_FACE('',(#198),#121,.T.);
#2284=ADVANCED_FACE('',(#199),#122,.T.);
#2285=ADVANCED_FACE('',(#200),#2233,.F.);
#2286=ADVANCED_FACE('',(#201),#123,.F.);
#2287=ADVANCED_FACE('',(#202),#124,.F.);
#2288=ADVANCED_FACE('',(#203),#125,.F.);
#2289=ADVANCED_FACE('',(#204,#49),#126,.F.);
#2290=ADVANCED_FACE('',(#205),#127,.F.);
#2291=ADVANCED_FACE('',(#206),#128,.F.);
#2292=ADVANCED_FACE('',(#207),#2234,.F.);
#2293=ADVANCED_FACE('',(#208),#2235,.F.);
#2294=ADVANCED_FACE('',(#209),#2236,.F.);
#2295=ADVANCED_FACE('',(#210),#2237,.F.);
#2296=ADVANCED_FACE('',(#211),#129,.F.);
#2297=ADVANCED_FACE('',(#212),#130,.F.);
#2298=ADVANCED_FACE('',(#213),#131,.F.);
#2299=ADVANCED_FACE('',(#214),#132,.F.);
#2300=ADVANCED_FACE('',(#215),#2238,.F.);
#2301=ADVANCED_FACE('',(#216),#2239,.F.);
#2302=ADVANCED_FACE('',(#217),#2240,.F.);
#2303=ADVANCED_FACE('',(#218),#2241,.F.);
#2304=ADVANCED_FACE('',(#219),#2242,.F.);
#2305=ADVANCED_FACE('',(#220),#2243,.F.);
#2306=ADVANCED_FACE('',(#221,#50,#51,#52,#53,#54),#133,.T.);
#2307=ADVANCED_FACE('',(#222,#55,#56,#57,#58,#59),#134,.T.);
#2308=ADVANCED_FACE('',(#223,#60,#61,#62,#63,#64),#135,.T.);
#2309=ADVANCED_FACE('',(#224,#65,#66,#67,#68,#69),#136,.T.);
#2310=ADVANCED_FACE('',(#225),#137,.T.);
#2311=ADVANCED_FACE('',(#226),#138,.T.);
#2312=ADVANCED_FACE('',(#227),#139,.T.);
#2313=ADVANCED_FACE('',(#228),#140,.F.);
#2314=ADVANCED_FACE('',(#229),#2244,.F.);
#2315=ADVANCED_FACE('',(#230,#70),#141,.T.);
#2316=ADVANCED_FACE('',(#231),#2245,.F.);
#2317=ADVANCED_FACE('',(#232),#142,.T.);
#2318=ADVANCED_FACE('',(#233),#143,.T.);
#2319=ADVANCED_FACE('',(#234),#144,.T.);
#2320=ADVANCED_FACE('',(#235,#71),#145,.T.);
#2321=ADVANCED_FACE('',(#236),#146,.T.);
#2322=ADVANCED_FACE('',(#237),#147,.T.);
#2323=ADVANCED_FACE('',(#238),#148,.T.);
#2324=ADVANCED_FACE('',(#239),#2246,.F.);
#2325=ADVANCED_FACE('',(#240),#149,.F.);
#2326=ADVANCED_FACE('',(#241),#150,.F.);
#2327=ADVANCED_FACE('',(#242),#151,.F.);
#2328=ADVANCED_FACE('',(#243,#72),#152,.F.);
#2329=ADVANCED_FACE('',(#244),#153,.F.);
#2330=ADVANCED_FACE('',(#245),#154,.F.);
#2331=ADVANCED_FACE('',(#246),#2247,.F.);
#2332=ADVANCED_FACE('',(#247),#2248,.F.);
#2333=ADVANCED_FACE('',(#248),#2249,.F.);
#2334=ADVANCED_FACE('',(#249),#2250,.F.);
#2335=ADVANCED_FACE('',(#250),#155,.F.);
#2336=ADVANCED_FACE('',(#251),#156,.F.);
#2337=ADVANCED_FACE('',(#252),#157,.F.);
#2338=ADVANCED_FACE('',(#253),#158,.F.);
#2339=ADVANCED_FACE('',(#254),#2251,.F.);
#2340=ADVANCED_FACE('',(#255),#2252,.F.);
#2341=ADVANCED_FACE('',(#256),#2253,.F.);
#2342=ADVANCED_FACE('',(#257),#2254,.F.);
#2343=ADVANCED_FACE('',(#258),#2255,.F.);
#2344=ADVANCED_FACE('',(#259),#2256,.F.);
#2345=ADVANCED_FACE('',(#260,#73,#74,#75,#76,#77),#159,.T.);
#2346=ADVANCED_FACE('',(#261,#78,#79,#80,#81,#82),#160,.T.);
#2347=ADVANCED_FACE('',(#262,#83,#84,#85,#86,#87),#161,.T.);
#2348=ADVANCED_FACE('',(#263,#88,#89,#90,#91,#92),#162,.T.);
#2349=ADVANCED_FACE('',(#264),#163,.T.);
#2350=ADVANCED_FACE('',(#265),#164,.T.);
#2351=ADVANCED_FACE('',(#266),#165,.T.);
#2352=ADVANCED_FACE('',(#267),#166,.F.);
#2353=ADVANCED_FACE('',(#268),#2257,.F.);
#2354=ADVANCED_FACE('',(#269),#2258,.F.);
#2355=ADVANCED_FACE('',(#270),#2259,.F.);
#2356=ADVANCED_FACE('',(#271),#2260,.F.);
#2357=ADVANCED_FACE('',(#272),#2261,.F.);
#2358=ADVANCED_FACE('',(#273),#2262,.F.);
#2359=ADVANCED_FACE('',(#274),#2263,.F.);
#2360=ADVANCED_FACE('',(#275),#2264,.F.);
#2361=ADVANCED_FACE('',(#276),#2265,.F.);
#2362=ADVANCED_FACE('',(#277),#2266,.F.);
#2363=ADVANCED_FACE('',(#278),#167,.T.);
#2364=ADVANCED_FACE('',(#279),#27,.T.);
#2365=ADVANCED_FACE('',(#280),#28,.F.);
#2366=ADVANCED_FACE('',(#281),#2267,.T.);
#2367=ADVANCED_FACE('',(#282),#168,.F.);
#2368=ADVANCED_FACE('',(#283,#93),#169,.T.);
#2369=ADVANCED_FACE('',(#284),#2268,.F.);
#2370=ADVANCED_FACE('',(#285),#170,.F.);
#2371=ADVANCED_FACE('',(#286),#29,.T.);
#2372=ADVANCED_FACE('',(#287),#171,.T.);
#2373=ADVANCED_FACE('',(#288),#30,.F.);
#2374=ADVANCED_FACE('',(#289),#172,.F.);
#2375=ADVANCED_FACE('',(#290),#2269,.T.);
#2376=ADVANCED_FACE('',(#291,#94),#173,.T.);
#2377=ADVANCED_FACE('',(#292),#2270,.F.);
#2378=ADVANCED_FACE('',(#293),#174,.T.);
#2379=ADVANCED_FACE('',(#294),#2271,.T.);
#2380=ADVANCED_FACE('',(#295),#2272,.T.);
#2381=ADVANCED_FACE('',(#296,#95,#96,#97,#98,#99),#175,.T.);
#2382=ADVANCED_FACE('',(#297,#100,#101,#102,#103,#104),#176,.T.);
#2383=ADVANCED_FACE('',(#298),#177,.T.);
#2384=ADVANCED_FACE('',(#299),#178,.T.);
#2385=ADVANCED_FACE('',(#300),#2273,.F.);
#2386=ADVANCED_FACE('',(#301),#2274,.T.);
#2387=ADVANCED_FACE('',(#302,#105,#106,#107,#108,#109),#179,.T.);
#2388=ADVANCED_FACE('',(#303,#110,#111,#112,#113,#114),#180,.T.);
#2389=ADVANCED_FACE('',(#304),#181,.T.);
#2390=ADVANCED_FACE('',(#305),#182,.T.);
#2391=ADVANCED_FACE('',(#306),#183,.T.);
#2392=ADVANCED_FACE('',(#307),#184,.T.);
#2393=ADVANCED_FACE('',(#308),#185,.T.);
#2394=ADVANCED_FACE('',(#309),#186,.T.);
#2395=ADVANCED_FACE('',(#310),#187,.T.);
#2396=ADVANCED_FACE('',(#311),#188,.T.);
#2397=ADVANCED_FACE('',(#312),#189,.T.);
#2398=CLOSED_SHELL('',(#2275,#2276,#2277,#2278,#2279,#2280,#2281,#2282,
#2283,#2284,#2285,#2286,#2287,#2288,#2289,#2290,#2291,#2292,#2293,#2294,
#2295,#2296,#2297,#2298,#2299,#2300,#2301,#2302,#2303,#2304,#2305,#2306,
#2307,#2308,#2309,#2310,#2311,#2312,#2313));
#2399=CLOSED_SHELL('',(#2314,#2315,#2316,#2317,#2318,#2319,#2320,#2321,
#2322,#2323,#2324,#2325,#2326,#2327,#2328,#2329,#2330,#2331,#2332,#2333,
#2334,#2335,#2336,#2337,#2338,#2339,#2340,#2341,#2342,#2343,#2344,#2345,
#2346,#2347,#2348,#2349,#2350,#2351,#2352));
#2400=CLOSED_SHELL('',(#2353,#2354,#2355,#2356,#2357,#2358,#2359,#2360,
#2361,#2362,#2363,#2364,#2365,#2366,#2367,#2368,#2369,#2370,#2371,#2372,
#2373,#2374,#2375,#2376,#2377,#2378,#2379,#2380,#2381,#2382,#2383,#2384,
#2385,#2386,#2387,#2388,#2389,#2390,#2391,#2392,#2393,#2394,#2395,#2396,
#2397));
#2401=DERIVED_UNIT_ELEMENT(#2403,1.);
#2402=DERIVED_UNIT_ELEMENT(#4030,-3.);
#2403=(
MASS_UNIT()
NAMED_UNIT(*)
SI_UNIT(.KILO.,.GRAM.)
);
#2404=DERIVED_UNIT((#2401,#2402));
#2405=MEASURE_REPRESENTATION_ITEM('density measure',
POSITIVE_RATIO_MEASURE(7850.),#2404);
#2406=PROPERTY_DEFINITION_REPRESENTATION(#2411,#2408);
#2407=PROPERTY_DEFINITION_REPRESENTATION(#2412,#2409);
#2408=REPRESENTATION('material name',(#2410),#4027);
#2409=REPRESENTATION('density',(#2405),#4027);
#2410=DESCRIPTIVE_REPRESENTATION_ITEM('Steel','Steel');
#2411=PROPERTY_DEFINITION('material property','material name',#4042);
#2412=PROPERTY_DEFINITION('material property','density of part',#4042);
#2413=AXIS2_PLACEMENT_3D('',#3334,#2649,#2650);
#2414=AXIS2_PLACEMENT_3D('',#3335,#2651,#2652);
#2415=AXIS2_PLACEMENT_3D('',#3336,#2653,#2654);
#2416=AXIS2_PLACEMENT_3D('',#3338,#2655,#2656);
#2417=AXIS2_PLACEMENT_3D('',#3341,#2658,#2659);
#2418=AXIS2_PLACEMENT_3D('',#3342,#2660,#2661);
#2419=AXIS2_PLACEMENT_3D('',#3344,#2662,#2663);
#2420=AXIS2_PLACEMENT_3D('',#3345,#2664,#2665);
#2421=AXIS2_PLACEMENT_3D('',#3347,#2666,#2667);
#2422=AXIS2_PLACEMENT_3D('',#3349,#2669,#2670);
#2423=AXIS2_PLACEMENT_3D('',#3358,#2675,#2676);
#2424=AXIS2_PLACEMENT_3D('',#3364,#2680,#2681);
#2425=AXIS2_PLACEMENT_3D('',#3370,#2685,#2686);
#2426=AXIS2_PLACEMENT_3D('',#3372,#2688,#2689);
#2427=AXIS2_PLACEMENT_3D('',#3390,#2699,#2700);
#2428=AXIS2_PLACEMENT_3D('',#3404,#2708,#2709);
#2429=AXIS2_PLACEMENT_3D('',#3413,#2714,#2715);
#2430=AXIS2_PLACEMENT_3D('',#3416,#2716,#2717);
#2431=AXIS2_PLACEMENT_3D('',#3420,#2719,#2720);
#2432=AXIS2_PLACEMENT_3D('',#3422,#2722,#2723);
#2433=AXIS2_PLACEMENT_3D('',#3425,#2726,#2727);
#2434=AXIS2_PLACEMENT_3D('',#3428,#2730,#2731);
#2435=AXIS2_PLACEMENT_3D('',#3434,#2735,#2736);
#2436=AXIS2_PLACEMENT_3D('',#3438,#2739,#2740);
#2437=AXIS2_PLACEMENT_3D('',#3442,#2743,#2744);
#2438=AXIS2_PLACEMENT_3D('',#3444,#2746,#2747);
#2439=AXIS2_PLACEMENT_3D('',#3446,#2748,#2749);
#2440=AXIS2_PLACEMENT_3D('',#3449,#2751,#2752);
#2441=AXIS2_PLACEMENT_3D('',#3450,#2753,#2754);
#2442=AXIS2_PLACEMENT_3D('',#3452,#2755,#2756);
#2443=AXIS2_PLACEMENT_3D('',#3455,#2758,#2759);
#2444=AXIS2_PLACEMENT_3D('',#3456,#2760,#2761);
#2445=AXIS2_PLACEMENT_3D('',#3458,#2762,#2763);
#2446=AXIS2_PLACEMENT_3D('',#3461,#2765,#2766);
#2447=AXIS2_PLACEMENT_3D('',#3462,#2767,#2768);
#2448=AXIS2_PLACEMENT_3D('',#3464,#2769,#2770);
#2449=AXIS2_PLACEMENT_3D('',#3467,#2772,#2773);
#2450=AXIS2_PLACEMENT_3D('',#3468,#2774,#2775);
#2451=AXIS2_PLACEMENT_3D('',#3474,#2779,#2780);
#2452=AXIS2_PLACEMENT_3D('',#3483,#2785,#2786);
#2453=AXIS2_PLACEMENT_3D('',#3489,#2790,#2791);
#2454=AXIS2_PLACEMENT_3D('',#3498,#2796,#2797);
#2455=AXIS2_PLACEMENT_3D('',#3500,#2798,#2799);
#2456=AXIS2_PLACEMENT_3D('',#3503,#2801,#2802);
#2457=AXIS2_PLACEMENT_3D('',#3504,#2803,#2804);
#2458=AXIS2_PLACEMENT_3D('',#3506,#2805,#2806);
#2459=AXIS2_PLACEMENT_3D('',#3509,#2808,#2809);
#2460=AXIS2_PLACEMENT_3D('',#3510,#2810,#2811);
#2461=AXIS2_PLACEMENT_3D('',#3512,#2812,#2813);
#2462=AXIS2_PLACEMENT_3D('',#3515,#2815,#2816);
#2463=AXIS2_PLACEMENT_3D('',#3516,#2817,#2818);
#2464=AXIS2_PLACEMENT_3D('',#3518,#2819,#2820);
#2465=AXIS2_PLACEMENT_3D('',#3521,#2822,#2823);
#2466=AXIS2_PLACEMENT_3D('',#3522,#2824,#2825);
#2467=AXIS2_PLACEMENT_3D('',#3524,#2826,#2827);
#2468=AXIS2_PLACEMENT_3D('',#3527,#2829,#2830);
#2469=AXIS2_PLACEMENT_3D('',#3528,#2831,#2832);
#2470=AXIS2_PLACEMENT_3D('',#3530,#2833,#2834);
#2471=AXIS2_PLACEMENT_3D('',#3533,#2836,#2837);
#2472=AXIS2_PLACEMENT_3D('',#3534,#2838,#2839);
#2473=AXIS2_PLACEMENT_3D('',#3539,#2843,#2844);
#2474=AXIS2_PLACEMENT_3D('',#3542,#2847,#2848);
#2475=AXIS2_PLACEMENT_3D('',#3545,#2851,#2852);
#2476=AXIS2_PLACEMENT_3D('',#3550,#2856,#2857);
#2477=AXIS2_PLACEMENT_3D('',#3552,#2859,#2860);
#2478=AXIS2_PLACEMENT_3D('',#3553,#2861,#2862);
#2479=AXIS2_PLACEMENT_3D('',#3554,#2863,#2864);
#2480=AXIS2_PLACEMENT_3D('',#3555,#2865,#2866);
#2481=AXIS2_PLACEMENT_3D('',#3557,#2867,#2868);
#2482=AXIS2_PLACEMENT_3D('',#3560,#2870,#2871);
#2483=AXIS2_PLACEMENT_3D('',#3561,#2872,#2873);
#2484=AXIS2_PLACEMENT_3D('',#3563,#2874,#2875);
#2485=AXIS2_PLACEMENT_3D('',#3564,#2876,#2877);
#2486=AXIS2_PLACEMENT_3D('',#3566,#2878,#2879);
#2487=AXIS2_PLACEMENT_3D('',#3568,#2881,#2882);
#2488=AXIS2_PLACEMENT_3D('',#3577,#2887,#2888);
#2489=AXIS2_PLACEMENT_3D('',#3583,#2892,#2893);
#2490=AXIS2_PLACEMENT_3D('',#3589,#2897,#2898);
#2491=AXIS2_PLACEMENT_3D('',#3591,#2900,#2901);
#2492=AXIS2_PLACEMENT_3D('',#3609,#2911,#2912);
#2493=AXIS2_PLACEMENT_3D('',#3623,#2920,#2921);
#2494=AXIS2_PLACEMENT_3D('',#3632,#2926,#2927);
#2495=AXIS2_PLACEMENT_3D('',#3635,#2928,#2929);
#2496=AXIS2_PLACEMENT_3D('',#3639,#2931,#2932);
#2497=AXIS2_PLACEMENT_3D('',#3641,#2934,#2935);
#2498=AXIS2_PLACEMENT_3D('',#3644,#2938,#2939);
#2499=AXIS2_PLACEMENT_3D('',#3647,#2942,#2943);
#2500=AXIS2_PLACEMENT_3D('',#3653,#2947,#2948);
#2501=AXIS2_PLACEMENT_3D('',#3657,#2951,#2952);
#2502=AXIS2_PLACEMENT_3D('',#3661,#2955,#2956);
#2503=AXIS2_PLACEMENT_3D('',#3663,#2958,#2959);
#2504=AXIS2_PLACEMENT_3D('',#3665,#2960,#2961);
#2505=AXIS2_PLACEMENT_3D('',#3668,#2963,#2964);
#2506=AXIS2_PLACEMENT_3D('',#3669,#2965,#2966);
#2507=AXIS2_PLACEMENT_3D('',#3671,#2967,#2968);
#2508=AXIS2_PLACEMENT_3D('',#3674,#2970,#2971);
#2509=AXIS2_PLACEMENT_3D('',#3675,#2972,#2973);
#2510=AXIS2_PLACEMENT_3D('',#3677,#2974,#2975);
#2511=AXIS2_PLACEMENT_3D('',#3680,#2977,#2978);
#2512=AXIS2_PLACEMENT_3D('',#3681,#2979,#2980);
#2513=AXIS2_PLACEMENT_3D('',#3683,#2981,#2982);
#2514=AXIS2_PLACEMENT_3D('',#3686,#2984,#2985);
#2515=AXIS2_PLACEMENT_3D('',#3687,#2986,#2987);
#2516=AXIS2_PLACEMENT_3D('',#3693,#2991,#2992);
#2517=AXIS2_PLACEMENT_3D('',#3702,#2997,#2998);
#2518=AXIS2_PLACEMENT_3D('',#3708,#3002,#3003);
#2519=AXIS2_PLACEMENT_3D('',#3717,#3008,#3009);
#2520=AXIS2_PLACEMENT_3D('',#3719,#3010,#3011);
#2521=AXIS2_PLACEMENT_3D('',#3722,#3013,#3014);
#2522=AXIS2_PLACEMENT_3D('',#3723,#3015,#3016);
#2523=AXIS2_PLACEMENT_3D('',#3725,#3017,#3018);
#2524=AXIS2_PLACEMENT_3D('',#3728,#3020,#3021);
#2525=AXIS2_PLACEMENT_3D('',#3729,#3022,#3023);
#2526=AXIS2_PLACEMENT_3D('',#3731,#3024,#3025);
#2527=AXIS2_PLACEMENT_3D('',#3734,#3027,#3028);
#2528=AXIS2_PLACEMENT_3D('',#3735,#3029,#3030);
#2529=AXIS2_PLACEMENT_3D('',#3737,#3031,#3032);
#2530=AXIS2_PLACEMENT_3D('',#3740,#3034,#3035);
#2531=AXIS2_PLACEMENT_3D('',#3741,#3036,#3037);
#2532=AXIS2_PLACEMENT_3D('',#3743,#3038,#3039);
#2533=AXIS2_PLACEMENT_3D('',#3746,#3041,#3042);
#2534=AXIS2_PLACEMENT_3D('',#3747,#3043,#3044);
#2535=AXIS2_PLACEMENT_3D('',#3749,#3045,#3046);
#2536=AXIS2_PLACEMENT_3D('',#3752,#3048,#3049);
#2537=AXIS2_PLACEMENT_3D('',#3753,#3050,#3051);
#2538=AXIS2_PLACEMENT_3D('',#3758,#3055,#3056);
#2539=AXIS2_PLACEMENT_3D('',#3761,#3059,#3060);
#2540=AXIS2_PLACEMENT_3D('',#3764,#3063,#3064);
#2541=AXIS2_PLACEMENT_3D('',#3769,#3068,#3069);
#2542=AXIS2_PLACEMENT_3D('',#3771,#3071,#3072);
#2543=AXIS2_PLACEMENT_3D('',#3772,#3073,#3074);
#2544=AXIS2_PLACEMENT_3D('',#3773,#3075,#3076);
#2545=AXIS2_PLACEMENT_3D('',#3774,#3077,#3078);
#2546=AXIS2_PLACEMENT_3D('',#3776,#3079,#3080);
#2547=AXIS2_PLACEMENT_3D('',#3779,#3082,#3083);
#2548=AXIS2_PLACEMENT_3D('',#3780,#3084,#3085);
#2549=AXIS2_PLACEMENT_3D('',#3782,#3086,#3087);
#2550=AXIS2_PLACEMENT_3D('',#3785,#3089,#3090);
#2551=AXIS2_PLACEMENT_3D('',#3786,#3091,#3092);
#2552=AXIS2_PLACEMENT_3D('',#3788,#3093,#3094);
#2553=AXIS2_PLACEMENT_3D('',#3791,#3096,#3097);
#2554=AXIS2_PLACEMENT_3D('',#3792,#3098,#3099);
#2555=AXIS2_PLACEMENT_3D('',#3794,#3100,#3101);
#2556=AXIS2_PLACEMENT_3D('',#3797,#3103,#3104);
#2557=AXIS2_PLACEMENT_3D('',#3798,#3105,#3106);
#2558=AXIS2_PLACEMENT_3D('',#3800,#3107,#3108);
#2559=AXIS2_PLACEMENT_3D('',#3803,#3110,#3111);
#2560=AXIS2_PLACEMENT_3D('',#3804,#3112,#3113);
#2561=AXIS2_PLACEMENT_3D('',#3806,#3114,#3115);
#2562=AXIS2_PLACEMENT_3D('',#3809,#3117,#3118);
#2563=AXIS2_PLACEMENT_3D('',#3810,#3119,#3120);
#2564=AXIS2_PLACEMENT_3D('',#3812,#3121,#3122);
#2565=AXIS2_PLACEMENT_3D('',#3815,#3124,#3125);
#2566=AXIS2_PLACEMENT_3D('',#3816,#3126,#3127);
#2567=AXIS2_PLACEMENT_3D('',#3818,#3128,#3129);
#2568=AXIS2_PLACEMENT_3D('',#3821,#3131,#3132);
#2569=AXIS2_PLACEMENT_3D('',#3822,#3133,#3134);
#2570=AXIS2_PLACEMENT_3D('',#3824,#3135,#3136);
#2571=AXIS2_PLACEMENT_3D('',#3827,#3138,#3139);
#2572=AXIS2_PLACEMENT_3D('',#3828,#3140,#3141);
#2573=AXIS2_PLACEMENT_3D('',#3830,#3142,#3143);
#2574=AXIS2_PLACEMENT_3D('',#3833,#3145,#3146);
#2575=AXIS2_PLACEMENT_3D('',#3834,#3147,#3148);
#2576=AXIS2_PLACEMENT_3D('',#3849,#3151,#3152);
#2577=AXIS2_PLACEMENT_3D('',#3851,#3153,#3154);
#2578=AXIS2_PLACEMENT_3D('',#3857,#3155,#3156);
#2579=AXIS2_PLACEMENT_3D('',#3858,#3157,#3158);
#2580=AXIS2_PLACEMENT_3D('',#3859,#3159,#3160);
#2581=AXIS2_PLACEMENT_3D('',#3860,#3161,#3162);
#2582=AXIS2_PLACEMENT_3D('',#3861,#3163,#3164);
#2583=AXIS2_PLACEMENT_3D('',#3865,#3166,#3167);
#2584=AXIS2_PLACEMENT_3D('',#3867,#3169,#3170);
#2585=AXIS2_PLACEMENT_3D('',#3871,#3173,#3174);
#2586=AXIS2_PLACEMENT_3D('',#3874,#3175,#3176);
#2587=AXIS2_PLACEMENT_3D('',#3878,#3178,#3179);
#2588=AXIS2_PLACEMENT_3D('',#3880,#3181,#3182);
#2589=AXIS2_PLACEMENT_3D('',#3881,#3183,#3184);
#2590=AXIS2_PLACEMENT_3D('',#3882,#3185,#3186);
#2591=AXIS2_PLACEMENT_3D('',#3883,#3187,#3188);
#2592=AXIS2_PLACEMENT_3D('',#3886,#3189,#3190);
#2593=AXIS2_PLACEMENT_3D('',#3893,#3191,#3192);
#2594=AXIS2_PLACEMENT_3D('',#3898,#3193,#3194);
#2595=AXIS2_PLACEMENT_3D('',#3907,#3197,#3198);
#2596=AXIS2_PLACEMENT_3D('',#3908,#3199,#3200);
#2597=AXIS2_PLACEMENT_3D('',#3909,#3201,#3202);
#2598=AXIS2_PLACEMENT_3D('',#3910,#3203,#3204);
#2599=AXIS2_PLACEMENT_3D('',#3916,#3208,#3209);
#2600=AXIS2_PLACEMENT_3D('',#3919,#3211,#3212);
#2601=AXIS2_PLACEMENT_3D('',#3920,#3213,#3214);
#2602=AXIS2_PLACEMENT_3D('',#3923,#3215,#3216);
#2603=AXIS2_PLACEMENT_3D('',#3927,#3218,#3219);
#2604=AXIS2_PLACEMENT_3D('',#3929,#3221,#3222);
#2605=AXIS2_PLACEMENT_3D('',#3930,#3223,#3224);
#2606=AXIS2_PLACEMENT_3D('',#3931,#3225,#3226);
#2607=AXIS2_PLACEMENT_3D('',#3932,#3227,#3228);
#2608=AXIS2_PLACEMENT_3D('',#3937,#3230,#3231);
#2609=AXIS2_PLACEMENT_3D('',#3940,#3233,#3234);
#2610=AXIS2_PLACEMENT_3D('',#3941,#3235,#3236);
#2611=AXIS2_PLACEMENT_3D('',#3946,#3238,#3239);
#2612=AXIS2_PLACEMENT_3D('',#3949,#3241,#3242);
#2613=AXIS2_PLACEMENT_3D('',#3950,#3243,#3244);
#2614=AXIS2_PLACEMENT_3D('',#3952,#3245,#3246);
#2615=AXIS2_PLACEMENT_3D('',#3956,#3249,#3250);
#2616=AXIS2_PLACEMENT_3D('',#3958,#3251,#3252);
#2617=AXIS2_PLACEMENT_3D('',#3962,#3255,#3256);
#2618=AXIS2_PLACEMENT_3D('',#3966,#3259,#3260);
#2619=AXIS2_PLACEMENT_3D('',#3970,#3263,#3264);
#2620=AXIS2_PLACEMENT_3D('',#3972,#3265,#3266);
#2621=AXIS2_PLACEMENT_3D('',#3974,#3267,#3268);
#2622=AXIS2_PLACEMENT_3D('',#3977,#3270,#3271);
#2623=AXIS2_PLACEMENT_3D('',#3979,#3272,#3273);
#2624=AXIS2_PLACEMENT_3D('',#3981,#3274,#3275);
#2625=AXIS2_PLACEMENT_3D('',#3983,#3276,#3277);
#2626=AXIS2_PLACEMENT_3D('',#3984,#3278,#3279);
#2627=AXIS2_PLACEMENT_3D('',#3987,#3281,#3282);
#2628=AXIS2_PLACEMENT_3D('',#3988,#3283,#3284);
#2629=AXIS2_PLACEMENT_3D('',#3989,#3285,#3286);
#2630=AXIS2_PLACEMENT_3D('',#3991,#3287,#3288);
#2631=AXIS2_PLACEMENT_3D('',#3993,#3289,#3290);
#2632=AXIS2_PLACEMENT_3D('',#3994,#3291,#3292);
#2633=AXIS2_PLACEMENT_3D('',#3996,#3293,#3294);
#2634=AXIS2_PLACEMENT_3D('',#3999,#3296,#3297);
#2635=AXIS2_PLACEMENT_3D('',#4001,#3298,#3299);
#2636=AXIS2_PLACEMENT_3D('',#4002,#3300,#3301);
#2637=AXIS2_PLACEMENT_3D('',#4004,#3303,#3304);
#2638=AXIS2_PLACEMENT_3D('',#4006,#3306,#3307);
#2639=AXIS2_PLACEMENT_3D('',#4008,#3309,#3310);
#2640=AXIS2_PLACEMENT_3D('',#4010,#3312,#3313);
#2641=AXIS2_PLACEMENT_3D('',#4012,#3315,#3316);
#2642=AXIS2_PLACEMENT_3D('',#4013,#3317,#3318);
#2643=AXIS2_PLACEMENT_3D('',#4014,#3319,#3320);
#2644=AXIS2_PLACEMENT_3D('',#4016,#3322,#3323);
#2645=AXIS2_PLACEMENT_3D('',#4018,#3325,#3326);
#2646=AXIS2_PLACEMENT_3D('',#4019,#3327,#3328);
#2647=AXIS2_PLACEMENT_3D('',#4021,#3330,#3331);
#2648=AXIS2_PLACEMENT_3D('',#4022,#3332,#3333);
#2649=DIRECTION('axis',(0.,0.,1.));
#2650=DIRECTION('refdir',(1.,0.,0.));
#2651=DIRECTION('axis',(0.,0.,1.));
#2652=DIRECTION('refdir',(1.,0.,0.));
#2653=DIRECTION('center_axis',(-0.4226182617407,0.90630778703665,-3.88578058618805E-16));
#2654=DIRECTION('ref_axis',(0.90630778703665,0.4226182617407,-1.32853964544544E-16));
#2655=DIRECTION('center_axis',(-0.4226182617407,0.90630778703665,-3.88578058618805E-16));
#2656=DIRECTION('ref_axis',(0.90630778703665,0.4226182617407,-1.32853964544544E-16));
#2657=DIRECTION('',(-0.4226182617407,0.90630778703665,-3.88578058618805E-16));
#2658=DIRECTION('center_axis',(-0.4226182617407,0.90630778703665,-3.88578058618805E-16));
#2659=DIRECTION('ref_axis',(0.90630778703665,0.4226182617407,-1.32853964544544E-16));
#2660=DIRECTION('center_axis',(0.4226182617407,-0.90630778703665,3.88578058618805E-16));
#2661=DIRECTION('ref_axis',(0.90630778703665,0.4226182617407,-1.11022302462516E-16));
#2662=DIRECTION('center_axis',(0.4226182617407,-0.90630778703665,3.88578058618805E-16));
#2663=DIRECTION('ref_axis',(0.90630778703665,0.4226182617407,-7.93016446160827E-17));
#2664=DIRECTION('center_axis',(0.4226182617407,-0.90630778703665,3.88578058618805E-16));
#2665=DIRECTION('ref_axis',(0.90630778703665,0.4226182617407,-7.93016446160827E-17));
#2666=DIRECTION('center_axis',(0.4226182617407,-0.90630778703665,3.88578058618805E-16));
#2667=DIRECTION('ref_axis',(0.90630778703665,0.4226182617407,-7.93016446160827E-17));
#2668=DIRECTION('',(0.4226182617407,-0.90630778703665,3.88578058618805E-16));
#2669=DIRECTION('center_axis',(0.29883623873012,-0.640856382055788,0.707106781186548));
#2670=DIRECTION('ref_axis',(0.90630778703665,0.4226182617407,-1.11022302462516E-16));
#2671=DIRECTION('',(0.90630778703665,0.4226182617407,-1.11022302462516E-16));
#2672=DIRECTION('',(0.29883623873012,-0.640856382055789,-0.707106781186547));
#2673=DIRECTION('',(0.90630778703665,0.4226182617407,-1.11022302462516E-16));
#2674=DIRECTION('',(0.279258277633819,0.767255811994709,0.577350269189626));
#2675=DIRECTION('center_axis',(0.939692620785909,-0.342020143325668,2.74766180269661E-16));
#2676=DIRECTION('ref_axis',(0.342020143325668,0.939692620785909,-3.30277331500919E-16));
#2677=DIRECTION('',(5.55111512312578E-17,-3.88578058618805E-16,-1.));
#2678=DIRECTION('',(0.279258277633819,0.767255811994708,-0.577350269189626));
#2679=DIRECTION('',(5.55111512312578E-17,-3.88578058618805E-16,-1.));
#2680=DIRECTION('center_axis',(0.29883623873012,-0.640856382055789,-0.707106781186547));
#2681=DIRECTION('ref_axis',(0.90630778703665,0.4226182617407,-1.11022302462516E-16));
#2682=DIRECTION('',(-0.90630778703665,-0.4226182617407,1.11022302462516E-16));
#2683=DIRECTION('',(-0.29883623873012,0.640856382055788,-0.707106781186548));
#2684=DIRECTION('',(-0.90630778703665,-0.4226182617407,1.11022302462516E-16));
#2685=DIRECTION('center_axis',(0.4226182617407,-0.90630778703665,3.88578058618805E-16));
#2686=DIRECTION('ref_axis',(0.90630778703665,0.4226182617407,-1.11022302462516E-16));
#2687=DIRECTION('',(5.55111512312578E-17,-3.88578058618805E-16,-1.));
#2688=DIRECTION('center_axis',(-0.90630778703665,-0.4226182617407,1.11022302462516E-16));
#2689=DIRECTION('ref_axis',(5.55111512312578E-17,-3.88578058618805E-16,
-1.));
#2690=DIRECTION('',(5.55111512312578E-17,-3.88578058618805E-16,-1.));
#2691=DIRECTION('',(0.4226182617407,-0.90630778703665,3.88578058618805E-16));
#2692=DIRECTION('',(5.55111512312578E-17,-3.88578058618805E-16,-1.));
#2693=DIRECTION('',(0.4226182617407,-0.90630778703665,4.44089209850063E-16));
#2694=DIRECTION('',(5.55111512312578E-17,-3.88578058618805E-16,-1.));
#2695=DIRECTION('',(-0.4226182617407,0.90630778703665,-2.87415644022384E-16));
#2696=DIRECTION('',(5.55111512312578E-17,-3.88578058618805E-16,-1.));
#2697=DIRECTION('',(0.4226182617407,-0.90630778703665,3.88578058618805E-16));
#2698=DIRECTION('',(5.55111512312578E-17,-3.88578058618805E-16,-1.));
#2699=DIRECTION('center_axis',(0.4226182617407,-0.90630778703665,3.88578058618805E-16));
#2700=DIRECTION('ref_axis',(0.90630778703665,0.4226182617407,-1.11022302462516E-16));
#2701=DIRECTION('',(0.90630778703665,0.4226182617407,-1.11022302462516E-16));
#2702=DIRECTION('',(-5.55111512312578E-17,3.88578058618805E-16,1.));
#2703=DIRECTION('',(-0.90630778703665,-0.4226182617407,1.11022302462516E-16));
#2704=DIRECTION('',(-5.55111512312578E-17,3.88578058618805E-16,1.));
#2705=DIRECTION('',(0.90630778703665,0.4226182617407,-1.11022302462516E-16));
#2706=DIRECTION('',(-5.55111512312578E-17,3.88578058618805E-16,1.));
#2707=DIRECTION('',(-0.90630778703665,-0.4226182617407,1.11022302462516E-16));
#2708=DIRECTION('center_axis',(-0.90630778703665,-0.4226182617407,1.11022302462516E-16));
#2709=DIRECTION('ref_axis',(5.55111512312578E-17,-3.88578058618805E-16,
-1.));
#2710=DIRECTION('',(-0.4226182617407,0.90630778703665,-4.44089209850063E-16));
#2711=DIRECTION('',(5.55111512312578E-17,-3.88578058618805E-16,-1.));
#2712=DIRECTION('',(0.4226182617407,-0.90630778703665,3.88578058618805E-16));
#2713=DIRECTION('',(-5.55111512312578E-17,3.88578058618805E-16,1.));
#2714=DIRECTION('center_axis',(-5.55111512312578E-17,3.88578058618805E-16,
1.));
#2715=DIRECTION('ref_axis',(0.906307787036651,0.422618261740698,-1.66533453693773E-16));
#2716=DIRECTION('center_axis',(1.27580674210265E-17,-2.96893774514639E-16,
-1.));
#2717=DIRECTION('ref_axis',(0.906307787036651,0.422618261740698,-1.66533453693773E-16));
#2718=DIRECTION('',(-5.55111512312578E-17,3.88578058618805E-16,1.));
#2719=DIRECTION('center_axis',(-5.55111512312578E-17,3.88578058618805E-16,
1.));
#2720=DIRECTION('ref_axis',(0.906307787036651,0.422618261740698,-1.66533453693773E-16));
#2721=DIRECTION('',(-5.55111512312578E-17,3.88578058618805E-16,1.));
#2722=DIRECTION('center_axis',(0.4226182617407,-0.90630778703665,3.88578058618805E-16));
#2723=DIRECTION('ref_axis',(0.90630778703665,0.4226182617407,-1.11022302462516E-16));
#2724=DIRECTION('',(-0.90630778703665,-0.4226182617407,1.11022302462516E-16));
#2725=DIRECTION('',(0.90630778703665,0.4226182617407,-1.11022302462516E-16));
#2726=DIRECTION('center_axis',(-0.422618261740699,0.90630778703665,-3.88578058618805E-16));
#2727=DIRECTION('ref_axis',(-0.90630778703665,-0.422618261740699,1.11022302462516E-16));
#2728=DIRECTION('',(0.90630778703665,0.422618261740699,-1.11022302462516E-16));
#2729=DIRECTION('',(-0.90630778703665,-0.422618261740699,1.11022302462516E-16));
#2730=DIRECTION('center_axis',(1.27580674210265E-17,-2.96893774514639E-16,
-1.));
#2731=DIRECTION('ref_axis',(-0.4226182617407,0.90630778703665,-2.87415644022384E-16));
#2732=DIRECTION('',(0.90630778703665,0.4226182617407,-1.11022302462516E-16));
#2733=DIRECTION('',(-0.4226182617407,0.90630778703665,-4.44089209850063E-16));
#2734=DIRECTION('',(0.90630778703665,0.4226182617407,-1.11022302462516E-16));
#2735=DIRECTION('center_axis',(0.4226182617407,-0.90630778703665,3.88578058618805E-16));
#2736=DIRECTION('ref_axis',(5.55111512312578E-17,-3.88578058618805E-16,
-1.));
#2737=DIRECTION('',(0.90630778703665,0.4226182617407,-1.11022302462516E-16));
#2738=DIRECTION('',(5.55111512312578E-17,-3.88578058618805E-16,-1.));
#2739=DIRECTION('center_axis',(-5.55111512312578E-17,3.88578058618805E-16,
1.));
#2740=DIRECTION('ref_axis',(0.4226182617407,-0.90630778703665,3.88578058618805E-16));
#2741=DIRECTION('',(-0.90630778703665,-0.4226182617407,1.11022302462516E-16));
#2742=DIRECTION('',(0.4226182617407,-0.90630778703665,3.88578058618805E-16));
#2743=DIRECTION('center_axis',(0.90630778703665,0.4226182617407,-1.11022302462516E-16));
#2744=DIRECTION('ref_axis',(-0.4226182617407,0.90630778703665,-3.88578058618805E-16));
#2745=DIRECTION('',(-5.55111512312578E-17,3.88578058618805E-16,1.));
#2746=DIRECTION('center_axis',(-5.55111512312578E-17,3.88578058618805E-16,
1.));
#2747=DIRECTION('ref_axis',(0.90630778703665,0.4226182617407,-7.93016446160828E-17));
#2748=DIRECTION('center_axis',(-5.55111512312578E-17,3.88578058618805E-16,
1.));
#2749=DIRECTION('ref_axis',(0.90630778703665,0.4226182617407,-7.93016446160828E-17));
#2750=DIRECTION('',(-5.55111512312578E-17,3.88578058618805E-16,1.));
#2751=DIRECTION('center_axis',(5.55111512312578E-17,-3.88578058618805E-16,
-1.));
#2752=DIRECTION('ref_axis',(0.90630778703665,0.4226182617407,-7.93016446160828E-17));
#2753=DIRECTION('center_axis',(-5.55111512312578E-17,3.88578058618805E-16,
1.));
#2754=DIRECTION('ref_axis',(0.90630778703665,0.4226182617407,-7.93016446160828E-17));
#2755=DIRECTION('center_axis',(-5.55111512312578E-17,3.88578058618805E-16,
1.));
#2756=DIRECTION('ref_axis',(0.90630778703665,0.4226182617407,-7.93016446160828E-17));
#2757=DIRECTION('',(-5.55111512312578E-17,3.88578058618805E-16,1.));
#2758=DIRECTION('center_axis',(5.55111512312578E-17,-3.88578058618805E-16,
-1.));
#2759=DIRECTION('ref_axis',(0.90630778703665,0.4226182617407,-7.93016446160828E-17));
#2760=DIRECTION('center_axis',(-5.55111512312578E-17,3.88578058618805E-16,
1.));
#2761=DIRECTION('ref_axis',(0.90630778703665,0.4226182617407,-7.93016446160828E-17));
#2762=DIRECTION('center_axis',(-5.55111512312578E-17,3.88578058618805E-16,
1.));
#2763=DIRECTION('ref_axis',(0.90630778703665,0.4226182617407,-7.93016446160828E-17));
#2764=DIRECTION('',(-5.55111512312578E-17,3.88578058618805E-16,1.));
#2765=DIRECTION('center_axis',(5.55111512312578E-17,-3.88578058618805E-16,
-1.));
#2766=DIRECTION('ref_axis',(0.90630778703665,0.4226182617407,-7.93016446160828E-17));
#2767=DIRECTION('center_axis',(-5.55111512312578E-17,3.88578058618805E-16,
1.));
#2768=DIRECTION('ref_axis',(0.90630778703665,0.4226182617407,-7.93016446160828E-17));
#2769=DIRECTION('center_axis',(-5.55111512312578E-17,3.88578058618805E-16,
1.));
#2770=DIRECTION('ref_axis',(0.90630778703665,0.4226182617407,-7.93016446160828E-17));
#2771=DIRECTION('',(-5.55111512312578E-17,3.88578058618805E-16,1.));
#2772=DIRECTION('center_axis',(5.55111512312578E-17,-3.88578058618805E-16,
-1.));
#2773=DIRECTION('ref_axis',(0.90630778703665,0.4226182617407,-7.93016446160828E-17));
#2774=DIRECTION('center_axis',(-0.896175405016148,0.443699947536782,-2.75672910393721E-16));
#2775=DIRECTION('ref_axis',(-0.443699947536782,-0.896175405016148,2.98253940038738E-16));
#2776=DIRECTION('',(0.443699947536782,0.896175405016148,-2.98253940038738E-16));
#2777=DIRECTION('',(-0.443699947536782,-0.896175405016148,2.98253940038738E-16));
#2778=DIRECTION('',(5.55111512312578E-17,-3.88578058618805E-16,-1.));
#2779=DIRECTION('center_axis',(-0.236156567227462,-0.971715017767731,3.31184061624979E-16));
#2780=DIRECTION('ref_axis',(0.971715017767731,-0.236156567227462,1.87231637576222E-16));
#2781=DIRECTION('',(-0.971715017767731,0.236156567227462,-1.87231637576222E-16));
#2782=DIRECTION('',(-5.55111512312578E-17,3.88578058618805E-16,1.));
#2783=DIRECTION('',(0.971715017767731,-0.236156567227462,1.87231637576222E-16));
#2784=DIRECTION('',(5.55111512312578E-17,-3.88578058618805E-16,-1.));
#2785=DIRECTION('center_axis',(-0.896175405016148,0.443699947536782,-2.75672910393721E-16));
#2786=DIRECTION('ref_axis',(-0.443699947536782,-0.896175405016148,2.98253940038738E-16));
#2787=DIRECTION('',(5.55111512312578E-17,-3.88578058618805E-16,-1.));
#2788=DIRECTION('',(0.443699947536782,0.896175405016148,-2.98253940038738E-16));
#2789=DIRECTION('',(-0.443699947536782,-0.896175405016148,2.98253940038738E-16));
#2790=DIRECTION('center_axis',(-0.236156567227462,-0.971715017767731,3.31184061624979E-16));
#2791=DIRECTION('ref_axis',(0.971715017767731,-0.236156567227462,1.87231637576222E-16));
#2792=DIRECTION('',(5.55111512312578E-17,-3.88578058618805E-16,-1.));
#2793=DIRECTION('',(-0.971715017767731,0.236156567227462,-1.87231637576222E-16));
#2794=DIRECTION('',(-5.55111512312578E-17,3.88578058618805E-16,1.));
#2795=DIRECTION('',(0.971715017767731,-0.236156567227462,1.87231637576222E-16));
#2796=DIRECTION('center_axis',(-5.55111512312578E-17,3.88578058618805E-16,
1.));
#2797=DIRECTION('ref_axis',(0.90630778703665,0.4226182617407,-7.93016446160828E-17));
#2798=DIRECTION('center_axis',(-5.55111512312578E-17,3.88578058618805E-16,
1.));
#2799=DIRECTION('ref_axis',(0.90630778703665,0.4226182617407,-7.93016446160828E-17));
#2800=DIRECTION('',(-5.55111512312578E-17,3.88578058618805E-16,1.));
#2801=DIRECTION('center_axis',(5.55111512312578E-17,-3.88578058618805E-16,
-1.));
#2802=DIRECTION('ref_axis',(0.90630778703665,0.4226182617407,-7.93016446160828E-17));
#2803=DIRECTION('center_axis',(-5.55111512312578E-17,3.88578058618805E-16,
1.));
#2804=DIRECTION('ref_axis',(0.90630778703665,0.4226182617407,-7.93016446160828E-17));
#2805=DIRECTION('center_axis',(-5.55111512312578E-17,3.88578058618805E-16,
1.));
#2806=DIRECTION('ref_axis',(0.90630778703665,0.4226182617407,-7.93016446160828E-17));
#2807=DIRECTION('',(-5.55111512312578E-17,3.88578058618805E-16,1.));
#2808=DIRECTION('center_axis',(5.55111512312578E-17,-3.88578058618805E-16,
-1.));
#2809=DIRECTION('ref_axis',(0.90630778703665,0.4226182617407,-7.93016446160828E-17));
#2810=DIRECTION('center_axis',(-5.55111512312578E-17,3.88578058618805E-16,
1.));
#2811=DIRECTION('ref_axis',(0.90630778703665,0.4226182617407,-9.25185853854298E-17));
#2812=DIRECTION('center_axis',(-5.55111512312578E-17,3.88578058618805E-16,
1.));
#2813=DIRECTION('ref_axis',(0.90630778703665,0.4226182617407,-9.25185853854298E-17));
#2814=DIRECTION('',(-5.55111512312578E-17,3.88578058618805E-16,1.));
#2815=DIRECTION('center_axis',(5.55111512312578E-17,-3.88578058618805E-16,
-1.));
#2816=DIRECTION('ref_axis',(0.90630778703665,0.4226182617407,-9.25185853854298E-17));
#2817=DIRECTION('center_axis',(-5.55111512312578E-17,3.88578058618805E-16,
1.));
#2818=DIRECTION('ref_axis',(0.90630778703665,0.4226182617407,-9.25185853854298E-17));
#2819=DIRECTION('center_axis',(-5.55111512312578E-17,3.88578058618805E-16,
1.));
#2820=DIRECTION('ref_axis',(0.90630778703665,0.4226182617407,-9.25185853854298E-17));
#2821=DIRECTION('',(-5.55111512312578E-17,3.88578058618805E-16,1.));
#2822=DIRECTION('center_axis',(5.55111512312578E-17,-3.88578058618805E-16,
-1.));
#2823=DIRECTION('ref_axis',(0.90630778703665,0.4226182617407,-9.25185853854298E-17));
#2824=DIRECTION('center_axis',(-5.55111512312578E-17,3.88578058618805E-16,
1.));
#2825=DIRECTION('ref_axis',(0.90630778703665,0.4226182617407,-7.93016446160826E-17));
#2826=DIRECTION('center_axis',(-5.55111512312578E-17,3.88578058618805E-16,
1.));
#2827=DIRECTION('ref_axis',(0.90630778703665,0.4226182617407,-7.93016446160826E-17));
#2828=DIRECTION('',(-5.55111512312578E-17,3.88578058618805E-16,1.));
#2829=DIRECTION('center_axis',(5.55111512312578E-17,-3.88578058618805E-16,
-1.));
#2830=DIRECTION('ref_axis',(0.90630778703665,0.4226182617407,-7.93016446160826E-17));
#2831=DIRECTION('center_axis',(-5.55111512312578E-17,3.88578058618805E-16,
1.));
#2832=DIRECTION('ref_axis',(0.90630778703665,0.4226182617407,-7.93016446160826E-17));
#2833=DIRECTION('center_axis',(-5.55111512312578E-17,3.88578058618805E-16,
1.));
#2834=DIRECTION('ref_axis',(0.90630778703665,0.4226182617407,-7.93016446160826E-17));
#2835=DIRECTION('',(-5.55111512312578E-17,3.88578058618805E-16,1.));
#2836=DIRECTION('center_axis',(5.55111512312578E-17,-3.88578058618805E-16,
-1.));
#2837=DIRECTION('ref_axis',(0.90630778703665,0.4226182617407,-7.93016446160826E-17));
#2838=DIRECTION('center_axis',(-5.55111512312578E-17,3.88578058618805E-16,
1.));
#2839=DIRECTION('ref_axis',(-0.90630778703665,-0.4226182617407,1.11022302462516E-16));
#2840=DIRECTION('',(0.4226182617407,-0.90630778703665,3.88578058618805E-16));
#2841=DIRECTION('',(-0.90630778703665,-0.4226182617407,1.11022302462516E-16));
#2842=DIRECTION('',(0.4226182617407,-0.90630778703665,3.88578058618805E-16));
#2843=DIRECTION('center_axis',(5.55111512312578E-17,-3.88578058618805E-16,
-1.));
#2844=DIRECTION('ref_axis',(0.90630778703665,0.4226182617407,-1.11022302462516E-16));
#2845=DIRECTION('',(0.90630778703665,0.4226182617407,-1.11022302462516E-16));
#2846=DIRECTION('',(0.4226182617407,-0.90630778703665,3.88578058618805E-16));
#2847=DIRECTION('center_axis',(-5.55111512312578E-17,3.88578058618805E-16,
1.));
#2848=DIRECTION('ref_axis',(-0.90630778703665,-0.4226182617407,1.11022302462516E-16));
#2849=DIRECTION('',(0.4226182617407,-0.90630778703665,3.88578058618805E-16));
#2850=DIRECTION('',(-0.90630778703665,-0.4226182617407,1.11022302462516E-16));
#2851=DIRECTION('center_axis',(5.55111512312578E-17,-3.88578058618805E-16,
-1.));
#2852=DIRECTION('ref_axis',(0.90630778703665,0.4226182617407,-1.11022302462516E-16));
#2853=DIRECTION('',(0.4226182617407,-0.90630778703665,3.88578058618805E-16));
#2854=DIRECTION('',(-0.90630778703665,-0.4226182617407,1.11022302462516E-16));
#2855=DIRECTION('',(0.4226182617407,-0.90630778703665,3.88578058618805E-16));
#2856=DIRECTION('center_axis',(0.90630778703665,0.4226182617407,-1.11022302462516E-16));
#2857=DIRECTION('ref_axis',(-5.55111512312578E-17,3.88578058618805E-16,
1.));
#2858=DIRECTION('',(5.55111512312578E-17,-3.88578058618805E-16,-1.));
#2859=DIRECTION('center_axis',(0.90630778703665,0.4226182617407,-1.11022302462516E-16));
#2860=DIRECTION('ref_axis',(-5.55111512312578E-17,3.88578058618805E-16,
1.));
#2861=DIRECTION('center_axis',(0.90630778703665,0.4226182617407,-1.11022302462516E-16));
#2862=DIRECTION('ref_axis',(-5.55111512312578E-17,3.88578058618805E-16,
1.));
#2863=DIRECTION('center_axis',(0.4226182617407,-0.90630778703665,3.88578058618805E-16));
#2864=DIRECTION('ref_axis',(0.90630778703665,0.4226182617407,-1.11022302462516E-16));
#2865=DIRECTION('center_axis',(-0.4226182617407,0.90630778703665,-3.88578058618805E-16));
#2866=DIRECTION('ref_axis',(0.90630778703665,0.4226182617407,-1.32853964544544E-16));
#2867=DIRECTION('center_axis',(-0.4226182617407,0.90630778703665,-3.88578058618805E-16));
#2868=DIRECTION('ref_axis',(0.90630778703665,0.4226182617407,-1.32853964544544E-16));
#2869=DIRECTION('',(-0.4226182617407,0.90630778703665,-3.88578058618805E-16));
#2870=DIRECTION('center_axis',(-0.4226182617407,0.90630778703665,-3.88578058618805E-16));
#2871=DIRECTION('ref_axis',(0.90630778703665,0.4226182617407,-1.32853964544544E-16));
#2872=DIRECTION('center_axis',(0.4226182617407,-0.90630778703665,3.88578058618805E-16));
#2873=DIRECTION('ref_axis',(0.90630778703665,0.4226182617407,-1.11022302462516E-16));
#2874=DIRECTION('center_axis',(0.4226182617407,-0.90630778703665,3.88578058618805E-16));
#2875=DIRECTION('ref_axis',(0.90630778703665,0.4226182617407,-7.93016446160827E-17));
#2876=DIRECTION('center_axis',(0.4226182617407,-0.90630778703665,3.88578058618805E-16));
#2877=DIRECTION('ref_axis',(0.90630778703665,0.4226182617407,-7.93016446160827E-17));
#2878=DIRECTION('center_axis',(0.4226182617407,-0.90630778703665,3.88578058618805E-16));
#2879=DIRECTION('ref_axis',(0.90630778703665,0.4226182617407,-7.93016446160827E-17));
#2880=DIRECTION('',(0.4226182617407,-0.90630778703665,3.88578058618805E-16));
#2881=DIRECTION('center_axis',(0.29883623873012,-0.640856382055788,0.707106781186548));
#2882=DIRECTION('ref_axis',(0.90630778703665,0.4226182617407,-1.11022302462516E-16));
#2883=DIRECTION('',(0.90630778703665,0.4226182617407,-1.11022302462516E-16));
#2884=DIRECTION('',(0.29883623873012,-0.640856382055789,-0.707106781186547));
#2885=DIRECTION('',(0.90630778703665,0.4226182617407,-1.11022302462516E-16));
#2886=DIRECTION('',(0.279258277633819,0.767255811994709,0.577350269189626));
#2887=DIRECTION('center_axis',(0.939692620785909,-0.342020143325668,2.74766180269661E-16));
#2888=DIRECTION('ref_axis',(0.342020143325668,0.939692620785909,-3.30277331500919E-16));
#2889=DIRECTION('',(5.55111512312578E-17,-3.88578058618805E-16,-1.));
#2890=DIRECTION('',(0.279258277633819,0.767255811994708,-0.577350269189626));
#2891=DIRECTION('',(5.55111512312578E-17,-3.88578058618805E-16,-1.));
#2892=DIRECTION('center_axis',(0.29883623873012,-0.640856382055789,-0.707106781186547));
#2893=DIRECTION('ref_axis',(0.90630778703665,0.4226182617407,-1.11022302462516E-16));
#2894=DIRECTION('',(-0.90630778703665,-0.4226182617407,1.11022302462516E-16));
#2895=DIRECTION('',(-0.29883623873012,0.640856382055788,-0.707106781186548));
#2896=DIRECTION('',(-0.90630778703665,-0.4226182617407,1.11022302462516E-16));
#2897=DIRECTION('center_axis',(0.4226182617407,-0.90630778703665,3.88578058618805E-16));
#2898=DIRECTION('ref_axis',(0.90630778703665,0.4226182617407,-1.11022302462516E-16));
#2899=DIRECTION('',(5.55111512312578E-17,-3.88578058618805E-16,-1.));
#2900=DIRECTION('center_axis',(-0.90630778703665,-0.4226182617407,1.11022302462516E-16));
#2901=DIRECTION('ref_axis',(5.55111512312578E-17,-3.88578058618805E-16,
-1.));
#2902=DIRECTION('',(5.55111512312578E-17,-3.88578058618805E-16,-1.));
#2903=DIRECTION('',(0.4226182617407,-0.90630778703665,3.88578058618805E-16));
#2904=DIRECTION('',(5.55111512312578E-17,-3.88578058618805E-16,-1.));
#2905=DIRECTION('',(0.4226182617407,-0.90630778703665,4.44089209850063E-16));
#2906=DIRECTION('',(5.55111512312578E-17,-3.88578058618805E-16,-1.));
#2907=DIRECTION('',(-0.4226182617407,0.90630778703665,-2.87415644022384E-16));
#2908=DIRECTION('',(5.55111512312578E-17,-3.88578058618805E-16,-1.));
#2909=DIRECTION('',(0.4226182617407,-0.90630778703665,3.88578058618805E-16));
#2910=DIRECTION('',(5.55111512312578E-17,-3.88578058618805E-16,-1.));
#2911=DIRECTION('center_axis',(0.4226182617407,-0.90630778703665,3.88578058618805E-16));
#2912=DIRECTION('ref_axis',(0.90630778703665,0.4226182617407,-1.11022302462516E-16));
#2913=DIRECTION('',(0.90630778703665,0.4226182617407,-1.11022302462516E-16));
#2914=DIRECTION('',(-5.55111512312578E-17,3.88578058618805E-16,1.));
#2915=DIRECTION('',(-0.90630778703665,-0.4226182617407,1.11022302462516E-16));
#2916=DIRECTION('',(-5.55111512312578E-17,3.88578058618805E-16,1.));
#2917=DIRECTION('',(0.90630778703665,0.4226182617407,-1.11022302462516E-16));
#2918=DIRECTION('',(-5.55111512312578E-17,3.88578058618805E-16,1.));
#2919=DIRECTION('',(-0.90630778703665,-0.4226182617407,1.11022302462516E-16));
#2920=DIRECTION('center_axis',(-0.90630778703665,-0.4226182617407,1.11022302462516E-16));
#2921=DIRECTION('ref_axis',(5.55111512312578E-17,-3.88578058618805E-16,
-1.));
#2922=DIRECTION('',(-0.4226182617407,0.90630778703665,-4.44089209850063E-16));
#2923=DIRECTION('',(5.55111512312578E-17,-3.88578058618805E-16,-1.));
#2924=DIRECTION('',(0.4226182617407,-0.90630778703665,3.88578058618805E-16));
#2925=DIRECTION('',(-5.55111512312578E-17,3.88578058618805E-16,1.));
#2926=DIRECTION('center_axis',(-5.55111512312578E-17,3.88578058618805E-16,
1.));
#2927=DIRECTION('ref_axis',(0.906307787036651,0.422618261740698,-1.66533453693773E-16));
#2928=DIRECTION('center_axis',(1.27580674210265E-17,-2.96893774514639E-16,
-1.));
#2929=DIRECTION('ref_axis',(0.906307787036651,0.422618261740698,-1.66533453693773E-16));
#2930=DIRECTION('',(-5.55111512312578E-17,3.88578058618805E-16,1.));
#2931=DIRECTION('center_axis',(-5.55111512312578E-17,3.88578058618805E-16,
1.));
#2932=DIRECTION('ref_axis',(0.906307787036651,0.422618261740698,-1.66533453693773E-16));
#2933=DIRECTION('',(-5.55111512312578E-17,3.88578058618805E-16,1.));
#2934=DIRECTION('center_axis',(0.4226182617407,-0.90630778703665,3.88578058618805E-16));
#2935=DIRECTION('ref_axis',(0.90630778703665,0.4226182617407,-1.11022302462516E-16));
#2936=DIRECTION('',(-0.90630778703665,-0.4226182617407,1.11022302462516E-16));
#2937=DIRECTION('',(0.90630778703665,0.4226182617407,-1.11022302462516E-16));
#2938=DIRECTION('center_axis',(-0.422618261740699,0.90630778703665,-3.88578058618805E-16));
#2939=DIRECTION('ref_axis',(-0.90630778703665,-0.422618261740699,1.11022302462516E-16));
#2940=DIRECTION('',(0.90630778703665,0.422618261740699,-1.11022302462516E-16));
#2941=DIRECTION('',(-0.90630778703665,-0.422618261740699,1.11022302462516E-16));
#2942=DIRECTION('center_axis',(1.27580674210265E-17,-2.96893774514639E-16,
-1.));
#2943=DIRECTION('ref_axis',(-0.4226182617407,0.90630778703665,-2.87415644022384E-16));
#2944=DIRECTION('',(0.90630778703665,0.4226182617407,-1.11022302462516E-16));
#2945=DIRECTION('',(-0.4226182617407,0.90630778703665,-4.44089209850063E-16));
#2946=DIRECTION('',(0.90630778703665,0.4226182617407,-1.11022302462516E-16));
#2947=DIRECTION('center_axis',(0.4226182617407,-0.90630778703665,3.88578058618805E-16));
#2948=DIRECTION('ref_axis',(5.55111512312578E-17,-3.88578058618805E-16,
-1.));
#2949=DIRECTION('',(0.90630778703665,0.4226182617407,-1.11022302462516E-16));
#2950=DIRECTION('',(5.55111512312578E-17,-3.88578058618805E-16,-1.));
#2951=DIRECTION('center_axis',(-5.55111512312578E-17,3.88578058618805E-16,
1.));
#2952=DIRECTION('ref_axis',(0.4226182617407,-0.90630778703665,3.88578058618805E-16));
#2953=DIRECTION('',(-0.90630778703665,-0.4226182617407,1.11022302462516E-16));
#2954=DIRECTION('',(0.4226182617407,-0.90630778703665,3.88578058618805E-16));
#2955=DIRECTION('center_axis',(0.90630778703665,0.4226182617407,-1.11022302462516E-16));
#2956=DIRECTION('ref_axis',(-0.4226182617407,0.90630778703665,-3.88578058618805E-16));
#2957=DIRECTION('',(-5.55111512312578E-17,3.88578058618805E-16,1.));
#2958=DIRECTION('center_axis',(-5.55111512312578E-17,3.88578058618805E-16,
1.));
#2959=DIRECTION('ref_axis',(0.90630778703665,0.4226182617407,-7.93016446160828E-17));
#2960=DIRECTION('center_axis',(-5.55111512312578E-17,3.88578058618805E-16,
1.));
#2961=DIRECTION('ref_axis',(0.90630778703665,0.4226182617407,-7.93016446160828E-17));
#2962=DIRECTION('',(-5.55111512312578E-17,3.88578058618805E-16,1.));
#2963=DIRECTION('center_axis',(5.55111512312578E-17,-3.88578058618805E-16,
-1.));
#2964=DIRECTION('ref_axis',(0.90630778703665,0.4226182617407,-7.93016446160828E-17));
#2965=DIRECTION('center_axis',(-5.55111512312578E-17,3.88578058618805E-16,
1.));
#2966=DIRECTION('ref_axis',(0.90630778703665,0.4226182617407,-7.93016446160828E-17));
#2967=DIRECTION('center_axis',(-5.55111512312578E-17,3.88578058618805E-16,
1.));
#2968=DIRECTION('ref_axis',(0.90630778703665,0.4226182617407,-7.93016446160828E-17));
#2969=DIRECTION('',(-5.55111512312578E-17,3.88578058618805E-16,1.));
#2970=DIRECTION('center_axis',(5.55111512312578E-17,-3.88578058618805E-16,
-1.));
#2971=DIRECTION('ref_axis',(0.90630778703665,0.4226182617407,-7.93016446160828E-17));
#2972=DIRECTION('center_axis',(-5.55111512312578E-17,3.88578058618805E-16,
1.));
#2973=DIRECTION('ref_axis',(0.90630778703665,0.4226182617407,-7.93016446160828E-17));
#2974=DIRECTION('center_axis',(-5.55111512312578E-17,3.88578058618805E-16,
1.));
#2975=DIRECTION('ref_axis',(0.90630778703665,0.4226182617407,-7.93016446160828E-17));
#2976=DIRECTION('',(-5.55111512312578E-17,3.88578058618805E-16,1.));
#2977=DIRECTION('center_axis',(5.55111512312578E-17,-3.88578058618805E-16,
-1.));
#2978=DIRECTION('ref_axis',(0.90630778703665,0.4226182617407,-7.93016446160828E-17));
#2979=DIRECTION('center_axis',(-5.55111512312578E-17,3.88578058618805E-16,
1.));
#2980=DIRECTION('ref_axis',(0.90630778703665,0.4226182617407,-7.93016446160828E-17));
#2981=DIRECTION('center_axis',(-5.55111512312578E-17,3.88578058618805E-16,
1.));
#2982=DIRECTION('ref_axis',(0.90630778703665,0.4226182617407,-7.93016446160828E-17));
#2983=DIRECTION('',(-5.55111512312578E-17,3.88578058618805E-16,1.));
#2984=DIRECTION('center_axis',(5.55111512312578E-17,-3.88578058618805E-16,
-1.));
#2985=DIRECTION('ref_axis',(0.90630778703665,0.4226182617407,-7.93016446160828E-17));
#2986=DIRECTION('center_axis',(-0.896175405016148,0.443699947536782,-2.75672910393721E-16));
#2987=DIRECTION('ref_axis',(-0.443699947536782,-0.896175405016148,2.98253940038738E-16));
#2988=DIRECTION('',(0.443699947536782,0.896175405016148,-2.98253940038738E-16));
#2989=DIRECTION('',(-0.443699947536782,-0.896175405016148,2.98253940038738E-16));
#2990=DIRECTION('',(5.55111512312578E-17,-3.88578058618805E-16,-1.));
#2991=DIRECTION('center_axis',(-0.236156567227462,-0.971715017767731,3.31184061624979E-16));
#2992=DIRECTION('ref_axis',(0.971715017767731,-0.236156567227462,1.87231637576222E-16));
#2993=DIRECTION('',(-0.971715017767731,0.236156567227462,-1.87231637576222E-16));
#2994=DIRECTION('',(-5.55111512312578E-17,3.88578058618805E-16,1.));
#2995=DIRECTION('',(0.971715017767731,-0.236156567227462,1.87231637576222E-16));
#2996=DIRECTION('',(5.55111512312578E-17,-3.88578058618805E-16,-1.));
#2997=DIRECTION('center_axis',(-0.896175405016148,0.443699947536782,-2.75672910393721E-16));
#2998=DIRECTION('ref_axis',(-0.443699947536782,-0.896175405016148,2.98253940038738E-16));
#2999=DIRECTION('',(5.55111512312578E-17,-3.88578058618805E-16,-1.));
#3000=DIRECTION('',(0.443699947536782,0.896175405016148,-2.98253940038738E-16));
#3001=DIRECTION('',(-0.443699947536782,-0.896175405016148,2.98253940038738E-16));
#3002=DIRECTION('center_axis',(-0.236156567227462,-0.971715017767731,3.31184061624979E-16));
#3003=DIRECTION('ref_axis',(0.971715017767731,-0.236156567227462,1.87231637576222E-16));
#3004=DIRECTION('',(5.55111512312578E-17,-3.88578058618805E-16,-1.));
#3005=DIRECTION('',(-0.971715017767731,0.236156567227462,-1.87231637576222E-16));
#3006=DIRECTION('',(-5.55111512312578E-17,3.88578058618805E-16,1.));
#3007=DIRECTION('',(0.971715017767731,-0.236156567227462,1.87231637576222E-16));
#3008=DIRECTION('center_axis',(-5.55111512312578E-17,3.88578058618805E-16,
1.));
#3009=DIRECTION('ref_axis',(0.90630778703665,0.4226182617407,-7.93016446160828E-17));
#3010=DIRECTION('center_axis',(-5.55111512312578E-17,3.88578058618805E-16,
1.));
#3011=DIRECTION('ref_axis',(0.90630778703665,0.4226182617407,-7.93016446160828E-17));
#3012=DIRECTION('',(-5.55111512312578E-17,3.88578058618805E-16,1.));
#3013=DIRECTION('center_axis',(5.55111512312578E-17,-3.88578058618805E-16,
-1.));
#3014=DIRECTION('ref_axis',(0.90630778703665,0.4226182617407,-7.93016446160828E-17));
#3015=DIRECTION('center_axis',(-5.55111512312578E-17,3.88578058618805E-16,
1.));
#3016=DIRECTION('ref_axis',(0.90630778703665,0.4226182617407,-7.93016446160828E-17));
#3017=DIRECTION('center_axis',(-5.55111512312578E-17,3.88578058618805E-16,
1.));
#3018=DIRECTION('ref_axis',(0.90630778703665,0.4226182617407,-7.93016446160828E-17));
#3019=DIRECTION('',(-5.55111512312578E-17,3.88578058618805E-16,1.));
#3020=DIRECTION('center_axis',(5.55111512312578E-17,-3.88578058618805E-16,
-1.));
#3021=DIRECTION('ref_axis',(0.90630778703665,0.4226182617407,-7.93016446160828E-17));
#3022=DIRECTION('center_axis',(-5.55111512312578E-17,3.88578058618805E-16,
1.));
#3023=DIRECTION('ref_axis',(0.90630778703665,0.4226182617407,-9.25185853854298E-17));
#3024=DIRECTION('center_axis',(-5.55111512312578E-17,3.88578058618805E-16,
1.));
#3025=DIRECTION('ref_axis',(0.90630778703665,0.4226182617407,-9.25185853854298E-17));
#3026=DIRECTION('',(-5.55111512312578E-17,3.88578058618805E-16,1.));
#3027=DIRECTION('center_axis',(5.55111512312578E-17,-3.88578058618805E-16,
-1.));
#3028=DIRECTION('ref_axis',(0.90630778703665,0.4226182617407,-9.25185853854298E-17));
#3029=DIRECTION('center_axis',(-5.55111512312578E-17,3.88578058618805E-16,
1.));
#3030=DIRECTION('ref_axis',(0.90630778703665,0.4226182617407,-9.25185853854298E-17));
#3031=DIRECTION('center_axis',(-5.55111512312578E-17,3.88578058618805E-16,
1.));
#3032=DIRECTION('ref_axis',(0.90630778703665,0.4226182617407,-9.25185853854298E-17));
#3033=DIRECTION('',(-5.55111512312578E-17,3.88578058618805E-16,1.));
#3034=DIRECTION('center_axis',(5.55111512312578E-17,-3.88578058618805E-16,
-1.));
#3035=DIRECTION('ref_axis',(0.90630778703665,0.4226182617407,-9.25185853854298E-17));
#3036=DIRECTION('center_axis',(-5.55111512312578E-17,3.88578058618805E-16,
1.));
#3037=DIRECTION('ref_axis',(0.90630778703665,0.4226182617407,-7.93016446160826E-17));
#3038=DIRECTION('center_axis',(-5.55111512312578E-17,3.88578058618805E-16,
1.));
#3039=DIRECTION('ref_axis',(0.90630778703665,0.4226182617407,-7.93016446160826E-17));
#3040=DIRECTION('',(-5.55111512312578E-17,3.88578058618805E-16,1.));
#3041=DIRECTION('center_axis',(5.55111512312578E-17,-3.88578058618805E-16,
-1.));
#3042=DIRECTION('ref_axis',(0.90630778703665,0.4226182617407,-7.93016446160826E-17));
#3043=DIRECTION('center_axis',(-5.55111512312578E-17,3.88578058618805E-16,
1.));
#3044=DIRECTION('ref_axis',(0.90630778703665,0.4226182617407,-7.93016446160826E-17));
#3045=DIRECTION('center_axis',(-5.55111512312578E-17,3.88578058618805E-16,
1.));
#3046=DIRECTION('ref_axis',(0.90630778703665,0.4226182617407,-7.93016446160826E-17));
#3047=DIRECTION('',(-5.55111512312578E-17,3.88578058618805E-16,1.));
#3048=DIRECTION('center_axis',(5.55111512312578E-17,-3.88578058618805E-16,
-1.));
#3049=DIRECTION('ref_axis',(0.90630778703665,0.4226182617407,-7.93016446160826E-17));
#3050=DIRECTION('center_axis',(-5.55111512312578E-17,3.88578058618805E-16,
1.));
#3051=DIRECTION('ref_axis',(-0.90630778703665,-0.4226182617407,1.11022302462516E-16));
#3052=DIRECTION('',(0.4226182617407,-0.90630778703665,3.88578058618805E-16));
#3053=DIRECTION('',(-0.90630778703665,-0.4226182617407,1.11022302462516E-16));
#3054=DIRECTION('',(0.4226182617407,-0.90630778703665,3.88578058618805E-16));
#3055=DIRECTION('center_axis',(5.55111512312578E-17,-3.88578058618805E-16,
-1.));
#3056=DIRECTION('ref_axis',(0.90630778703665,0.4226182617407,-1.11022302462516E-16));
#3057=DIRECTION('',(0.90630778703665,0.4226182617407,-1.11022302462516E-16));
#3058=DIRECTION('',(0.4226182617407,-0.90630778703665,3.88578058618805E-16));
#3059=DIRECTION('center_axis',(-5.55111512312578E-17,3.88578058618805E-16,
1.));
#3060=DIRECTION('ref_axis',(-0.90630778703665,-0.4226182617407,1.11022302462516E-16));
#3061=DIRECTION('',(0.4226182617407,-0.90630778703665,3.88578058618805E-16));
#3062=DIRECTION('',(-0.90630778703665,-0.4226182617407,1.11022302462516E-16));
#3063=DIRECTION('center_axis',(5.55111512312578E-17,-3.88578058618805E-16,
-1.));
#3064=DIRECTION('ref_axis',(0.90630778703665,0.4226182617407,-1.11022302462516E-16));
#3065=DIRECTION('',(0.4226182617407,-0.90630778703665,3.88578058618805E-16));
#3066=DIRECTION('',(-0.90630778703665,-0.4226182617407,1.11022302462516E-16));
#3067=DIRECTION('',(0.4226182617407,-0.90630778703665,3.88578058618805E-16));
#3068=DIRECTION('center_axis',(0.90630778703665,0.4226182617407,-1.11022302462516E-16));
#3069=DIRECTION('ref_axis',(-5.55111512312578E-17,3.88578058618805E-16,
1.));
#3070=DIRECTION('',(5.55111512312578E-17,-3.88578058618805E-16,-1.));
#3071=DIRECTION('center_axis',(0.90630778703665,0.4226182617407,-1.11022302462516E-16));
#3072=DIRECTION('ref_axis',(-5.55111512312578E-17,3.88578058618805E-16,
1.));
#3073=DIRECTION('center_axis',(0.90630778703665,0.4226182617407,-1.11022302462516E-16));
#3074=DIRECTION('ref_axis',(-5.55111512312578E-17,3.88578058618805E-16,
1.));
#3075=DIRECTION('center_axis',(0.4226182617407,-0.90630778703665,3.88578058618805E-16));
#3076=DIRECTION('ref_axis',(0.90630778703665,0.4226182617407,-1.11022302462516E-16));
#3077=DIRECTION('center_axis',(-1.,0.,0.));
#3078=DIRECTION('ref_axis',(0.,1.,0.));
#3079=DIRECTION('center_axis',(-1.,0.,0.));
#3080=DIRECTION('ref_axis',(0.,1.,0.));
#3081=DIRECTION('',(-1.,0.,0.));
#3082=DIRECTION('center_axis',(1.,0.,0.));
#3083=DIRECTION('ref_axis',(0.,1.,0.));
#3084=DIRECTION('center_axis',(-1.,0.,0.));
#3085=DIRECTION('ref_axis',(0.,1.,0.));
#3086=DIRECTION('center_axis',(-1.,0.,0.));
#3087=DIRECTION('ref_axis',(0.,1.,0.));
#3088=DIRECTION('',(-1.,0.,0.));
#3089=DIRECTION('center_axis',(1.,0.,0.));
#3090=DIRECTION('ref_axis',(0.,1.,0.));
#3091=DIRECTION('center_axis',(-1.,0.,0.));
#3092=DIRECTION('ref_axis',(0.,1.,0.));
#3093=DIRECTION('center_axis',(-1.,0.,0.));
#3094=DIRECTION('ref_axis',(0.,1.,0.));
#3095=DIRECTION('',(-1.,0.,0.));
#3096=DIRECTION('center_axis',(1.,0.,0.));
#3097=DIRECTION('ref_axis',(0.,1.,0.));
#3098=DIRECTION('center_axis',(-1.,0.,0.));
#3099=DIRECTION('ref_axis',(0.,1.,0.));
#3100=DIRECTION('center_axis',(-1.,0.,0.));
#3101=DIRECTION('ref_axis',(0.,1.,0.));
#3102=DIRECTION('',(-1.,0.,0.));
#3103=DIRECTION('center_axis',(1.,0.,0.));
#3104=DIRECTION('ref_axis',(0.,1.,0.));
#3105=DIRECTION('center_axis',(-1.,0.,0.));
#3106=DIRECTION('ref_axis',(0.,1.,0.));
#3107=DIRECTION('center_axis',(-1.,0.,0.));
#3108=DIRECTION('ref_axis',(0.,1.,0.));
#3109=DIRECTION('',(-1.,0.,0.));
#3110=DIRECTION('center_axis',(1.,0.,0.));
#3111=DIRECTION('ref_axis',(0.,1.,0.));
#3112=DIRECTION('center_axis',(-1.,0.,0.));
#3113=DIRECTION('ref_axis',(0.,1.,0.));
#3114=DIRECTION('center_axis',(-1.,0.,0.));
#3115=DIRECTION('ref_axis',(0.,1.,0.));
#3116=DIRECTION('',(-1.,0.,0.));
#3117=DIRECTION('center_axis',(1.,0.,0.));
#3118=DIRECTION('ref_axis',(0.,1.,0.));
#3119=DIRECTION('center_axis',(-1.,0.,0.));
#3120=DIRECTION('ref_axis',(0.,1.,0.));
#3121=DIRECTION('center_axis',(-1.,0.,0.));
#3122=DIRECTION('ref_axis',(0.,1.,0.));
#3123=DIRECTION('',(-1.,0.,0.));
#3124=DIRECTION('center_axis',(1.,0.,0.));
#3125=DIRECTION('ref_axis',(0.,1.,0.));
#3126=DIRECTION('center_axis',(-1.,0.,0.));
#3127=DIRECTION('ref_axis',(0.,1.,0.));
#3128=DIRECTION('center_axis',(-1.,0.,0.));
#3129=DIRECTION('ref_axis',(0.,1.,0.));
#3130=DIRECTION('',(-1.,0.,0.));
#3131=DIRECTION('center_axis',(1.,0.,0.));
#3132=DIRECTION('ref_axis',(0.,1.,0.));
#3133=DIRECTION('center_axis',(-1.,0.,0.));
#3134=DIRECTION('ref_axis',(0.,1.,0.));
#3135=DIRECTION('center_axis',(-1.,0.,0.));
#3136=DIRECTION('ref_axis',(0.,1.,0.));
#3137=DIRECTION('',(-1.,0.,0.));
#3138=DIRECTION('center_axis',(1.,0.,0.));
#3139=DIRECTION('ref_axis',(0.,1.,0.));
#3140=DIRECTION('center_axis',(-1.,0.,0.));
#3141=DIRECTION('ref_axis',(0.,1.,0.));
#3142=DIRECTION('center_axis',(-1.,0.,0.));
#3143=DIRECTION('ref_axis',(0.,1.,0.));
#3144=DIRECTION('',(-1.,0.,0.));
#3145=DIRECTION('center_axis',(1.,0.,0.));
#3146=DIRECTION('ref_axis',(0.,1.,0.));
#3147=DIRECTION('center_axis',(-0.707106781186548,0.707103270892778,-0.00222806928396349));
#3148=DIRECTION('ref_axis',(-0.00315095015708793,0.,0.999995035744232));
#3149=DIRECTION('',(0.,0.00315096579928808,0.999995035694944));
#3150=DIRECTION('',(0.,-0.00315096579928808,-0.999995035694944));
#3151=DIRECTION('center_axis',(1.,0.,0.));
#3152=DIRECTION('ref_axis',(0.,0.380044766310901,0.924968094368499));
#3153=DIRECTION('center_axis',(-1.,0.,0.));
#3154=DIRECTION('ref_axis',(0.,0.380044766310901,0.924968094368499));
#3155=DIRECTION('center_axis',(1.,0.,0.));
#3156=DIRECTION('ref_axis',(0.,0.380044766310901,0.924968094368499));
#3157=DIRECTION('center_axis',(-1.,0.,0.));
#3158=DIRECTION('ref_axis',(0.,0.598693940794289,0.800977880628551));
#3159=DIRECTION('center_axis',(-1.,0.,0.));
#3160=DIRECTION('ref_axis',(0.,0.598693940794289,0.80097788062855));
#3161=DIRECTION('center_axis',(1.,0.,0.));
#3162=DIRECTION('ref_axis',(0.,0.598693940794289,0.80097788062855));
#3163=DIRECTION('center_axis',(1.,0.,0.));
#3164=DIRECTION('ref_axis',(0.,0.380044766310901,0.924968094368499));
#3165=DIRECTION('',(1.,0.,0.));
#3166=DIRECTION('center_axis',(-1.,0.,0.));
#3167=DIRECTION('ref_axis',(0.,0.380044766310901,0.924968094368499));
#3168=DIRECTION('',(1.,0.,0.));
#3169=DIRECTION('center_axis',(0.,-0.999995035694944,0.00315096579928808));
#3170=DIRECTION('ref_axis',(0.,-0.00315096579928808,-0.999995035694944));
#3171=DIRECTION('',(1.,0.,0.));
#3172=DIRECTION('',(0.,-0.00315096579928808,-0.999995035694944));
#3173=DIRECTION('center_axis',(-1.,0.,0.));
#3174=DIRECTION('ref_axis',(0.,-1.,0.));
#3175=DIRECTION('center_axis',(1.,0.,0.));
#3176=DIRECTION('ref_axis',(0.,0.322250697700045,0.946654365558959));
#3177=DIRECTION('',(0.,0.,1.));
#3178=DIRECTION('center_axis',(-1.,0.,0.));
#3179=DIRECTION('ref_axis',(0.,0.442343240011335,0.89684583848969));
#3180=DIRECTION('',(0.,0.,1.));
#3181=DIRECTION('center_axis',(1.,0.,0.));
#3182=DIRECTION('ref_axis',(0.,0.598693940794289,0.80097788062855));
#3183=DIRECTION('center_axis',(1.,0.,0.));
#3184=DIRECTION('ref_axis',(0.,0.598693940794289,0.80097788062855));
#3185=DIRECTION('center_axis',(1.,0.,0.));
#3186=DIRECTION('ref_axis',(0.,1.,0.));
#3187=DIRECTION('center_axis',(-1.,0.,0.));
#3188=DIRECTION('ref_axis',(0.,0.380044766310901,0.924968094368499));
#3189=DIRECTION('center_axis',(-1.,0.,0.));
#3190=DIRECTION('ref_axis',(0.,0.380044766310901,0.924968094368499));
#3191=DIRECTION('center_axis',(1.,0.,0.));
#3192=DIRECTION('ref_axis',(0.,0.380044766310901,0.924968094368499));
#3193=DIRECTION('center_axis',(0.707106781186546,0.70710327089278,-0.0022280692839635));
#3194=DIRECTION('ref_axis',(-0.00315095015708795,0.,-0.999995035744232));
#3195=DIRECTION('',(0.,0.00315096579928808,0.999995035694944));
#3196=DIRECTION('',(0.,-0.00315096579928808,-0.999995035694944));
#3197=DIRECTION('center_axis',(1.,0.,0.));
#3198=DIRECTION('ref_axis',(0.,0.598693940794289,0.800977880628551));
#3199=DIRECTION('center_axis',(1.,0.,0.));
#3200=DIRECTION('ref_axis',(0.,0.598693940794289,0.80097788062855));
#3201=DIRECTION('center_axis',(-1.,0.,0.));
#3202=DIRECTION('ref_axis',(0.,0.598693940794289,0.80097788062855));
#3203=DIRECTION('center_axis',(0.,-0.999995035694944,0.00315096579928808));
#3204=DIRECTION('ref_axis',(0.,0.00315096579928808,0.999995035694944));
#3205=DIRECTION('',(-1.,0.,0.));
#3206=DIRECTION('',(0.,0.00315096579928808,0.999995035694944));
#3207=DIRECTION('',(-1.,0.,0.));
#3208=DIRECTION('center_axis',(-1.,0.,0.));
#3209=DIRECTION('ref_axis',(0.,0.380044766310901,0.924968094368499));
#3210=DIRECTION('',(-1.,0.,0.));
#3211=DIRECTION('center_axis',(1.,0.,0.));
#3212=DIRECTION('ref_axis',(0.,0.380044766310901,0.924968094368499));
#3213=DIRECTION('center_axis',(1.,0.,0.));
#3214=DIRECTION('ref_axis',(0.,1.,0.));
#3215=DIRECTION('center_axis',(-1.,0.,0.));
#3216=DIRECTION('ref_axis',(0.,0.322250697700045,0.946654365558959));
#3217=DIRECTION('',(0.,0.,1.));
#3218=DIRECTION('center_axis',(1.,0.,0.));
#3219=DIRECTION('ref_axis',(0.,0.442343240011335,0.89684583848969));
#3220=DIRECTION('',(0.,0.,1.));
#3221=DIRECTION('center_axis',(-1.,0.,0.));
#3222=DIRECTION('ref_axis',(0.,0.598693940794289,0.80097788062855));
#3223=DIRECTION('center_axis',(-1.,0.,0.));
#3224=DIRECTION('ref_axis',(0.,0.598693940794289,0.80097788062855));
#3225=DIRECTION('center_axis',(1.,0.,0.));
#3226=DIRECTION('ref_axis',(0.,1.,0.));
#3227=DIRECTION('center_axis',(-1.,0.,0.));
#3228=DIRECTION('ref_axis',(0.,0.037662437722393,0.999290518710553));
#3229=DIRECTION('',(-1.,0.,0.));
#3230=DIRECTION('center_axis',(1.,0.,0.));
#3231=DIRECTION('ref_axis',(0.,0.037662437722393,0.999290518710553));
#3232=DIRECTION('',(1.,0.,0.));
#3233=DIRECTION('center_axis',(-1.,0.,0.));
#3234=DIRECTION('ref_axis',(0.,0.037662437722393,0.999290518710553));
#3235=DIRECTION('center_axis',(-1.,0.,0.));
#3236=DIRECTION('ref_axis',(0.,0.037662437722393,0.999290518710553));
#3237=DIRECTION('',(-1.,0.,0.));
#3238=DIRECTION('center_axis',(1.,0.,0.));
#3239=DIRECTION('ref_axis',(0.,0.037662437722393,0.999290518710553));
#3240=DIRECTION('',(1.,0.,0.));
#3241=DIRECTION('center_axis',(-1.,0.,0.));
#3242=DIRECTION('ref_axis',(0.,0.037662437722393,0.999290518710553));
#3243=DIRECTION('center_axis',(1.,0.,0.));
#3244=DIRECTION('ref_axis',(0.,1.,0.));
#3245=DIRECTION('center_axis',(-1.,0.,0.));
#3246=DIRECTION('ref_axis',(0.,0.322250697700045,0.946654365558959));
#3247=DIRECTION('',(0.,0.,1.));
#3248=DIRECTION('',(0.,1.,0.));
#3249=DIRECTION('center_axis',(1.,0.,0.));
#3250=DIRECTION('ref_axis',(0.,1.,0.));
#3251=DIRECTION('center_axis',(-1.,0.,0.));
#3252=DIRECTION('ref_axis',(0.,0.322250697700045,0.946654365558959));
#3253=DIRECTION('',(0.,0.,1.));
#3254=DIRECTION('',(0.,1.,0.));
#3255=DIRECTION('center_axis',(0.,0.,1.));
#3256=DIRECTION('ref_axis',(1.,0.,0.));
#3257=DIRECTION('',(-1.,0.,0.));
#3258=DIRECTION('',(0.,-1.,0.));
#3259=DIRECTION('center_axis',(0.,0.,1.));
#3260=DIRECTION('ref_axis',(1.,0.,0.));
#3261=DIRECTION('',(-1.,0.,0.));
#3262=DIRECTION('',(0.,-1.,0.));
#3263=DIRECTION('center_axis',(-1.,0.,0.));
#3264=DIRECTION('ref_axis',(0.,0.322250697700045,0.946654365558959));
#3265=DIRECTION('center_axis',(1.,0.,0.));
#3266=DIRECTION('ref_axis',(0.,0.322250697700045,0.946654365558959));
#3267=DIRECTION('center_axis',(0.707106781186548,0.707106781186547,0.));
#3268=DIRECTION('ref_axis',(-0.707106781186547,0.707106781186548,5.66067171849515E-17));
#3269=DIRECTION('',(1.,0.,0.));
#3270=DIRECTION('center_axis',(-0.832050294337844,0.554700196225229,0.));
#3271=DIRECTION('ref_axis',(0.554700196225229,0.832050294337844,6.66089435830375E-17));
#3272=DIRECTION('center_axis',(1.,0.,0.));
#3273=DIRECTION('ref_axis',(0.,0.322250697700045,0.946654365558959));
#3274=DIRECTION('center_axis',(0.788271483503808,-0.615327610541495,0.));
#3275=DIRECTION('ref_axis',(0.615327610541495,0.788271483503808,6.31042752224579E-17));
#3276=DIRECTION('center_axis',(-1.,0.,0.));
#3277=DIRECTION('ref_axis',(0.,0.322250697700045,0.946654365558959));
#3278=DIRECTION('center_axis',(0.868243142124459,-0.496138938356834,0.));
#3279=DIRECTION('ref_axis',(0.496138938356834,0.868243142124459,6.95063253551895E-17));
#3280=DIRECTION('',(-1.,0.,0.));
#3281=DIRECTION('center_axis',(-0.868243142124459,-0.496138938356834,0.));
#3282=DIRECTION('ref_axis',(-0.496138938356834,0.868243142124459,6.95063253551895E-17));
#3283=DIRECTION('center_axis',(-0.707106781186548,-0.707106781186548,0.));
#3284=DIRECTION('ref_axis',(-0.707106781186548,0.707106781186548,5.66067171849515E-17));
#3285=DIRECTION('center_axis',(-1.,0.,0.));
#3286=DIRECTION('ref_axis',(0.,0.442343240011335,0.89684583848969));
#3287=DIRECTION('center_axis',(-0.868243142124459,0.496138938356834,0.));
#3288=DIRECTION('ref_axis',(0.496138938356834,0.868243142124459,-3.90091098024428E-17));
#3289=DIRECTION('center_axis',(1.,0.,0.));
#3290=DIRECTION('ref_axis',(0.,0.442343240011335,0.89684583848969));
#3291=DIRECTION('center_axis',(-0.788271483503808,0.615327610541495,0.));
#3292=DIRECTION('ref_axis',(0.615327610541495,0.788271483503808,-3.54160803146622E-17));
#3293=DIRECTION('center_axis',(0.832050294337844,-0.554700196225229,0.));
#3294=DIRECTION('ref_axis',(0.554700196225229,0.832050294337844,-3.73830091114352E-17));
#3295=DIRECTION('',(-1.,0.,0.));
#3296=DIRECTION('center_axis',(-0.707106781186548,-0.707106781186547,0.));
#3297=DIRECTION('ref_axis',(-0.707106781186547,0.707106781186548,-3.17694488226709E-17));
#3298=DIRECTION('center_axis',(0.707106781186548,0.707106781186548,0.));
#3299=DIRECTION('ref_axis',(-0.707106781186548,0.707106781186548,-3.17694488226709E-17));
#3300=DIRECTION('center_axis',(0.868243142124459,0.496138938356834,0.));
#3301=DIRECTION('ref_axis',(-0.496138938356834,0.868243142124459,-3.90091098024428E-17));
#3302=DIRECTION('',(1.,0.,0.));
#3303=DIRECTION('center_axis',(-1.,0.,0.));
#3304=DIRECTION('ref_axis',(0.,-1.,0.));
#3305=DIRECTION('',(0.,0.,1.));
#3306=DIRECTION('center_axis',(-1.,0.,0.));
#3307=DIRECTION('ref_axis',(0.,-1.,0.));
#3308=DIRECTION('',(0.,0.,1.));
#3309=DIRECTION('center_axis',(-0.868243142124459,0.496138938356834,0.));
#3310=DIRECTION('ref_axis',(-0.496138938356834,-0.868243142124459,0.));
#3311=DIRECTION('',(0.,0.,1.));
#3312=DIRECTION('center_axis',(1.,0.,0.));
#3313=DIRECTION('ref_axis',(0.,1.,0.));
#3314=DIRECTION('',(0.,0.,1.));
#3315=DIRECTION('center_axis',(0.,1.,0.));
#3316=DIRECTION('ref_axis',(-1.,0.,0.));
#3317=DIRECTION('center_axis',(-0.788271483503808,0.615327610541495,0.));
#3318=DIRECTION('ref_axis',(-0.615327610541495,-0.788271483503808,0.));
#3319=DIRECTION('center_axis',(0.832050294337844,-0.554700196225229,0.));
#3320=DIRECTION('ref_axis',(0.554700196225229,0.832050294337844,0.));
#3321=DIRECTION('',(0.,0.,1.));
#3322=DIRECTION('center_axis',(0.868243142124459,0.496138938356834,0.));
#3323=DIRECTION('ref_axis',(-0.496138938356834,0.868243142124459,0.));
#3324=DIRECTION('',(0.,0.,1.));
#3325=DIRECTION('center_axis',(0.707106781186548,0.707106781186548,0.));
#3326=DIRECTION('ref_axis',(-0.707106781186548,0.707106781186548,0.));
#3327=DIRECTION('center_axis',(-0.707106781186548,-0.707106781186547,0.));
#3328=DIRECTION('ref_axis',(0.707106781186547,-0.707106781186548,0.));
#3329=DIRECTION('',(0.,0.,1.));
#3330=DIRECTION('center_axis',(0.,-1.,0.));
#3331=DIRECTION('ref_axis',(1.,0.,0.));
#3332=DIRECTION('',(3.38618022510673E-14,-0.996194698091749,0.0871557427476226));
#3333=DIRECTION('',(-0.422618261740696,-0.0789899283371483,-0.902859012285176));
#3334=CARTESIAN_POINT('',(0.,0.,0.));
#3335=CARTESIAN_POINT('',(0.,0.,0.));
#3336=CARTESIAN_POINT('Origin',(-18.4369304411337,2.43649733205324,11.7470741584965));
#3337=CARTESIAN_POINT('',(-24.1172489172214,-0.212278674105779,11.7470741584965));
#3338=CARTESIAN_POINT('Origin',(-18.4369304411337,2.43649733205324,11.7470741584965));
#3339=CARTESIAN_POINT('',(-26.2303402259249,4.31926026107747,11.7470741584965));
#3340=CARTESIAN_POINT('',(-24.1172489172214,-0.212278674105781,11.7470741584965));
#3341=CARTESIAN_POINT('Origin',(-20.5500217498372,6.96803626723649,11.7470741584965));
#3342=CARTESIAN_POINT('Origin',(-20.5500217498372,6.96803626723649,11.7470741584965));
#3343=CARTESIAN_POINT('',(-23.8881843835644,5.41142546696265,11.6905174924453));
#3344=CARTESIAN_POINT('Origin',(-20.7161071289361,6.8905893830551,11.6905174924453));
#3345=CARTESIAN_POINT('Origin',(-33.3946549811571,34.0798229941546,11.6905174924453));
#3346=CARTESIAN_POINT('',(-25.5333082480639,8.93940497947726,11.6905174924453));
#3347=CARTESIAN_POINT('Origin',(-22.3612309934356,10.4185688955697,11.6905174924453));
#3348=CARTESIAN_POINT('',(-36.5667322357854,32.6006590780622,11.6905174924453));
#3349=CARTESIAN_POINT('Origin',(-11.0928918837121,8.61952355057075,37.5));
#3350=CARTESIAN_POINT('',(-28.9969686020267,3.02916026203226,40.));
#3351=CARTESIAN_POINT('',(-6.53359385007628,13.5040039368724,40.));
#3352=CARTESIAN_POINT('',(-5.30354915429758,14.077583198387,40.));
#3353=CARTESIAN_POINT('',(-26.8838772933232,-1.50237867315099,35.));
#3354=CARTESIAN_POINT('',(-32.6948783922579,10.9593533986029,48.75));
#3355=CARTESIAN_POINT('',(-8.95204147655603,6.85937369298566,35.));
#3356=CARTESIAN_POINT('',(-10.0363462293604,6.35375408297912,35.));
#3357=CARTESIAN_POINT('',(-8.95204147655603,6.85937369298566,35.));
#3358=CARTESIAN_POINT('Origin',(-7.74281766331615,10.181688814929,8.88862453029413));
#3359=CARTESIAN_POINT('',(-8.95204147655602,6.85937369298565,3.51816604039216));
#3360=CARTESIAN_POINT('',(-8.95204147655603,6.85937369298565,8.88862453029413));
#3361=CARTESIAN_POINT('',(-6.53359385007627,13.5040039368724,-1.48183395960784));
#3362=CARTESIAN_POINT('',(-8.95204147655602,6.85937369298565,3.51816604039216));
#3363=CARTESIAN_POINT('',(-6.53359385007627,13.5040039368724,9.25908302019607));
#3364=CARTESIAN_POINT('Origin',(-22.3245792596874,3.38210171315066,1.01816604039216));
#3365=CARTESIAN_POINT('',(-26.8838772933232,-1.50237867315101,3.51816604039216));
#3366=CARTESIAN_POINT('',(-21.2680336053356,1.11633224555903,3.51816604039216));
#3367=CARTESIAN_POINT('',(-28.9969686020267,3.02916026203224,-1.48183395960784));
#3368=CARTESIAN_POINT('',(-26.1990419430979,-2.97101282111879,5.13862453029413));
#3369=CARTESIAN_POINT('',(-16.5352365302728,8.84016136096686,-1.48183395960784));
#3370=CARTESIAN_POINT('Origin',(-15.652189917348,3.73504316426908,19.2590830201961));
#3371=CARTESIAN_POINT('',(-26.8838772933232,-1.50237867315101,-1.48183395960784));
#3372=CARTESIAN_POINT('Origin',(-41.6755164542477,30.2183938731318,50.));
#3373=CARTESIAN_POINT('',(-28.9969686020267,3.02916026203226,50.));
#3374=CARTESIAN_POINT('',(-28.9969686020267,3.02916026203226,50.));
#3375=CARTESIAN_POINT('',(-41.6755164542477,30.2183938731318,50.));
#3376=CARTESIAN_POINT('',(-41.6755164542477,30.2183938731318,50.));
#3377=CARTESIAN_POINT('',(-41.6755164542477,30.2183938731318,39.9788888169668));
#3378=CARTESIAN_POINT('',(-41.6755164542477,30.2183938731318,50.));
#3379=CARTESIAN_POINT('',(-30.6420924665262,6.55713977454687,39.9788888169668));
#3380=CARTESIAN_POINT('',(-40.796895857112,28.3341859220719,39.9788888169668));
#3381=CARTESIAN_POINT('',(-30.6420924665262,6.55713977454685,-3.91974800597978));
#3382=CARTESIAN_POINT('',(-30.6420924665262,6.55713977454687,44.9894444084834));
#3383=CARTESIAN_POINT('',(-31.1100597532927,7.56069885958953,-3.91974800597978));
#3384=CARTESIAN_POINT('',(-36.158804460387,18.3877668238393,-3.91974800597978));
#3385=CARTESIAN_POINT('',(-31.1100597532927,7.56069885958953,-10.));
#3386=CARTESIAN_POINT('',(-31.1100597532927,7.56069885958954,20.));
#3387=CARTESIAN_POINT('',(-28.9969686020267,3.02916026203224,-10.));
#3388=CARTESIAN_POINT('',(-41.6755164542477,30.2183938731317,-10.));
#3389=CARTESIAN_POINT('',(-28.9969686020267,3.02916026203226,50.));
#3390=CARTESIAN_POINT('Origin',(-4.07350445851887,14.6511624599015,20.));
#3391=CARTESIAN_POINT('',(12.9197676794653,22.5752553949555,-10.));
#3392=CARTESIAN_POINT('',(-6.3392739261105,13.5946168055497,-10.));
#3393=CARTESIAN_POINT('',(12.9197676794653,22.5752553949555,-5.));
#3394=CARTESIAN_POINT('',(12.9197676794653,22.5752553949555,4.99999999999999));
#3395=CARTESIAN_POINT('',(-6.3392739261105,13.5946168055497,-5.));
#3396=CARTESIAN_POINT('',(20.849959684989,26.2731646577707,-5.00000000000001));
#3397=CARTESIAN_POINT('',(-6.3392739261105,13.5946168055498,45.));
#3398=CARTESIAN_POINT('',(-6.3392739261105,13.5946168055497,-5.));
#3399=CARTESIAN_POINT('',(12.9197676794653,22.5752553949555,45.));
#3400=CARTESIAN_POINT('',(20.849959684989,26.2731646577707,45.));
#3401=CARTESIAN_POINT('',(12.9197676794653,22.5752553949555,50.));
#3402=CARTESIAN_POINT('',(12.9197676794653,22.5752553949555,4.99999999999999));
#3403=CARTESIAN_POINT('',(-6.3392739261105,13.5946168055498,50.));
#3404=CARTESIAN_POINT('Origin',(-41.6755164542477,30.2183938731318,50.));
#3405=CARTESIAN_POINT('',(-33.2231510934837,12.092237862298,-3.91974800597978));
#3406=CARTESIAN_POINT('',(-41.6755164542477,30.2183938731317,-3.91974800597979));
#3407=CARTESIAN_POINT('',(-40.796895857112,28.3341859220719,-3.91974800597979));
#3408=CARTESIAN_POINT('',(-41.6755164542477,30.2183938731317,-10.));
#3409=CARTESIAN_POINT('',(-41.6755164542477,30.2183938731318,50.));
#3410=CARTESIAN_POINT('',(-33.2231510934837,12.092237862298,-10.));
#3411=CARTESIAN_POINT('',(-41.6755164542477,30.2183938731317,-10.));
#3412=CARTESIAN_POINT('',(-33.2231510934837,12.092237862298,20.));
#3413=CARTESIAN_POINT('Origin',(-23.5566813002233,13.841341956813,-10.));
#3414=CARTESIAN_POINT('',(-24.613226954575,16.1071114244046,-3.91974800597978));
#3415=CARTESIAN_POINT('',(-22.500135614384,11.5755724216962,-3.91974800597978));
#3416=CARTESIAN_POINT('Origin',(-23.5566813002233,13.841341956813,-3.91974800597978));
#3417=CARTESIAN_POINT('',(-24.613226954575,16.1071114244046,-10.));
#3418=CARTESIAN_POINT('',(-24.613226954575,16.1071114244046,-10.));
#3419=CARTESIAN_POINT('',(-22.500135614384,11.5755724216962,-10.));
#3420=CARTESIAN_POINT('Origin',(-23.5566813002233,13.841341956813,-10.));
#3421=CARTESIAN_POINT('',(-22.500135614384,11.5755724216962,-10.));
#3422=CARTESIAN_POINT('Origin',(-31.1100597532927,7.56069885958953,-10.));
#3423=CARTESIAN_POINT('',(-31.1100597532927,7.56069885958953,-3.91974800597978));
#3424=CARTESIAN_POINT('',(-31.1100597532927,7.56069885958953,-10.));
#3425=CARTESIAN_POINT('Origin',(-24.613226954575,16.1071114244046,-10.));
#3426=CARTESIAN_POINT('',(-28.9181890240294,14.0996746433513,-3.91974800597978));
#3427=CARTESIAN_POINT('',(-28.9181890240294,14.0996746433513,-10.));
#3428=CARTESIAN_POINT('Origin',(-30.6420924665262,6.55713977454685,-3.91974800597978));
#3429=CARTESIAN_POINT('',(-12.5159367257932,15.0095050093608,-3.91974800597978));
#3430=CARTESIAN_POINT('',(-30.6420924665262,6.55713977454685,-3.91974800597978));
#3431=CARTESIAN_POINT('',(-23.5493607135147,38.6707591079457,-3.91974800597979));
#3432=CARTESIAN_POINT('',(-21.7921195192432,34.902343205826,-3.91974800597979));
#3433=CARTESIAN_POINT('',(-20.1507065121273,40.2555775894734,-3.91974800597978));
#3434=CARTESIAN_POINT('Origin',(-30.6420924665262,6.55713977454687,39.9788888169668));
#3435=CARTESIAN_POINT('',(-12.5159367257932,15.0095050093609,39.9788888169668));
#3436=CARTESIAN_POINT('',(-30.6420924665262,6.55713977454687,39.9788888169668));
#3437=CARTESIAN_POINT('',(-12.5159367257932,15.0095050093609,39.9788888169668));
#3438=CARTESIAN_POINT('Origin',(-39.9182752599762,26.449977971012,39.9788888169668));
#3439=CARTESIAN_POINT('',(-23.5493607135147,38.6707591079457,39.9788888169668));
#3440=CARTESIAN_POINT('',(-29.2137843824938,36.0293949720664,39.9788888169668));
#3441=CARTESIAN_POINT('',(-21.7921195192432,34.902343205826,39.9788888169668));
#3442=CARTESIAN_POINT('Origin',(-17.1540281225182,24.9559241075934,18.0295704054935));
#3443=CARTESIAN_POINT('',(-23.5493607135147,38.6707591079457,29.9894444084834));
#3444=CARTESIAN_POINT('Origin',(8.16653195181123,36.9094537119476,-10.));
#3445=CARTESIAN_POINT('',(6.58049332449709,36.1698717539014,45.));
#3446=CARTESIAN_POINT('Origin',(8.16653195181123,36.9094537119476,45.));
#3447=CARTESIAN_POINT('',(6.58049332449709,36.1698717539014,50.));
#3448=CARTESIAN_POINT('',(6.58049332449709,36.1698717539014,-10.));
#3449=CARTESIAN_POINT('Origin',(8.16653195181122,36.9094537119476,50.));
#3450=CARTESIAN_POINT('Origin',(8.16653195181123,36.9094537119476,-10.));
#3451=CARTESIAN_POINT('',(6.58049332449709,36.1698717539014,-10.));
#3452=CARTESIAN_POINT('Origin',(8.16653195181123,36.9094537119476,-10.));
#3453=CARTESIAN_POINT('',(6.58049332449709,36.1698717539014,-5.00000000000001));
#3454=CARTESIAN_POINT('',(6.58049332449709,36.1698717539014,-10.));
#3455=CARTESIAN_POINT('Origin',(8.16653195181122,36.9094537119476,-5.00000000000001));
#3456=CARTESIAN_POINT('Origin',(-5.12272873398768,41.7463490369825,-10.));
#3457=CARTESIAN_POINT('',(-6.70876736130182,41.0067670789363,45.));
#3458=CARTESIAN_POINT('Origin',(-5.12272873398768,41.7463490369825,45.));
#3459=CARTESIAN_POINT('',(-6.70876736130182,41.0067670789363,50.));
#3460=CARTESIAN_POINT('',(-6.70876736130182,41.0067670789363,-10.));
#3461=CARTESIAN_POINT('Origin',(-5.12272873398768,41.7463490369825,50.));
#3462=CARTESIAN_POINT('Origin',(-5.12272873398768,41.7463490369825,-10.));
#3463=CARTESIAN_POINT('',(-6.70876736130182,41.0067670789363,-10.));
#3464=CARTESIAN_POINT('Origin',(-5.12272873398768,41.7463490369825,-10.));
#3465=CARTESIAN_POINT('',(-6.70876736130182,41.0067670789363,-5.00000000000001));
#3466=CARTESIAN_POINT('',(-6.70876736130182,41.0067670789363,-10.));
#3467=CARTESIAN_POINT('Origin',(-5.12272873398768,41.7463490369825,-5.00000000000001));
#3468=CARTESIAN_POINT('Origin',(23.573764601535,44.0939642874896,-10.));
#3469=CARTESIAN_POINT('',(17.8916322747368,32.6173182621897,50.));
#3470=CARTESIAN_POINT('',(23.9202359145031,44.7937594327209,50.));
#3471=CARTESIAN_POINT('',(17.8916322747368,32.6173182621897,45.));
#3472=CARTESIAN_POINT('',(18.7231641677584,34.2968281092146,45.));
#3473=CARTESIAN_POINT('',(17.8916322747368,32.6173182621897,17.5));
#3474=CARTESIAN_POINT('Origin',(-7.53629577277121,51.6546635973683,-10.));
#3475=CARTESIAN_POINT('',(11.1297394319453,47.1182442593001,50.));
#3476=CARTESIAN_POINT('',(0.24121932080535,49.7644887698986,50.));
#3477=CARTESIAN_POINT('',(-0.32786746039148,49.9027943206461,50.));
#3478=CARTESIAN_POINT('',(11.1297394319453,47.1182442593001,45.));
#3479=CARTESIAN_POINT('',(11.1297394319453,47.1182442593001,17.5));
#3480=CARTESIAN_POINT('',(0.241219320805355,49.7644887698986,45.));
#3481=CARTESIAN_POINT('',(-11.7095966960245,52.668903783042,45.));
#3482=CARTESIAN_POINT('',(0.241219320805355,49.7644887698986,4.99999999999998));
#3483=CARTESIAN_POINT('Origin',(23.573764601535,44.0939642874896,-10.));
#3484=CARTESIAN_POINT('',(17.8916322747368,32.6173182621897,-5.00000000000001));
#3485=CARTESIAN_POINT('',(17.8916322747368,32.6173182621897,-10.));
#3486=CARTESIAN_POINT('',(17.8916322747368,32.6173182621897,-10.));
#3487=CARTESIAN_POINT('',(23.9202359145031,44.7937594327209,-5.00000000000001));
#3488=CARTESIAN_POINT('',(14.3922710454711,25.5493853396261,-10.));
#3489=CARTESIAN_POINT('Origin',(-7.53629577277121,51.6546635973683,-10.));
#3490=CARTESIAN_POINT('',(0.241219320805355,49.7644887698986,-5.00000000000002));
#3491=CARTESIAN_POINT('',(0.241219320805355,49.7644887698986,-10.));
#3492=CARTESIAN_POINT('',(0.241219320805355,49.7644887698986,4.99999999999998));
#3493=CARTESIAN_POINT('',(11.1297394319453,47.1182442593001,-5.00000000000001));
#3494=CARTESIAN_POINT('',(-0.32786746039148,49.9027943206461,-5.00000000000002));
#3495=CARTESIAN_POINT('',(11.1297394319453,47.1182442593001,-10.));
#3496=CARTESIAN_POINT('',(11.1297394319453,47.1182442593001,-10.));
#3497=CARTESIAN_POINT('',(-21.194371059052,54.9739950017053,-10.));
#3498=CARTESIAN_POINT('Origin',(-9.95962405902254,28.4570883511836,-10.));
#3499=CARTESIAN_POINT('',(-11.5456626863367,27.7175063931374,45.));
#3500=CARTESIAN_POINT('Origin',(-9.95962405902254,28.4570883511836,45.));
#3501=CARTESIAN_POINT('',(-11.5456626863367,27.7175063931374,50.));
#3502=CARTESIAN_POINT('',(-11.5456626863367,27.7175063931373,-10.));
#3503=CARTESIAN_POINT('Origin',(-9.95962405902254,28.4570883511836,50.));
#3504=CARTESIAN_POINT('Origin',(-9.95962405902254,28.4570883511836,-10.));
#3505=CARTESIAN_POINT('',(-11.5456626863367,27.7175063931373,-10.));
#3506=CARTESIAN_POINT('Origin',(-9.95962405902254,28.4570883511836,-10.));
#3507=CARTESIAN_POINT('',(-11.5456626863367,27.7175063931374,-5.00000000000001));
#3508=CARTESIAN_POINT('',(-11.5456626863367,27.7175063931373,-10.));
#3509=CARTESIAN_POINT('Origin',(-9.95962405902254,28.4570883511836,-5.00000000000001));
#3510=CARTESIAN_POINT('Origin',(-0.896546053605651,32.6832710315656,-10.));
#3511=CARTESIAN_POINT('',(-6.33439277582556,30.1475614611214,45.));
#3512=CARTESIAN_POINT('Origin',(-0.89654605360566,32.6832710315656,45.));
#3513=CARTESIAN_POINT('',(-6.33439277582556,30.1475614611214,50.));
#3514=CARTESIAN_POINT('',(-6.33439277582556,30.1475614611214,-10.));
#3515=CARTESIAN_POINT('Origin',(-0.896546053605656,32.6832710315656,50.));
#3516=CARTESIAN_POINT('Origin',(-0.896546053605651,32.6832710315656,-10.));
#3517=CARTESIAN_POINT('',(-6.33439277582556,30.1475614611214,-10.));
#3518=CARTESIAN_POINT('Origin',(-0.896546053605651,32.6832710315656,-10.));
#3519=CARTESIAN_POINT('',(-6.33439277582556,30.1475614611214,-5.00000000000001));
#3520=CARTESIAN_POINT('',(-6.33439277582556,30.1475614611214,-10.));
#3521=CARTESIAN_POINT('Origin',(-0.896546053605651,32.6832710315656,-5.00000000000001));
#3522=CARTESIAN_POINT('Origin',(3.32963662677637,23.6201930261487,-10.));
#3523=CARTESIAN_POINT('',(1.74359799946223,22.8806110681025,45.));
#3524=CARTESIAN_POINT('Origin',(3.32963662677636,23.6201930261487,45.));
#3525=CARTESIAN_POINT('',(1.74359799946223,22.8806110681025,50.));
#3526=CARTESIAN_POINT('',(1.74359799946223,22.8806110681025,-10.));
#3527=CARTESIAN_POINT('Origin',(3.32963662677637,23.6201930261487,50.));
#3528=CARTESIAN_POINT('Origin',(3.32963662677637,23.6201930261487,-10.));
#3529=CARTESIAN_POINT('',(1.74359799946223,22.8806110681025,-10.));
#3530=CARTESIAN_POINT('Origin',(3.32963662677637,23.6201930261487,-10.));
#3531=CARTESIAN_POINT('',(1.74359799946223,22.8806110681025,-5.00000000000001));
#3532=CARTESIAN_POINT('',(1.74359799946223,22.8806110681025,-10.));
#3533=CARTESIAN_POINT('Origin',(3.32963662677637,23.6201930261487,-5.00000000000001));
#3534=CARTESIAN_POINT('Origin',(8.171411832768,53.4623982688702,-5.00000000000002));
#3535=CARTESIAN_POINT('',(8.171411832768,53.4623982688702,-5.00000000000002));
#3536=CARTESIAN_POINT('',(-19.0178217783315,40.7838504166492,-5.00000000000001));
#3537=CARTESIAN_POINT('',(8.171411832768,53.4623982688702,-5.00000000000002));
#3538=CARTESIAN_POINT('',(-19.0178217783315,40.7838504166492,-5.00000000000001));
#3539=CARTESIAN_POINT('Origin',(-41.6755164542477,30.2183938731317,-10.));
#3540=CARTESIAN_POINT('',(-19.0178217783315,40.7838504166492,-10.));
#3541=CARTESIAN_POINT('',(8.17141183276801,53.4623982688702,-10.));
#3542=CARTESIAN_POINT('Origin',(8.17141183276801,53.4623982688702,50.));
#3543=CARTESIAN_POINT('',(8.17141183276801,53.4623982688702,50.));
#3544=CARTESIAN_POINT('',(-19.0178217783315,40.7838504166492,50.));
#3545=CARTESIAN_POINT('Origin',(-19.0178217783315,40.7838504166492,45.));
#3546=CARTESIAN_POINT('',(-19.0178217783315,40.7838504166492,45.));
#3547=CARTESIAN_POINT('',(-19.0178217783315,40.7838504166492,45.));
#3548=CARTESIAN_POINT('',(8.171411832768,53.4623982688702,45.));
#3549=CARTESIAN_POINT('',(8.171411832768,53.4623982688702,45.));
#3550=CARTESIAN_POINT('Origin',(-19.0178217783315,40.7838504166492,-5.00000000000001));
#3551=CARTESIAN_POINT('',(-19.0178217783315,40.7838504166492,-5.00000000000001));
#3552=CARTESIAN_POINT('Origin',(8.17141183276801,53.4623982688702,-10.));
#3553=CARTESIAN_POINT('Origin',(8.171411832768,53.4623982688702,45.));
#3554=CARTESIAN_POINT('Origin',(-16.7520523107399,41.840396071001,20.));
#3555=CARTESIAN_POINT('Origin',(-18.4369304411337,2.43649733205324,11.7470741584965));
#3556=CARTESIAN_POINT('',(-24.1172489172214,-0.212278674105779,11.7470741584965));
#3557=CARTESIAN_POINT('Origin',(-18.4369304411337,2.43649733205324,11.7470741584965));
#3558=CARTESIAN_POINT('',(-26.2303402259249,4.31926026107747,11.7470741584965));
#3559=CARTESIAN_POINT('',(-24.1172489172214,-0.212278674105781,11.7470741584965));
#3560=CARTESIAN_POINT('Origin',(-20.5500217498372,6.96803626723649,11.7470741584965));
#3561=CARTESIAN_POINT('Origin',(-20.5500217498372,6.96803626723649,11.7470741584965));
#3562=CARTESIAN_POINT('',(-23.8881843835644,5.41142546696265,11.6905174924453));
#3563=CARTESIAN_POINT('Origin',(-20.7161071289361,6.8905893830551,11.6905174924453));
#3564=CARTESIAN_POINT('Origin',(-33.3946549811571,34.0798229941546,11.6905174924453));
#3565=CARTESIAN_POINT('',(-25.5333082480639,8.93940497947726,11.6905174924453));
#3566=CARTESIAN_POINT('Origin',(-22.3612309934356,10.4185688955697,11.6905174924453));
#3567=CARTESIAN_POINT('',(-36.5667322357854,32.6006590780622,11.6905174924453));
#3568=CARTESIAN_POINT('Origin',(-11.0928918837121,8.61952355057075,37.5));
#3569=CARTESIAN_POINT('',(-28.9969686020267,3.02916026203226,40.));
#3570=CARTESIAN_POINT('',(-6.53359385007628,13.5040039368724,40.));
#3571=CARTESIAN_POINT('',(-5.30354915429758,14.077583198387,40.));
#3572=CARTESIAN_POINT('',(-26.8838772933232,-1.50237867315099,35.));
#3573=CARTESIAN_POINT('',(-32.6948783922579,10.9593533986029,48.75));
#3574=CARTESIAN_POINT('',(-8.95204147655603,6.85937369298566,35.));
#3575=CARTESIAN_POINT('',(-10.0363462293604,6.35375408297912,35.));
#3576=CARTESIAN_POINT('',(-8.95204147655603,6.85937369298566,35.));
#3577=CARTESIAN_POINT('Origin',(-7.74281766331615,10.181688814929,8.88862453029413));
#3578=CARTESIAN_POINT('',(-8.95204147655602,6.85937369298565,3.51816604039216));
#3579=CARTESIAN_POINT('',(-8.95204147655603,6.85937369298565,8.88862453029413));
#3580=CARTESIAN_POINT('',(-6.53359385007627,13.5040039368724,-1.48183395960784));
#3581=CARTESIAN_POINT('',(-8.95204147655602,6.85937369298565,3.51816604039216));
#3582=CARTESIAN_POINT('',(-6.53359385007627,13.5040039368724,9.25908302019607));
#3583=CARTESIAN_POINT('Origin',(-22.3245792596874,3.38210171315066,1.01816604039216));
#3584=CARTESIAN_POINT('',(-26.8838772933232,-1.50237867315101,3.51816604039216));
#3585=CARTESIAN_POINT('',(-21.2680336053356,1.11633224555903,3.51816604039216));
#3586=CARTESIAN_POINT('',(-28.9969686020267,3.02916026203224,-1.48183395960784));
#3587=CARTESIAN_POINT('',(-26.1990419430979,-2.97101282111879,5.13862453029413));
#3588=CARTESIAN_POINT('',(-16.5352365302728,8.84016136096686,-1.48183395960784));
#3589=CARTESIAN_POINT('Origin',(-15.652189917348,3.73504316426908,19.2590830201961));
#3590=CARTESIAN_POINT('',(-26.8838772933232,-1.50237867315101,-1.48183395960784));
#3591=CARTESIAN_POINT('Origin',(-41.6755164542477,30.2183938731318,50.));
#3592=CARTESIAN_POINT('',(-28.9969686020267,3.02916026203226,50.));
#3593=CARTESIAN_POINT('',(-28.9969686020267,3.02916026203226,50.));
#3594=CARTESIAN_POINT('',(-41.6755164542477,30.2183938731318,50.));
#3595=CARTESIAN_POINT('',(-41.6755164542477,30.2183938731318,50.));
#3596=CARTESIAN_POINT('',(-41.6755164542477,30.2183938731318,39.9788888169668));
#3597=CARTESIAN_POINT('',(-41.6755164542477,30.2183938731318,50.));
#3598=CARTESIAN_POINT('',(-30.6420924665262,6.55713977454687,39.9788888169668));
#3599=CARTESIAN_POINT('',(-40.796895857112,28.3341859220719,39.9788888169668));
#3600=CARTESIAN_POINT('',(-30.6420924665262,6.55713977454685,-3.91974800597978));
#3601=CARTESIAN_POINT('',(-30.6420924665262,6.55713977454687,44.9894444084834));
#3602=CARTESIAN_POINT('',(-31.1100597532927,7.56069885958953,-3.91974800597978));
#3603=CARTESIAN_POINT('',(-36.158804460387,18.3877668238393,-3.91974800597978));
#3604=CARTESIAN_POINT('',(-31.1100597532927,7.56069885958953,-10.));
#3605=CARTESIAN_POINT('',(-31.1100597532927,7.56069885958954,20.));
#3606=CARTESIAN_POINT('',(-28.9969686020267,3.02916026203224,-10.));
#3607=CARTESIAN_POINT('',(-41.6755164542477,30.2183938731317,-10.));
#3608=CARTESIAN_POINT('',(-28.9969686020267,3.02916026203226,50.));
#3609=CARTESIAN_POINT('Origin',(-4.07350445851887,14.6511624599015,20.));
#3610=CARTESIAN_POINT('',(12.9197676794653,22.5752553949555,-10.));
#3611=CARTESIAN_POINT('',(-6.3392739261105,13.5946168055497,-10.));
#3612=CARTESIAN_POINT('',(12.9197676794653,22.5752553949555,-5.));
#3613=CARTESIAN_POINT('',(12.9197676794653,22.5752553949555,4.99999999999999));
#3614=CARTESIAN_POINT('',(-6.3392739261105,13.5946168055497,-5.));
#3615=CARTESIAN_POINT('',(20.849959684989,26.2731646577707,-5.00000000000001));
#3616=CARTESIAN_POINT('',(-6.3392739261105,13.5946168055498,45.));
#3617=CARTESIAN_POINT('',(-6.3392739261105,13.5946168055497,-5.));
#3618=CARTESIAN_POINT('',(12.9197676794653,22.5752553949555,45.));
#3619=CARTESIAN_POINT('',(20.849959684989,26.2731646577707,45.));
#3620=CARTESIAN_POINT('',(12.9197676794653,22.5752553949555,50.));
#3621=CARTESIAN_POINT('',(12.9197676794653,22.5752553949555,4.99999999999999));
#3622=CARTESIAN_POINT('',(-6.3392739261105,13.5946168055498,50.));
#3623=CARTESIAN_POINT('Origin',(-41.6755164542477,30.2183938731318,50.));
#3624=CARTESIAN_POINT('',(-33.2231510934837,12.092237862298,-3.91974800597978));
#3625=CARTESIAN_POINT('',(-41.6755164542477,30.2183938731317,-3.91974800597979));
#3626=CARTESIAN_POINT('',(-40.796895857112,28.3341859220719,-3.91974800597979));
#3627=CARTESIAN_POINT('',(-41.6755164542477,30.2183938731317,-10.));
#3628=CARTESIAN_POINT('',(-41.6755164542477,30.2183938731318,50.));
#3629=CARTESIAN_POINT('',(-33.2231510934837,12.092237862298,-10.));
#3630=CARTESIAN_POINT('',(-41.6755164542477,30.2183938731317,-10.));
#3631=CARTESIAN_POINT('',(-33.2231510934837,12.092237862298,20.));
#3632=CARTESIAN_POINT('Origin',(-23.5566813002233,13.841341956813,-10.));
#3633=CARTESIAN_POINT('',(-24.613226954575,16.1071114244046,-3.91974800597978));
#3634=CARTESIAN_POINT('',(-22.500135614384,11.5755724216962,-3.91974800597978));
#3635=CARTESIAN_POINT('Origin',(-23.5566813002233,13.841341956813,-3.91974800597978));
#3636=CARTESIAN_POINT('',(-24.613226954575,16.1071114244046,-10.));
#3637=CARTESIAN_POINT('',(-24.613226954575,16.1071114244046,-10.));
#3638=CARTESIAN_POINT('',(-22.500135614384,11.5755724216962,-10.));
#3639=CARTESIAN_POINT('Origin',(-23.5566813002233,13.841341956813,-10.));
#3640=CARTESIAN_POINT('',(-22.500135614384,11.5755724216962,-10.));
#3641=CARTESIAN_POINT('Origin',(-31.1100597532927,7.56069885958953,-10.));
#3642=CARTESIAN_POINT('',(-31.1100597532927,7.56069885958953,-3.91974800597978));
#3643=CARTESIAN_POINT('',(-31.1100597532927,7.56069885958953,-10.));
#3644=CARTESIAN_POINT('Origin',(-24.613226954575,16.1071114244046,-10.));
#3645=CARTESIAN_POINT('',(-28.9181890240294,14.0996746433513,-3.91974800597978));
#3646=CARTESIAN_POINT('',(-28.9181890240294,14.0996746433513,-10.));
#3647=CARTESIAN_POINT('Origin',(-30.6420924665262,6.55713977454685,-3.91974800597978));
#3648=CARTESIAN_POINT('',(-12.5159367257932,15.0095050093608,-3.91974800597978));
#3649=CARTESIAN_POINT('',(-30.6420924665262,6.55713977454685,-3.91974800597978));
#3650=CARTESIAN_POINT('',(-23.5493607135147,38.6707591079457,-3.91974800597979));
#3651=CARTESIAN_POINT('',(-21.7921195192432,34.902343205826,-3.91974800597979));
#3652=CARTESIAN_POINT('',(-20.1507065121273,40.2555775894734,-3.91974800597978));
#3653=CARTESIAN_POINT('Origin',(-30.6420924665262,6.55713977454687,39.9788888169668));
#3654=CARTESIAN_POINT('',(-12.5159367257932,15.0095050093609,39.9788888169668));
#3655=CARTESIAN_POINT('',(-30.6420924665262,6.55713977454687,39.9788888169668));
#3656=CARTESIAN_POINT('',(-12.5159367257932,15.0095050093609,39.9788888169668));
#3657=CARTESIAN_POINT('Origin',(-39.9182752599762,26.449977971012,39.9788888169668));
#3658=CARTESIAN_POINT('',(-23.5493607135147,38.6707591079457,39.9788888169668));
#3659=CARTESIAN_POINT('',(-29.2137843824938,36.0293949720664,39.9788888169668));
#3660=CARTESIAN_POINT('',(-21.7921195192432,34.902343205826,39.9788888169668));
#3661=CARTESIAN_POINT('Origin',(-17.1540281225182,24.9559241075934,18.0295704054935));
#3662=CARTESIAN_POINT('',(-23.5493607135147,38.6707591079457,29.9894444084834));
#3663=CARTESIAN_POINT('Origin',(8.16653195181123,36.9094537119476,-10.));
#3664=CARTESIAN_POINT('',(6.58049332449709,36.1698717539014,45.));
#3665=CARTESIAN_POINT('Origin',(8.16653195181123,36.9094537119476,45.));
#3666=CARTESIAN_POINT('',(6.58049332449709,36.1698717539014,50.));
#3667=CARTESIAN_POINT('',(6.58049332449709,36.1698717539014,-10.));
#3668=CARTESIAN_POINT('Origin',(8.16653195181122,36.9094537119476,50.));
#3669=CARTESIAN_POINT('Origin',(8.16653195181123,36.9094537119476,-10.));
#3670=CARTESIAN_POINT('',(6.58049332449709,36.1698717539014,-10.));
#3671=CARTESIAN_POINT('Origin',(8.16653195181123,36.9094537119476,-10.));
#3672=CARTESIAN_POINT('',(6.58049332449709,36.1698717539014,-5.00000000000001));
#3673=CARTESIAN_POINT('',(6.58049332449709,36.1698717539014,-10.));
#3674=CARTESIAN_POINT('Origin',(8.16653195181122,36.9094537119476,-5.00000000000001));
#3675=CARTESIAN_POINT('Origin',(-5.12272873398768,41.7463490369825,-10.));
#3676=CARTESIAN_POINT('',(-6.70876736130182,41.0067670789363,45.));
#3677=CARTESIAN_POINT('Origin',(-5.12272873398768,41.7463490369825,45.));
#3678=CARTESIAN_POINT('',(-6.70876736130182,41.0067670789363,50.));
#3679=CARTESIAN_POINT('',(-6.70876736130182,41.0067670789363,-10.));
#3680=CARTESIAN_POINT('Origin',(-5.12272873398768,41.7463490369825,50.));
#3681=CARTESIAN_POINT('Origin',(-5.12272873398768,41.7463490369825,-10.));
#3682=CARTESIAN_POINT('',(-6.70876736130182,41.0067670789363,-10.));
#3683=CARTESIAN_POINT('Origin',(-5.12272873398768,41.7463490369825,-10.));
#3684=CARTESIAN_POINT('',(-6.70876736130182,41.0067670789363,-5.00000000000001));
#3685=CARTESIAN_POINT('',(-6.70876736130182,41.0067670789363,-10.));
#3686=CARTESIAN_POINT('Origin',(-5.12272873398768,41.7463490369825,-5.00000000000001));
#3687=CARTESIAN_POINT('Origin',(23.573764601535,44.0939642874896,-10.));
#3688=CARTESIAN_POINT('',(17.8916322747368,32.6173182621897,50.));
#3689=CARTESIAN_POINT('',(23.9202359145031,44.7937594327209,50.));
#3690=CARTESIAN_POINT('',(17.8916322747368,32.6173182621897,45.));
#3691=CARTESIAN_POINT('',(18.7231641677584,34.2968281092146,45.));
#3692=CARTESIAN_POINT('',(17.8916322747368,32.6173182621897,17.5));
#3693=CARTESIAN_POINT('Origin',(-7.53629577277121,51.6546635973683,-10.));
#3694=CARTESIAN_POINT('',(11.1297394319453,47.1182442593001,50.));
#3695=CARTESIAN_POINT('',(0.24121932080535,49.7644887698986,50.));
#3696=CARTESIAN_POINT('',(-0.32786746039148,49.9027943206461,50.));
#3697=CARTESIAN_POINT('',(11.1297394319453,47.1182442593001,45.));
#3698=CARTESIAN_POINT('',(11.1297394319453,47.1182442593001,17.5));
#3699=CARTESIAN_POINT('',(0.241219320805355,49.7644887698986,45.));
#3700=CARTESIAN_POINT('',(-11.7095966960245,52.668903783042,45.));
#3701=CARTESIAN_POINT('',(0.241219320805355,49.7644887698986,4.99999999999998));
#3702=CARTESIAN_POINT('Origin',(23.573764601535,44.0939642874896,-10.));
#3703=CARTESIAN_POINT('',(17.8916322747368,32.6173182621897,-5.00000000000001));
#3704=CARTESIAN_POINT('',(17.8916322747368,32.6173182621897,-10.));
#3705=CARTESIAN_POINT('',(17.8916322747368,32.6173182621897,-10.));
#3706=CARTESIAN_POINT('',(23.9202359145031,44.7937594327209,-5.00000000000001));
#3707=CARTESIAN_POINT('',(14.3922710454711,25.5493853396261,-10.));
#3708=CARTESIAN_POINT('Origin',(-7.53629577277121,51.6546635973683,-10.));
#3709=CARTESIAN_POINT('',(0.241219320805355,49.7644887698986,-5.00000000000002));
#3710=CARTESIAN_POINT('',(0.241219320805355,49.7644887698986,-10.));
#3711=CARTESIAN_POINT('',(0.241219320805355,49.7644887698986,4.99999999999998));
#3712=CARTESIAN_POINT('',(11.1297394319453,47.1182442593001,-5.00000000000001));
#3713=CARTESIAN_POINT('',(-0.32786746039148,49.9027943206461,-5.00000000000002));
#3714=CARTESIAN_POINT('',(11.1297394319453,47.1182442593001,-10.));
#3715=CARTESIAN_POINT('',(11.1297394319453,47.1182442593001,-10.));
#3716=CARTESIAN_POINT('',(-21.194371059052,54.9739950017053,-10.));
#3717=CARTESIAN_POINT('Origin',(-9.95962405902254,28.4570883511836,-10.));
#3718=CARTESIAN_POINT('',(-11.5456626863367,27.7175063931374,45.));
#3719=CARTESIAN_POINT('Origin',(-9.95962405902254,28.4570883511836,45.));
#3720=CARTESIAN_POINT('',(-11.5456626863367,27.7175063931374,50.));
#3721=CARTESIAN_POINT('',(-11.5456626863367,27.7175063931373,-10.));
#3722=CARTESIAN_POINT('Origin',(-9.95962405902254,28.4570883511836,50.));
#3723=CARTESIAN_POINT('Origin',(-9.95962405902254,28.4570883511836,-10.));
#3724=CARTESIAN_POINT('',(-11.5456626863367,27.7175063931373,-10.));
#3725=CARTESIAN_POINT('Origin',(-9.95962405902254,28.4570883511836,-10.));
#3726=CARTESIAN_POINT('',(-11.5456626863367,27.7175063931374,-5.00000000000001));
#3727=CARTESIAN_POINT('',(-11.5456626863367,27.7175063931373,-10.));
#3728=CARTESIAN_POINT('Origin',(-9.95962405902254,28.4570883511836,-5.00000000000001));
#3729=CARTESIAN_POINT('Origin',(-0.896546053605651,32.6832710315656,-10.));
#3730=CARTESIAN_POINT('',(-6.33439277582556,30.1475614611214,45.));
#3731=CARTESIAN_POINT('Origin',(-0.89654605360566,32.6832710315656,45.));
#3732=CARTESIAN_POINT('',(-6.33439277582556,30.1475614611214,50.));
#3733=CARTESIAN_POINT('',(-6.33439277582556,30.1475614611214,-10.));
#3734=CARTESIAN_POINT('Origin',(-0.896546053605656,32.6832710315656,50.));
#3735=CARTESIAN_POINT('Origin',(-0.896546053605651,32.6832710315656,-10.));
#3736=CARTESIAN_POINT('',(-6.33439277582556,30.1475614611214,-10.));
#3737=CARTESIAN_POINT('Origin',(-0.896546053605651,32.6832710315656,-10.));
#3738=CARTESIAN_POINT('',(-6.33439277582556,30.1475614611214,-5.00000000000001));
#3739=CARTESIAN_POINT('',(-6.33439277582556,30.1475614611214,-10.));
#3740=CARTESIAN_POINT('Origin',(-0.896546053605651,32.6832710315656,-5.00000000000001));
#3741=CARTESIAN_POINT('Origin',(3.32963662677637,23.6201930261487,-10.));
#3742=CARTESIAN_POINT('',(1.74359799946223,22.8806110681025,45.));
#3743=CARTESIAN_POINT('Origin',(3.32963662677636,23.6201930261487,45.));
#3744=CARTESIAN_POINT('',(1.74359799946223,22.8806110681025,50.));
#3745=CARTESIAN_POINT('',(1.74359799946223,22.8806110681025,-10.));
#3746=CARTESIAN_POINT('Origin',(3.32963662677637,23.6201930261487,50.));
#3747=CARTESIAN_POINT('Origin',(3.32963662677637,23.6201930261487,-10.));
#3748=CARTESIAN_POINT('',(1.74359799946223,22.8806110681025,-10.));
#3749=CARTESIAN_POINT('Origin',(3.32963662677637,23.6201930261487,-10.));
#3750=CARTESIAN_POINT('',(1.74359799946223,22.8806110681025,-5.00000000000001));
#3751=CARTESIAN_POINT('',(1.74359799946223,22.8806110681025,-10.));
#3752=CARTESIAN_POINT('Origin',(3.32963662677637,23.6201930261487,-5.00000000000001));
#3753=CARTESIAN_POINT('Origin',(8.171411832768,53.4623982688702,-5.00000000000002));
#3754=CARTESIAN_POINT('',(8.171411832768,53.4623982688702,-5.00000000000002));
#3755=CARTESIAN_POINT('',(-19.0178217783315,40.7838504166492,-5.00000000000001));
#3756=CARTESIAN_POINT('',(8.171411832768,53.4623982688702,-5.00000000000002));
#3757=CARTESIAN_POINT('',(-19.0178217783315,40.7838504166492,-5.00000000000001));
#3758=CARTESIAN_POINT('Origin',(-41.6755164542477,30.2183938731317,-10.));
#3759=CARTESIAN_POINT('',(-19.0178217783315,40.7838504166492,-10.));
#3760=CARTESIAN_POINT('',(8.17141183276801,53.4623982688702,-10.));
#3761=CARTESIAN_POINT('Origin',(8.17141183276801,53.4623982688702,50.));
#3762=CARTESIAN_POINT('',(8.17141183276801,53.4623982688702,50.));
#3763=CARTESIAN_POINT('',(-19.0178217783315,40.7838504166492,50.));
#3764=CARTESIAN_POINT('Origin',(-19.0178217783315,40.7838504166492,45.));
#3765=CARTESIAN_POINT('',(-19.0178217783315,40.7838504166492,45.));
#3766=CARTESIAN_POINT('',(-19.0178217783315,40.7838504166492,45.));
#3767=CARTESIAN_POINT('',(8.171411832768,53.4623982688702,45.));
#3768=CARTESIAN_POINT('',(8.171411832768,53.4623982688702,45.));
#3769=CARTESIAN_POINT('Origin',(-19.0178217783315,40.7838504166492,-5.00000000000001));
#3770=CARTESIAN_POINT('',(-19.0178217783315,40.7838504166492,-5.00000000000001));
#3771=CARTESIAN_POINT('Origin',(8.17141183276801,53.4623982688702,-10.));
#3772=CARTESIAN_POINT('Origin',(8.171411832768,53.4623982688702,45.));
#3773=CARTESIAN_POINT('Origin',(-16.7520523107399,41.840396071001,20.));
#3774=CARTESIAN_POINT('Origin',(50.,-194.189836077853,34.9635306020756));
#3775=CARTESIAN_POINT('',(25.,-195.939836077853,34.9635306020756));
#3776=CARTESIAN_POINT('Origin',(25.,-194.189836077853,34.9635306020756));
#3777=CARTESIAN_POINT('',(10.,-195.939836077853,34.9635306020756));
#3778=CARTESIAN_POINT('',(50.,-195.939836077853,34.9635306020756));
#3779=CARTESIAN_POINT('Origin',(10.,-194.189836077853,34.9635306020756));
#3780=CARTESIAN_POINT('Origin',(50.,-194.189836077853,34.9635306020756));
#3781=CARTESIAN_POINT('',(-65.,-195.939836077853,34.9635306020756));
#3782=CARTESIAN_POINT('Origin',(-65.,-194.189836077853,34.9635306020756));
#3783=CARTESIAN_POINT('',(-80.,-195.939836077853,34.9635306020756));
#3784=CARTESIAN_POINT('',(50.,-195.939836077853,34.9635306020756));
#3785=CARTESIAN_POINT('Origin',(-80.,-194.189836077853,34.9635306020756));
#3786=CARTESIAN_POINT('Origin',(50.,-175.,35.));
#3787=CARTESIAN_POINT('',(25.,-176.75,35.));
#3788=CARTESIAN_POINT('Origin',(25.,-175.,35.));
#3789=CARTESIAN_POINT('',(10.,-176.75,35.));
#3790=CARTESIAN_POINT('',(50.,-176.75,35.));
#3791=CARTESIAN_POINT('Origin',(10.,-175.,35.));
#3792=CARTESIAN_POINT('Origin',(50.,-175.,35.));
#3793=CARTESIAN_POINT('',(-65.,-176.75,35.));
#3794=CARTESIAN_POINT('Origin',(-65.,-175.,35.));
#3795=CARTESIAN_POINT('',(-80.,-176.75,35.));
#3796=CARTESIAN_POINT('',(50.,-176.75,35.));
#3797=CARTESIAN_POINT('Origin',(-80.,-175.,35.));
#3798=CARTESIAN_POINT('Origin',(50.,-185.,45.));
#3799=CARTESIAN_POINT('',(25.,-186.75,45.));
#3800=CARTESIAN_POINT('Origin',(25.,-185.,45.));
#3801=CARTESIAN_POINT('',(10.,-186.75,45.));
#3802=CARTESIAN_POINT('',(50.,-186.75,45.));
#3803=CARTESIAN_POINT('Origin',(10.,-185.,45.));
#3804=CARTESIAN_POINT('Origin',(50.,-185.,45.));
#3805=CARTESIAN_POINT('',(-65.,-186.75,45.));
#3806=CARTESIAN_POINT('Origin',(-65.,-185.,45.));
#3807=CARTESIAN_POINT('',(-80.,-186.75,45.));
#3808=CARTESIAN_POINT('',(50.,-186.75,45.));
#3809=CARTESIAN_POINT('Origin',(-80.,-185.,45.));
#3810=CARTESIAN_POINT('Origin',(50.,-185.,35.));
#3811=CARTESIAN_POINT('',(25.,-190.,35.));
#3812=CARTESIAN_POINT('Origin',(25.,-185.,35.));
#3813=CARTESIAN_POINT('',(10.,-190.,35.));
#3814=CARTESIAN_POINT('',(50.,-190.,35.));
#3815=CARTESIAN_POINT('Origin',(10.,-185.,35.));
#3816=CARTESIAN_POINT('Origin',(50.,-185.,35.));
#3817=CARTESIAN_POINT('',(-65.,-190.,35.));
#3818=CARTESIAN_POINT('Origin',(-65.,-185.,35.));
#3819=CARTESIAN_POINT('',(-80.,-190.,35.));
#3820=CARTESIAN_POINT('',(50.,-190.,35.));
#3821=CARTESIAN_POINT('Origin',(-80.,-185.,35.));
#3822=CARTESIAN_POINT('Origin',(50.,-185.139845300154,25.9135398243773));
#3823=CARTESIAN_POINT('',(25.,-186.889845300154,25.9135398243773));
#3824=CARTESIAN_POINT('Origin',(25.,-185.139845300154,25.9135398243773));
#3825=CARTESIAN_POINT('',(10.,-186.889845300154,25.9135398243773));
#3826=CARTESIAN_POINT('',(50.,-186.889845300154,25.9135398243773));
#3827=CARTESIAN_POINT('Origin',(10.,-185.139845300154,25.9135398243773));
#3828=CARTESIAN_POINT('Origin',(50.,-185.139845300154,25.9135398243773));
#3829=CARTESIAN_POINT('',(-65.,-186.889845300154,25.9135398243773));
#3830=CARTESIAN_POINT('Origin',(-65.,-185.139845300154,25.9135398243773));
#3831=CARTESIAN_POINT('',(-80.,-186.889845300154,25.9135398243773));
#3832=CARTESIAN_POINT('',(50.,-186.889845300154,25.9135398243773));
#3833=CARTESIAN_POINT('Origin',(-80.,-185.139845300154,25.9135398243773));
#3834=CARTESIAN_POINT('Origin',(-39.5,-85.5547171807114,17.635664614815));
#3835=CARTESIAN_POINT('',(-40.,-86.0357271763937,23.6631474273139));
#3836=CARTESIAN_POINT('',(-40.,-85.9965150392988,36.1075676247069));
#3837=CARTESIAN_POINT('',(-40.,-86.0547146985589,17.6372400977146));
#3838=CARTESIAN_POINT('',(-39.,-85.,35.));
#3839=CARTESIAN_POINT('Ctrl Pts',(-40.,-85.9965150392988,36.1075676247069));
#3840=CARTESIAN_POINT('Ctrl Pts',(-39.6661638696208,-85.6638376722095,35.7392948868357));
#3841=CARTESIAN_POINT('Ctrl Pts',(-39.3328228336688,-85.3316582934698,35.3701045096174));
#3842=CARTESIAN_POINT('Ctrl Pts',(-39.,-85.,35.));
#3843=CARTESIAN_POINT('',(-39.,-85.0328070438188,24.5883094122923));
#3844=CARTESIAN_POINT('',(-39.,-85.0547196628639,17.6340891319153));
#3845=CARTESIAN_POINT('Ctrl Pts',(-40.,-86.0357271763937,23.6631474273139));
#3846=CARTESIAN_POINT('Ctrl Pts',(-39.6668750773404,-85.7016274687962,23.9719817425746));
#3847=CARTESIAN_POINT('Ctrl Pts',(-39.333539410684,-85.3673184236107,24.2803693859095));
#3848=CARTESIAN_POINT('Ctrl Pts',(-39.,-85.0328070438188,24.5883094122923));
#3849=CARTESIAN_POINT('Origin',(-39.5,-102.980395178006,-200.633235927377));
#3850=CARTESIAN_POINT('',(-39.,-17.1147822628338,8.34991392859809));
#3851=CARTESIAN_POINT('Origin',(-39.,-102.980395178006,-200.633235927377));
#3852=CARTESIAN_POINT('',(-40.,-10.557289968425,4.4373835750228));
#3853=CARTESIAN_POINT('Ctrl Pts',(-39.,-17.1147822628338,8.34991392859809));
#3854=CARTESIAN_POINT('Ctrl Pts',(-39.3201516273722,-14.8988993013886,7.09334480291329));
#3855=CARTESIAN_POINT('Ctrl Pts',(-39.653600341638,-12.7126313108895,5.78872746102956));
#3856=CARTESIAN_POINT('Ctrl Pts',(-40.,-10.5572899684249,4.4373835750228));
#3857=CARTESIAN_POINT('Origin',(-40.,-102.980395178006,-200.633235927377));
#3858=CARTESIAN_POINT('Origin',(-39.5,-99.6234764782096,-102.03643629633));
#3859=CARTESIAN_POINT('Origin',(-40.,-99.6234764782096,-102.03643629633));
#3860=CARTESIAN_POINT('Origin',(-39.,-99.6234764782096,-102.03643629633));
#3861=CARTESIAN_POINT('Origin',(-65.,-102.980395178006,-200.633235927377));
#3862=CARTESIAN_POINT('',(-35.,-85.0328070438188,24.5883094122923));
#3863=CARTESIAN_POINT('',(-65.,-85.0328070438188,24.5883094122923));
#3864=CARTESIAN_POINT('',(-35.,-17.1147822628338,8.34991392859809));
#3865=CARTESIAN_POINT('Origin',(-35.,-102.980395178006,-200.633235927377));
#3866=CARTESIAN_POINT('',(-65.,-17.1147822628338,8.34991392859809));
#3867=CARTESIAN_POINT('Origin',(-65.,-85.,35.));
#3868=CARTESIAN_POINT('',(-35.,-85.,35.));
#3869=CARTESIAN_POINT('',(-65.,-85.,35.));
#3870=CARTESIAN_POINT('',(-35.,-85.,35.));
#3871=CARTESIAN_POINT('Origin',(-40.,0.,0.));
#3872=CARTESIAN_POINT('',(-40.,0.,0.));
#3873=CARTESIAN_POINT('',(-40.,-90.,20.4967023173409));
#3874=CARTESIAN_POINT('Origin',(-40.,-143.011547865964,-420.115478659646));
#3875=CARTESIAN_POINT('',(-40.,-90.,41.5633724155907));
#3876=CARTESIAN_POINT('',(-40.,-90.,0.));
#3877=CARTESIAN_POINT('',(-40.,0.,10.));
#3878=CARTESIAN_POINT('Origin',(-40.,-174.889980413114,-344.587426549179));
#3879=CARTESIAN_POINT('',(-40.,0.,0.));
#3880=CARTESIAN_POINT('Origin',(-65.,-99.6234764782096,-102.03643629633));
#3881=CARTESIAN_POINT('Origin',(-35.,-99.6234764782096,-102.03643629633));
#3882=CARTESIAN_POINT('Origin',(-35.,-51.0737946533263,21.674956964299));
#3883=CARTESIAN_POINT('Origin',(-20.5,-102.980395178006,-200.633235927377));
#3884=CARTESIAN_POINT('',(-20.,-86.0357271763938,23.6631474273139));
#3885=CARTESIAN_POINT('',(-20.,-10.5572899684248,4.43738357502267));
#3886=CARTESIAN_POINT('Origin',(-20.,-102.980395178006,-200.633235927377));
#3887=CARTESIAN_POINT('',(-21.,-17.1147822628338,8.34991392859809));
#3888=CARTESIAN_POINT('Ctrl Pts',(-20.,-10.5572899684248,4.43738357502268));
#3889=CARTESIAN_POINT('Ctrl Pts',(-20.3463996583626,-12.7126313108935,5.78872746103207));
#3890=CARTESIAN_POINT('Ctrl Pts',(-20.6798483726281,-14.8988993013907,7.09334480291445));
#3891=CARTESIAN_POINT('Ctrl Pts',(-21.,-17.1147822628338,8.34991392859809));
#3892=CARTESIAN_POINT('',(-21.,-85.0328070438188,24.5883094122923));
#3893=CARTESIAN_POINT('Origin',(-21.,-102.980395178006,-200.633235927377));
#3894=CARTESIAN_POINT('Ctrl Pts',(-20.,-86.0357271763938,23.6631474273139));
#3895=CARTESIAN_POINT('Ctrl Pts',(-20.3331249226461,-85.7016274688098,23.9719817425621));
#3896=CARTESIAN_POINT('Ctrl Pts',(-20.6664605892888,-85.3673184236379,24.2803693858845));
#3897=CARTESIAN_POINT('Ctrl Pts',(-21.,-85.0328070438188,24.5883094122923));
#3898=CARTESIAN_POINT('Origin',(-20.5,-85.5715674889669,12.2880265638992));
#3899=CARTESIAN_POINT('',(-21.,-85.,35.));
#3900=CARTESIAN_POINT('',(-21.,-85.0715699711194,12.2864510809995));
#3901=CARTESIAN_POINT('',(-20.,-85.9965150392988,36.1075676247069));
#3902=CARTESIAN_POINT('Ctrl Pts',(-21.,-85.,35.));
#3903=CARTESIAN_POINT('Ctrl Pts',(-20.6671771663321,-85.3316582934689,35.3701045096164));
#3904=CARTESIAN_POINT('Ctrl Pts',(-20.333836130381,-85.6638376722077,35.7392948868337));
#3905=CARTESIAN_POINT('Ctrl Pts',(-20.,-85.9965150392988,36.1075676247069));
#3906=CARTESIAN_POINT('',(-20.,-86.0715650068143,12.2896020467988));
#3907=CARTESIAN_POINT('Origin',(-20.5,-99.6234764782096,-102.03643629633));
#3908=CARTESIAN_POINT('Origin',(-20.,-99.6234764782096,-102.03643629633));
#3909=CARTESIAN_POINT('Origin',(-21.,-99.6234764782096,-102.03643629633));
#3910=CARTESIAN_POINT('Origin',(0.,-85.0328070438188,24.5883094122923));
#3911=CARTESIAN_POINT('',(-25.,-85.0328070438188,24.5883094122923));
#3912=CARTESIAN_POINT('',(0.,-85.0328070438188,24.5883094122923));
#3913=CARTESIAN_POINT('',(-25.,-85.,35.));
#3914=CARTESIAN_POINT('',(-25.,-85.,35.));
#3915=CARTESIAN_POINT('',(0.,-85.,35.));
#3916=CARTESIAN_POINT('Origin',(0.,-102.980395178006,-200.633235927377));
#3917=CARTESIAN_POINT('',(-25.,-17.1147822628338,8.34991392859809));
#3918=CARTESIAN_POINT('',(0.,-17.1147822628338,8.34991392859809));
#3919=CARTESIAN_POINT('Origin',(-25.,-102.980395178006,-200.633235927377));
#3920=CARTESIAN_POINT('Origin',(-20.,-90.,0.));
#3921=CARTESIAN_POINT('',(-20.,-90.,20.4967023173409));
#3922=CARTESIAN_POINT('',(-20.,0.,0.));
#3923=CARTESIAN_POINT('Origin',(-20.,-143.011547865964,-420.115478659646));
#3924=CARTESIAN_POINT('',(-20.,0.,10.));
#3925=CARTESIAN_POINT('',(-20.,0.,0.));
#3926=CARTESIAN_POINT('',(-20.,-90.,41.5633724155907));
#3927=CARTESIAN_POINT('Origin',(-20.,-174.889980413114,-344.587426549179));
#3928=CARTESIAN_POINT('',(-20.,-90.,0.));
#3929=CARTESIAN_POINT('Origin',(0.,-99.6234764782096,-102.03643629633));
#3930=CARTESIAN_POINT('Origin',(-25.,-99.6234764782096,-102.03643629633));
#3931=CARTESIAN_POINT('Origin',(-25.,-51.0737946533263,21.674956964299));
#3932=CARTESIAN_POINT('Origin',(40.,-184.329006935747,35.2196136121304));
#3933=CARTESIAN_POINT('',(-65.,-189.222670358338,21.2617414032356));
#3934=CARTESIAN_POINT('',(-80.,-189.222670358338,21.2617414032356));
#3935=CARTESIAN_POINT('',(40.,-189.222670358334,21.2617414032359));
#3936=CARTESIAN_POINT('',(-65.,-184.886067541669,50.));
#3937=CARTESIAN_POINT('Origin',(-65.,-184.329006935747,35.2196136121304));
#3938=CARTESIAN_POINT('',(-80.,-184.886067541669,50.));
#3939=CARTESIAN_POINT('',(40.,-184.886067541669,50.));
#3940=CARTESIAN_POINT('Origin',(-80.,-184.329006935747,35.2196136121304));
#3941=CARTESIAN_POINT('Origin',(40.,-184.329006935747,35.2196136121304));
#3942=CARTESIAN_POINT('',(25.,-189.222670358338,21.2617414032356));
#3943=CARTESIAN_POINT('',(10.,-189.222670358338,21.2617414032356));
#3944=CARTESIAN_POINT('',(40.,-189.222670358334,21.2617414032359));
#3945=CARTESIAN_POINT('',(25.,-184.886067541669,50.));
#3946=CARTESIAN_POINT('Origin',(25.,-184.329006935747,35.2196136121304));
#3947=CARTESIAN_POINT('',(10.,-184.886067541669,50.));
#3948=CARTESIAN_POINT('',(40.,-184.886067541669,50.));
#3949=CARTESIAN_POINT('Origin',(10.,-184.329006935747,35.2196136121304));
#3950=CARTESIAN_POINT('Origin',(25.,-200.,0.));
#3951=CARTESIAN_POINT('',(25.,-150.,23.6192165910328));
#3952=CARTESIAN_POINT('Origin',(25.,-143.011547865964,-420.115478659646));
#3953=CARTESIAN_POINT('',(25.,-150.,50.));
#3954=CARTESIAN_POINT('',(25.,-150.,0.));
#3955=CARTESIAN_POINT('',(25.,-150.,50.));
#3956=CARTESIAN_POINT('Origin',(-65.,-200.,0.));
#3957=CARTESIAN_POINT('',(-65.,-150.,23.6192165910328));
#3958=CARTESIAN_POINT('Origin',(-65.,-143.011547865964,-420.115478659646));
#3959=CARTESIAN_POINT('',(-65.,-150.,50.));
#3960=CARTESIAN_POINT('',(-65.,-150.,0.));
#3961=CARTESIAN_POINT('',(-65.,-150.,50.));
#3962=CARTESIAN_POINT('Origin',(-27.5,-100.,50.));
#3963=CARTESIAN_POINT('',(10.,-150.,50.));
#3964=CARTESIAN_POINT('',(30.,-150.,50.));
#3965=CARTESIAN_POINT('',(10.,-150.,50.));
#3966=CARTESIAN_POINT('Origin',(-27.5,-100.,50.));
#3967=CARTESIAN_POINT('',(-80.,-150.,50.));
#3968=CARTESIAN_POINT('',(30.,-150.,50.));
#3969=CARTESIAN_POINT('',(-80.,-200.,50.));
#3970=CARTESIAN_POINT('Origin',(30.,-143.011547865964,-420.115478659646));
#3971=CARTESIAN_POINT('',(10.,-150.,23.6192165910328));
#3972=CARTESIAN_POINT('Origin',(10.,-143.011547865964,-420.115478659646));
#3973=CARTESIAN_POINT('',(-4.99999999999999,-135.,23.6019238988224));
#3974=CARTESIAN_POINT('Origin',(3.01154786596437,-143.011547865964,-420.115478659646));
#3975=CARTESIAN_POINT('',(-55.,-135.,23.6019238988224));
#3976=CARTESIAN_POINT('',(30.,-135.,23.6019238988224));
#3977=CARTESIAN_POINT('Origin',(-60.3410319106429,-143.011547865964,-420.115478659646));
#3978=CARTESIAN_POINT('',(-80.,-150.,23.6192165910328));
#3979=CARTESIAN_POINT('Origin',(-80.,-143.011547865964,-420.115478659646));
#3980=CARTESIAN_POINT('',(-60.,-124.378803421152,23.2829190222771));
#3981=CARTESIAN_POINT('Origin',(-74.544788638166,-143.011547865964,-420.115478659646));
#3982=CARTESIAN_POINT('',(-60.,-125.,23.3085874169649));
#3983=CARTESIAN_POINT('Origin',(-60.,-143.011547865964,-420.115478659646));
#3984=CARTESIAN_POINT('Origin',(-70.2923130662654,-143.011547865964,-420.115478659646));
#3985=CARTESIAN_POINT('',(-20.,0.,0.));
#3986=CARTESIAN_POINT('',(0.,-125.,23.3085874169649));
#3987=CARTESIAN_POINT('Origin',(10.2923130662654,-143.011547865964,-420.115478659646));
#3988=CARTESIAN_POINT('Origin',(18.0115478659644,-143.011547865964,-420.115478659646));
#3989=CARTESIAN_POINT('Origin',(30.,-174.889980413114,-344.587426549179));
#3990=CARTESIAN_POINT('',(-60.,-125.,47.6239172057512));
#3991=CARTESIAN_POINT('Origin',(-88.5085602360654,-174.889980413114,-344.587426549179));
#3992=CARTESIAN_POINT('',(-60.,-124.378803421152,47.544399900238));
#3993=CARTESIAN_POINT('Origin',(-60.,-174.889980413114,-344.587426549179));
#3994=CARTESIAN_POINT('Origin',(-99.4292099797269,-174.889980413114,-344.587426549179));
#3995=CARTESIAN_POINT('',(-55.,-135.,48.7667875865161));
#3996=CARTESIAN_POINT('Origin',(-81.5933202754097,-174.889980413114,-344.587426549179));
#3997=CARTESIAN_POINT('',(-4.99999999999999,-135.,48.7667875865161));
#3998=CARTESIAN_POINT('',(30.,-135.,48.7667875865161));
#3999=CARTESIAN_POINT('Origin',(34.8899804131145,-174.889980413114,-344.587426549179));
#4000=CARTESIAN_POINT('',(0.,-125.,47.6239172057512));
#4001=CARTESIAN_POINT('Origin',(49.8899804131145,-174.889980413114,-344.587426549179));
#4002=CARTESIAN_POINT('Origin',(28.5085602360654,-174.889980413114,-344.587426549179));
#4003=CARTESIAN_POINT('',(30.,0.,10.));
#4004=CARTESIAN_POINT('Origin',(10.,-150.,0.));
#4005=CARTESIAN_POINT('',(10.,-150.,0.));
#4006=CARTESIAN_POINT('Origin',(-80.,-150.,0.));
#4007=CARTESIAN_POINT('',(-80.,-150.,0.));
#4008=CARTESIAN_POINT('Origin',(-40.,-90.,0.));
#4009=CARTESIAN_POINT('',(-60.,-125.,0.));
#4010=CARTESIAN_POINT('Origin',(-60.,-125.,0.));
#4011=CARTESIAN_POINT('',(-60.,-124.378803421152,0.));
#4012=CARTESIAN_POINT('Origin',(-20.,0.,0.));
#4013=CARTESIAN_POINT('Origin',(-60.,-124.378803421152,0.));
#4014=CARTESIAN_POINT('Origin',(-65.,-150.,0.));
#4015=CARTESIAN_POINT('',(-55.,-135.,0.));
#4016=CARTESIAN_POINT('Origin',(0.,-125.,0.));
#4017=CARTESIAN_POINT('',(0.,-125.,0.));
#4018=CARTESIAN_POINT('Origin',(25.,-150.,0.));
#4019=CARTESIAN_POINT('Origin',(-4.99999999999999,-135.,0.));
#4020=CARTESIAN_POINT('',(-4.99999999999999,-135.,0.));
#4021=CARTESIAN_POINT('Origin',(-55.,-135.,0.));
#4022=CARTESIAN_POINT('',(-60.7635871151739,-212.916353728831,-53.0105592780887));
#4023=UNCERTAINTY_MEASURE_WITH_UNIT(LENGTH_MEASURE(0.01),#4029,
'DISTANCE_ACCURACY_VALUE',
'Maximum model space distance between geometric entities at asserted c
onnectivities');
#4024=UNCERTAINTY_MEASURE_WITH_UNIT(LENGTH_MEASURE(0.01),#4029,
'DISTANCE_ACCURACY_VALUE',
'Maximum model space distance between geometric entities at asserted c
onnectivities');
#4025=UNCERTAINTY_MEASURE_WITH_UNIT(LENGTH_MEASURE(0.01),#4029,
'DISTANCE_ACCURACY_VALUE',
'Maximum model space distance between geometric entities at asserted c
onnectivities');
#4026=(
GEOMETRIC_REPRESENTATION_CONTEXT(3)
GLOBAL_UNCERTAINTY_ASSIGNED_CONTEXT((#4023))
GLOBAL_UNIT_ASSIGNED_CONTEXT((#4029,#4031,#4032))
REPRESENTATION_CONTEXT('','3D')
);
#4027=(
GEOMETRIC_REPRESENTATION_CONTEXT(3)
GLOBAL_UNCERTAINTY_ASSIGNED_CONTEXT((#4024))
GLOBAL_UNIT_ASSIGNED_CONTEXT((#4029,#4031,#4032))
REPRESENTATION_CONTEXT('','3D')
);
#4028=(
GEOMETRIC_REPRESENTATION_CONTEXT(3)
GLOBAL_UNCERTAINTY_ASSIGNED_CONTEXT((#4025))
GLOBAL_UNIT_ASSIGNED_CONTEXT((#4029,#4031,#4032))
REPRESENTATION_CONTEXT('','3D')
);
#4029=(
LENGTH_UNIT()
NAMED_UNIT(*)
SI_UNIT(.MILLI.,.METRE.)
);
#4030=(
LENGTH_UNIT()
NAMED_UNIT(*)
SI_UNIT($,.METRE.)
);
#4031=(
NAMED_UNIT(*)
PLANE_ANGLE_UNIT()
SI_UNIT($,.RADIAN.)
);
#4032=(
NAMED_UNIT(*)
SI_UNIT($,.STERADIAN.)
SOLID_ANGLE_UNIT()
);
#4033=SHAPE_DEFINITION_REPRESENTATION(#4035,#4038);
#4034=SHAPE_DEFINITION_REPRESENTATION(#4036,#4039);
#4035=PRODUCT_DEFINITION_SHAPE('',$,#4041);
#4036=PRODUCT_DEFINITION_SHAPE('',$,#4042);
#4037=PRODUCT_DEFINITION_SHAPE($,$,#14);
#4038=SHAPE_REPRESENTATION('',(#2413,#2648),#4026);
#4039=SHAPE_REPRESENTATION('',(#2414),#4027);
#4040=PRODUCT_DEFINITION_CONTEXT('part definition',#4048,'design');
#4041=PRODUCT_DEFINITION('tibia','tibia',#4043,#4040);
#4042=PRODUCT_DEFINITION('coxa','coxa',#4044,#4040);
#4043=PRODUCT_DEFINITION_FORMATION('',$,#4050);
#4044=PRODUCT_DEFINITION_FORMATION('',$,#4051);
#4045=PRODUCT_RELATED_PRODUCT_CATEGORY('tibia','tibia',(#4050));
#4046=PRODUCT_RELATED_PRODUCT_CATEGORY('coxa','coxa',(#4051));
#4047=APPLICATION_PROTOCOL_DEFINITION('international standard',
'automotive_design',2009,#4048);
#4048=APPLICATION_CONTEXT(
'Core Data for Automotive Mechanical Design Process');
#4049=PRODUCT_CONTEXT('part definition',#4048,'mechanical');
#4050=PRODUCT('tibia','tibia',$,(#4049));
#4051=PRODUCT('coxa','coxa',$,(#4049));
#4052=PRESENTATION_STYLE_ASSIGNMENT((#4053));
#4053=SURFACE_STYLE_USAGE(.BOTH.,#4054);
#4054=SURFACE_SIDE_STYLE('',(#4055));
#4055=SURFACE_STYLE_FILL_AREA(#4056);
#4056=FILL_AREA_STYLE('Steel - Satin',(#4057));
#4057=FILL_AREA_STYLE_COLOUR('Steel - Satin',#4058);
#4058=COLOUR_RGB('Steel - Satin',0.627450980392157,0.627450980392157,0.627450980392157);
ENDSEC;
END-ISO-10303-21;
